lr_enc,lr_dec,lr_dyn,lr_dyn_scale,epoch,n_steps,t_total,t_static_recon,t_kl,t_dyn_recon,t_dyn,t_steady,t_z_std,t_dyn_attn,t_attn_pos,v_total,v_static_recon,v_kl,v_dyn_recon,v_dyn,v_steady,v_z_std,v_dyn_attn,v_attn_pos
0.0001,0.001,0.0001,0.0001,1.0,1.0,0.0009854464925334438,0.0004077145722846641,0.06435922070635526,0.0004016884551079286,6.402672956287584e-05,9.863358009159724e-05,0.009846905716579046,0.0006947230745578798,0.0,0.00016142893015347058,6.959013157510485e-05,0.09173349839093464,6.785597992538134e-05,4.811743310089878e-06,2.2274711346994302e-06,0.007405584103322379,0.0007770254513950714,0.0
0.00028000000000000003,0.001,0.00028000000000000003,0.00028000000000000003,2.0,1.0,0.00019301111474861137,8.369321158363694e-05,0.08846663918977798,8.117836437573286e-05,4.467981908965315e-06,7.364241632972293e-06,0.006494318781884124,0.0007460651768661443,0.0,0.00012304311269918793,5.082188083144475e-05,0.10179775214030398,4.9678844014332004e-05,2.3038450382661496e-06,2.607574527607281e-06,0.006440048190534064,0.0007451193895377701,0.0
0.00046000000000000007,0.001,0.00046000000000000007,0.00046000000000000007,3.0,1.0,0.00014976771865841552,6.283437240374631e-05,0.09510126494758536,6.127630373831415e-05,3.886662007824428e-06,4.969743773278411e-06,0.006539774821199116,0.0007290510883811816,0.0,0.00011180937174229111,4.551501699731152e-05,0.1021179327597985,4.554218505201306e-05,1.992583826042656e-06,1.4085688930249437e-06,0.006734777971226384,0.0007139224279953638,0.0
0.00064,0.001,0.00064,0.00064,4.0,1.0,0.0001427003745714546,5.852339585153828e-05,0.09404958794361118,5.732383890996908e-05,5.1286981304490345e-06,5.346654192057052e-06,0.006772350094145216,0.0006972829178878903,0.0,0.00010380861521461075,4.198657736421584e-05,0.09874131546622221,4.221435356927957e-05,2.1571587643291487e-06,9.795986131276748e-07,0.006826437208012661,0.0006596795606745653,0.0
0.0008200000000000001,0.001,0.0008200000000000001,0.0008200000000000001,5.0,1.0,0.0001318551856460395,5.293991997763079e-05,0.09229773779696716,5.228030816713326e-05,6.044899102976491e-06,4.565395454253777e-06,0.007137359559160845,0.0006794889448574361,0.0,0.00010264435975561634,4.104027153019851e-05,0.09797502259499262,4.1754241042330546e-05,2.4127852863204023e-06,1.2215077987001566e-06,0.006999054649971947,0.0006418052525028132,0.0
0.001,0.001,0.001,0.001,6.0,1.0,0.00012601317474271142,5.007592530177774e-05,0.0903385018501221,4.957980814202833e-05,6.883205573371551e-06,3.794868050750341e-06,0.007459005542639437,0.0006645517701391384,0.0,0.0001028775755533757,4.090942243784131e-05,0.09698971997795171,4.164325699961584e-05,2.8168857016510124e-06,1.50614196432089e-06,0.007234596355126763,0.0006302896947284006,0.0
0.001,0.001,0.001,0.001,7.0,1.0,0.0001176169371127588,4.591535964562694e-05,0.08873397769586912,4.547571945116552e-05,7.462993453909253e-06,3.423053452760959e-06,0.007742221479699773,0.000646641388956096,0.0,9.860431877527926e-05,3.8923184369802804e-05,0.0938752699279538,4.015516057790015e-05,2.8059719700527393e-06,1.1628435557247966e-06,0.007213816133648955,0.000616963183502896,0.0
0.001,0.001,0.001,0.001,8.0,1.0,0.00011404555051276762,4.4153876629686745e-05,0.08774604327494301,4.3742109306354816e-05,7.633062125805366e-06,3.3828920726995144e-06,0.007815600008256257,0.0006359006444280287,0.0,7.99500573152401e-05,3.084819605739529e-05,0.09162978713329022,3.1023596454510955e-05,2.6439161604299103e-06,2.9674262644841235e-07,0.007131585122030566,0.0005974627437304251,0.0
0.001,0.001,0.001,0.001,9.0,1.0,9.97177030297132e-05,3.7716007309270386e-05,0.08743904516069086,3.7270615355243154e-05,7.15607375237119e-06,2.5767549944556945e-06,0.007861482147485117,0.0006254347784133175,0.0,9.178417234879966e-05,3.5990896148167635e-05,0.0929626632890726,3.682736671696133e-05,2.778794047589158e-06,9.558192875375303e-07,0.0070624639462863155,0.0005935030392078922,0.0
0.001,0.001,0.001,0.001,10.0,1.0,0.00010328732329817944,3.9277041344184814e-05,0.08813471498335075,3.887177139066581e-05,7.045291525762813e-06,3.0345061949431273e-06,0.008007000671407173,0.0006245241708797604,0.0,7.073783189744118e-05,2.614531944803298e-05,0.09314047411895561,2.638796474851021e-05,2.568274493936433e-06,2.879086378880615e-07,0.007054882695578045,0.000603431749012516,0.0
0.001,0.001,0.001,0.001,11.0,1.0,9.123046452914175e-05,3.336235654024096e-05,0.08870910843426996,3.290875100861984e-05,7.079913634036511e-06,2.700180378099256e-06,0.007979545999373807,0.0006308352209688495,0.0,6.418312371170346e-05,2.3361111408854773e-05,0.0913442236241742,2.313760226679859e-05,2.542555116757401e-06,1.7501829673494415e-07,0.0069029026100526315,0.0005832414695231989,0.0
0.001,0.001,0.001,0.001,12.0,1.0,8.256646524877045e-05,2.98382167091576e-05,0.08693983994633847,2.9339668337531407e-05,6.262652558505315e-06,2.2037034167452673e-06,0.007990397892274313,0.0006228240666795468,0.0,6.252551956328442e-05,2.2764927475687435e-05,0.08706122309664971,2.2562964616852305e-05,2.4285684449859466e-06,2.563256011731967e-07,0.006956493863538101,0.0005806611759093885,0.0
0.001,0.001,0.001,0.001,13.0,1.0,8.405213666506638e-05,3.0244703770149688e-05,0.08522310861296072,2.9776161142307513e-05,7.0429067277251994e-06,2.3712751490207837e-06,0.008040349001239936,0.0006094779912132999,0.0,5.69698880593612e-05,2.004146227813724e-05,0.08554740176699546,1.9869242364341672e-05,2.7921067805115397e-06,1.4049451222230268e-07,0.0069749104961843045,0.00055718426675155,0.0
0.001,0.001,0.001,0.001,14.0,1.0,7.87389731512461e-05,2.7746302765305155e-05,0.08318893668144166,2.7465213817949276e-05,7.208323630425997e-06,2.0279078142940046e-06,0.00806226801566027,0.0005972331858028583,0.0,5.40227720932713e-05,1.8874466699479544e-05,0.0839146909367554,1.8489070181040997e-05,2.7577703485666232e-06,1.2462232750181592e-07,0.006885103617336797,0.0005385373692272123,0.0
0.001,0.001,0.001,0.001,15.0,1.0,7.52227305845351e-05,2.655450466940703e-05,0.08048720356711003,2.6192462105561708e-05,6.825890117919476e-06,1.7441226316991871e-06,0.008065458981737912,0.0005857031176541127,0.0,5.2256289263674065e-05,1.814068685988666e-05,0.0819638334890842,1.7834952592480664e-05,2.640925786706178e-06,1.806016478616224e-07,0.0068916449035125865,0.0005262739285104244,0.0
0.001,0.001,0.001,0.001,16.0,1.0,7.399266970333247e-05,2.56325584109379e-05,0.08004553290460095,2.544429058104146e-05,7.104992581546053e-06,2.058007043218249e-06,0.008111318842279754,0.0005748268028144769,0.0,5.466822521744357e-05,1.9429010611781913e-05,0.0784851252620552,1.938390348863473e-05,2.5264596143629487e-06,1.4820126321344862e-07,0.006973474626988816,0.0005332137927259645,0.0
0.001,0.001,0.001,0.001,17.0,1.0,7.340242234768471e-05,2.5306026594440156e-05,0.07884500393208414,2.5058389021704413e-05,7.181757831164711e-06,2.2881973450586464e-06,0.008079681452819064,0.0005683551735267408,0.0,4.9997326532980894e-05,1.7222619066106953e-05,0.0777869346642556,1.6888568337538156e-05,2.7043635558581997e-06,2.823815357071514e-07,0.006877816064072356,0.0005120700790708629,0.0
0.001,0.001,0.001,0.001,18.0,1.0,7.200304703310855e-05,2.472982572171748e-05,0.07636659737070711,2.466639275483077e-05,7.408842076821196e-06,1.9438802753906565e-06,0.00812388935374987,0.0005617446772254544,0.0,5.240610657000629e-05,1.845185290006321e-05,0.07605293892845576,1.835413406003454e-05,2.580725517279871e-06,2.1175515182639126e-07,0.007125328939694624,0.0005202345344446867,0.0
0.001,0.001,0.001,0.001,19.0,1.0,6.809305606261181e-05,2.3638561110554785e-05,0.07529487156094526,2.3277552407791684e-05,6.387322393442229e-06,1.7129452716124895e-06,0.008172544989467121,0.0005547188133640079,0.0,4.91644529724983e-05,1.7131713783065507e-05,0.07521221010769454,1.6664118320461706e-05,2.612463521387922e-06,2.4950966044713117e-07,0.006979531448337675,0.0004985426888054973,0.0
0.001,0.001,0.001,0.001,20.0,1.0,6.640858050693486e-05,2.283983858467351e-05,0.07443189074208022,2.247669170868116e-05,6.504911480130549e-06,1.6646521605943088e-06,0.008158020340901411,0.0005479298042320923,0.0,4.850535768563372e-05,1.67357774315968e-05,0.07496787992756018,1.6568476275817892e-05,2.4693700807431057e-06,1.8039143883521482e-07,0.007040149763278026,0.0005054555258004505,0.0
0.001,0.001,0.001,0.001,21.0,1.0,6.643150366522453e-05,2.2727099090154933e-05,0.0734797953329269,2.249234554834123e-05,6.760086837292802e-06,1.6795648287411154e-06,0.008146598438435302,0.0005424428220514618,0.0,5.183481696107471e-05,1.832374170433471e-05,0.07373172874170433,1.8253915247820013e-05,2.4028514960575433e-06,3.5407053989714383e-07,0.0071556150990513346,0.0005127065434946068,0.0
0.001,0.001,0.001,0.001,22.0,1.0,6.78086531405154e-05,2.33817113517973e-05,0.0724871430886867,2.312467290869559e-05,6.6920771589187e-06,1.969674818452543e-06,0.008175866196708816,0.0005391802711009478,0.0,5.0091890273788784e-05,1.745598689333416e-05,0.07390773559090591,1.7617483465267123e-05,2.3801272373327335e-06,1.7535077787139163e-07,0.0072051847825276,0.0005072168351600611,0.0
0.001,0.001,0.001,0.001,23.0,1.0,6.350001389609068e-05,2.165428724969518e-05,0.07121217344849291,2.140225966825478e-05,6.489466972083776e-06,1.5083647565433489e-06,0.008210723159530297,0.0005324418284137956,0.0,4.788071484415242e-05,1.6612765630380638e-05,0.07170246403693328,1.64900170009287e-05,2.452806322505641e-06,1.7016633789102603e-07,0.007248559342045257,0.0004984713586374503,0.0
0.001,0.001,0.001,0.001,24.0,1.0,6.316232531159937e-05,2.1582712493313498e-05,0.0710495795993924,2.12263727142392e-05,6.253830155227464e-06,1.7305177673389103e-06,0.008262133707245663,0.0005263934500311297,0.0,4.7169329564134583e-05,1.6223776400344935e-05,0.07218314502500932,1.6075098015631203e-05,2.5021223218305875e-06,2.7102892142702474e-07,0.007225625408538066,0.00048789892165761444,0.0
0.001,0.001,0.001,0.001,25.0,1.0,6.099659988439488e-05,2.0378823566742893e-05,0.07024887778223766,2.0026137796341304e-05,6.645960963243177e-06,1.7286672223495696e-06,0.008201571047130568,0.0005192123068449127,0.0,4.7755818560481224e-05,1.6396176251024873e-05,0.07229675379619582,1.627062610433559e-05,2.7877100144802877e-06,2.7525198276450967e-07,0.007152811283617568,0.00047963790251618265,0.0
0.001,0.001,0.001,0.001,26.0,3.0,8.095350044203821e-05,2.1832487808275138e-05,0.0721117028627586,2.5317484594861775e-05,1.920202282249627e-05,2.298126249700606e-06,0.007056224309049869,0.0005092209292194305,0.0,5.971638629748868e-05,1.9341890568653395e-05,0.07471076774514741,2.133948101873448e-05,6.305121469393533e-06,3.3142236807824456e-07,0.005894480619254356,0.000492739478084311,0.0
0.001,0.001,0.001,0.001,27.0,3.0,7.276087216124504e-05,2.2045438194590754e-05,0.07307243179725624,2.4188145452718134e-05,1.2553211672449843e-05,1.5947458093208125e-06,0.006526362449667326,0.0005072088349527148,0.0,4.911056808566284e-05,1.4950275478331479e-05,0.07630125795754257,1.626654398711495e-05,5.4255509027527685e-06,1.3686134196558055e-07,0.0055137568265328455,0.0004701210866215765,0.0
0.001,0.001,0.001,0.001,28.0,3.0,6.709283152745347e-05,2.0488622580306476e-05,0.07393768216508678,2.2316512435743772e-05,1.036970474940038e-05,1.5030870825329116e-06,0.006291111498762802,0.000502113667637057,0.0,4.895559113177687e-05,1.4818159979453665e-05,0.07703350418687588,1.618740758909685e-05,5.449065292320115e-06,1.9896842603929385e-07,0.005397773340550496,0.0004598640013919208,0.0
0.001,0.001,0.001,0.001,29.0,3.0,7.0600233342428e-05,2.1979198075758687e-05,0.07479839770476611,2.3915549709007376e-05,1.0631216075874356e-05,1.6399155032374223e-06,0.006165242642353408,0.0004954514631216621,0.0,4.790932672680255e-05,1.4680496237457865e-05,0.07641982857070304,1.5729323320229423e-05,5.038373610097572e-06,2.266794569877266e-07,0.005314429544150675,0.00045924714673672745,0.0
0.001,0.001,0.001,0.001,30.0,3.0,6.928666835872533e-05,2.1266683682889578e-05,0.07542082084925113,2.3536007282184668e-05,1.0388931578168438e-05,1.625701451097183e-06,0.006081768068119713,0.0004927262704456582,0.0,4.748840803842325e-05,1.4474221770026799e-05,0.07799334446726529,1.5638859205790827e-05,4.864715783704599e-06,1.7324406869877573e-07,0.005235907941245271,0.00045380331029010293,0.0
0.001,0.001,0.001,0.001,31.0,3.0,6.921916562255428e-05,2.1427830088824985e-05,0.0756169585553603,2.359318212837334e-05,1.0191278228174875e-05,1.55490828542033e-06,0.006007926686457125,0.0004890271516431134,0.0,4.688952665873815e-05,1.4170692795378965e-05,0.07826044957186502,1.543187605096961e-05,4.786811212051218e-06,1.7557048377740963e-07,0.005130484034512562,0.0004498531640742325,0.0
0.001,0.001,0.001,0.001,32.0,3.0,6.520179009450129e-05,2.0177174496685507e-05,0.07567772379455005,2.214704251157317e-05,9.114577693369578e-06,1.35452680523357e-06,0.005864223702650834,0.0004840696558182906,0.0,4.799847782174143e-05,1.479003175618133e-05,0.07872628544875024,1.6125964353223977e-05,4.621260400934374e-06,1.0534964344660599e-07,0.005036731901785476,0.0004483243126682567,0.0
0.001,0.001,0.001,0.001,33.0,3.0,6.832431273784498e-05,2.1233964705207718e-05,0.07643001594959745,2.3318760483286014e-05,9.666429556598232e-06,1.6610138421730858e-06,0.005828063135967111,0.0004801142736581746,0.0,4.733355112211632e-05,1.4395177819747591e-05,0.07770321842093043,1.5926412628515737e-05,4.631625849360591e-06,1.6595236594886796e-07,0.0049842591232450335,0.00044440606928147964,0.0
0.001,0.001,0.001,0.001,34.0,3.0,6.577559837466248e-05,2.0203537156247914e-05,0.07622676174418022,2.25626238735693e-05,9.279331572409076e-06,1.3375487666961325e-06,0.005696553366720565,0.00047698811054158947,0.0,4.792774366593196e-05,1.4488739427883426e-05,0.07831824446610572,1.6106806508424513e-05,4.870480927061255e-06,1.7549783435074494e-07,0.0049432069079285565,0.00044543947662285615,0.0
0.001,0.001,0.001,0.001,35.0,3.0,6.386737077802623e-05,1.9675989274664103e-05,0.07717790329547457,2.142458110027047e-05,8.55564009642923e-06,1.7369402433487612e-06,0.005680089120770392,0.0004756430160374275,0.0,4.689056890036238e-05,1.4417240196012295e-05,0.07773293952748192,1.5644265995362924e-05,4.514717113785882e-06,1.714402704901179e-07,0.004821480202746989,0.00043696116350386727,0.0
0.001,0.001,0.001,0.001,36.0,3.0,6.27529772594057e-05,1.9223171124845572e-05,0.07659631003302052,2.130593640525903e-05,8.596355885861205e-06,1.27885315357152e-06,0.005563389819543767,0.00046890299643695984,0.0,4.950980659622165e-05,1.521854489825806e-05,0.08053849968502207,1.7064208163654023e-05,4.645879913033189e-06,1.6447462203296578e-07,0.004789793438881043,0.00043628496784888296,0.0
0.001,0.001,0.001,0.001,37.0,3.0,6.431780839964292e-05,1.9624419742418466e-05,0.07687599551867365,2.1925435258064187e-05,8.865730744750125e-06,1.5549622570189563e-06,0.005537563114967922,0.0004659660998099949,0.0,5.1307176394136936e-05,1.6009745218129703e-05,0.08006097022170328,1.7997322019920888e-05,4.741989772922107e-06,1.2788006856960082e-07,0.0047762180866098855,0.0004424142714951255,0.0
0.001,0.001,0.001,0.001,38.0,3.0,6.266011998876414e-05,1.934177635720594e-05,0.0770643512387545,2.129937683083346e-05,8.260163462470954e-06,1.4254635161108442e-06,0.0054794190560833395,0.0004626905108406722,0.0,4.754127402706981e-05,1.4498969083130195e-05,0.0801195492493045,1.5940218124508073e-05,4.592845070347645e-06,2.0894294301504137e-07,0.004722499754682325,0.00042883441869516405,0.0
0.001,0.001,0.001,0.001,39.0,3.0,6.327562578066152e-05,1.972940662145576e-05,0.07720642007925803,2.1687186269052612e-05,7.882271055388965e-06,1.6435676950519122e-06,0.0054830929017338085,0.0004612552438586553,0.0,4.943229375708351e-05,1.5296890595574664e-05,0.07888406517697287,1.686544320767451e-05,4.8807742998010365e-06,1.885387537370763e-07,0.004729274633785673,0.00043122406066202154,0.0
0.001,0.001,0.001,0.001,40.0,3.0,6.44891694955671e-05,1.9836235707868257e-05,0.0771804423461145,2.170266470194455e-05,9.102446374963617e-06,1.5874130750854262e-06,0.005451766273794148,0.0004542365621894839,0.0,4.892541211979446e-05,1.5053418387545496e-05,0.07774910469867076,1.682877254952017e-05,4.876630636240677e-06,1.3415629159653462e-07,0.004654965023755666,0.0004257524094808776,0.0
0.001,0.001,0.001,0.001,41.0,3.0,6.231939071710241e-05,1.9302436035616474e-05,0.07739239974738178,2.144979188932569e-05,7.97752320518958e-06,1.3131336811259454e-06,0.00534929850847813,0.0004537266049370778,0.0,5.288006065044288e-05,1.66139657829242e-05,0.08094932230361701,1.9125310262234406e-05,4.599534906577423e-06,1.6168690585694385e-07,0.004633877924647482,0.0004284630580445029,0.0
0.001,0.001,0.001,0.001,42.0,3.0,6.235772302228436e-05,1.9400929668165188e-05,0.07757139598778119,2.144704959070805e-05,7.789669553520091e-06,1.4557453358618494e-06,0.0053114383398048795,0.00045071897397253025,0.0,4.784600031336765e-05,1.4874367808514918e-05,0.07863779805194951,1.6222138247101417e-05,4.586263967668216e-06,9.85653374096467e-08,0.004585732485335916,0.0004200885193997973,0.0
0.001,0.001,0.001,0.001,43.0,3.0,6.185424377539663e-05,1.9071302237414286e-05,0.07764117337970801,2.1033922663473747e-05,7.88033243492386e-06,1.644111503917877e-06,0.005307630774737892,0.00044604577658696607,0.0,4.8212631478384074e-05,1.4936940007943292e-05,0.07905018520231585,1.6612241846329072e-05,4.50808460726378e-06,1.0271434842742861e-07,0.0045359643899039554,0.0004147632209177217,0.0
0.001,0.001,0.001,0.001,44.0,3.0,6.151241396527476e-05,1.8951165498226433e-05,0.07765123586607521,2.0850829930706494e-05,7.961592559535855e-06,1.5403737434852445e-06,0.005328025539554546,0.00044433288491276614,0.0,4.781655655042272e-05,1.5064975479001428e-05,0.07870194614706312,1.6073970290937972e-05,4.4045533818387315e-06,2.535741421567466e-07,0.00460441076810904,0.0004149288999437143,0.0
0.001,0.001,0.001,0.001,45.0,3.0,6.205136951815612e-05,1.9306975179145393e-05,0.07718995420477004,2.1299254925672786e-05,7.867779759415954e-06,1.4749272818672584e-06,0.005281147276557267,0.00043834373187148713,0.0,4.757438821192065e-05,1.4778129004857439e-05,0.07917319971008763,1.6211734196835145e-05,4.3692116106044215e-06,2.2961253932518836e-07,0.004561797509657327,0.00040683812382204384,0.0
0.001,0.001,0.001,0.001,46.0,3.0,6.1004601342697196e-05,1.9011097565221718e-05,0.07738656363460582,2.0896836951592197e-05,7.62875205688153e-06,1.35642460888416e-06,0.005267356952433422,0.00043728341143027863,0.0,5.0306445001087224e-05,1.5680211598366798e-05,0.07941869988251886,1.760503569000675e-05,4.793459061776451e-06,1.8804628800193023e-07,0.004517284271048902,0.0004097822752095801,0.0
0.001,0.001,0.001,0.001,47.0,3.0,6.197774751079513e-05,1.907787618136972e-05,0.07729132129527713,2.1308603239965782e-05,8.084756686606952e-06,1.4411225039565715e-06,0.005248091639968732,0.0004336256847508961,0.0,4.84636651970649e-05,1.5185320077346463e-05,0.07936012860815796,1.6616892871744637e-05,4.46725242698782e-06,1.7425437360717307e-07,0.004590344013985932,0.0004083933187224045,0.0
0.001,0.001,0.001,0.001,48.0,3.0,5.933298653236225e-05,1.815618834114992e-05,0.07732576510014975,2.008151680742044e-05,7.534402072944618e-06,1.5423002505734156e-06,0.005235559844710845,0.000428600261742991,0.0,5.3539384831261865e-05,1.7622199343864957e-05,0.07902930183666167,1.9021827596614147e-05,4.690380898543025e-06,2.609286528558349e-07,0.004619814738045248,0.0004041118541484507,0.0
0.001,0.001,0.001,0.001,49.0,3.0,6.175062350794774e-05,1.928887476557211e-05,0.07730370662557626,2.102024738606609e-05,7.732904518873372e-06,1.7144314788245674e-06,0.005220204290274377,0.000426379480694206,0.0,4.561058474480647e-05,1.3855122728738632e-05,0.07803900626165247,1.51005147241746e-05,4.651261175144605e-06,2.465358495789706e-07,0.00447044607618938,0.00039532499273356724,0.0
0.001,0.001,0.001,0.001,50.0,3.0,6.316068999094246e-05,1.95761343507553e-05,0.07758771779101142,2.174970482508715e-05,8.184129548149406e-06,1.6642315495428508e-06,0.005235911314243249,0.0004227718195759117,0.0,5.129754133461133e-05,1.6297858939900034e-05,0.07872278644488408,1.798405458633947e-05,4.827487855664593e-06,3.090092554401465e-07,0.00455627924228987,0.00040068524370860236,0.0
0.001,0.001,0.001,0.001,51.0,5.0,7.150252607136803e-05,1.981367806793505e-05,0.07821710199678754,2.50122881309225e-05,1.3021751154273415e-05,1.6339951765021353e-06,0.0048543857335835005,0.0004199103623148559,0.0,6.666013233388985e-05,2.0099705268635737e-05,0.08010568686776257,2.5423715682966914e-05,8.632310243261087e-06,4.1411400338711794e-07,0.0041847282717955864,0.00040797187425333013,0.0
0.001,0.001,0.001,0.001,52.0,5.0,7.314182348161552e-05,2.1446128120677426e-05,0.07894055550200366,2.600852764152829e-05,1.154442490180456e-05,2.0638760165025007e-06,0.004612962139166077,0.00041848117354334404,0.0,5.3766127133439315e-05,1.4861091553542361e-05,0.08105101545205277,1.921117880292144e-05,7.499505549490178e-06,2.2718325652433937e-07,0.0038965654920854235,0.000386206684697479,0.0
0.001,0.001,0.001,0.001,53.0,5.0,7.109181570975801e-05,2.0898527227829563e-05,0.07949197717695838,2.5852816173891715e-05,1.0655838964419602e-05,1.5962948873778564e-06,0.00444805403037137,0.0004139140894276169,0.0,5.6568891024681864e-05,1.6854974441003905e-05,0.0803508436308921,2.0409213750394863e-05,7.10125191694821e-06,2.539991480679369e-07,0.003851733019924823,0.0003914368032399716,0.0
0.001,0.001,0.001,0.001,54.0,5.0,6.770798085029593e-05,1.986450270591406e-05,0.07950329318824147,2.465259170679326e-05,9.68231457081015e-06,1.4309830237822596e-06,0.004339823144865411,0.00041272598565306054,0.0,5.6501213626325525e-05,1.635573665311503e-05,0.08123582655639615,2.0853866463156407e-05,7.01103558557632e-06,2.2887903307645868e-07,0.0037328535054996287,0.0003928113313962914,0.0
0.001,0.001,0.001,0.001,55.0,5.0,7.195611308733678e-05,2.160520587149221e-05,0.08060137788466498,2.6187920134863063e-05,1.0296707045958605e-05,1.6934800676512321e-06,0.0042763842158938265,0.0004112662496348243,0.0,5.256678435931147e-05,1.4726461837134709e-05,0.08207578868214797,1.885156612283586e-05,6.754783575406385e-06,2.55642119933475e-07,0.0036793817720128835,0.00037707521015892487,0.0
0.001,0.001,0.001,0.001,56.0,5.0,6.794642766611131e-05,1.9915851275536263e-05,0.08038707626480643,2.48253359756047e-05,9.622432446549236e-06,1.4901980498015127e-06,0.004210450373037956,0.0004053902617432782,0.0,5.5465829324884006e-05,1.608469026837765e-05,0.08190730626251333,2.0282922215382334e-05,6.723490852181084e-06,3.7670534796091997e-07,0.0036396333197568033,0.0003807290182048463,0.0
0.001,0.001,0.001,0.001,57.0,5.0,6.988331012253648e-05,2.1111523025939627e-05,0.08046970959662335,2.5631901048282915e-05,9.635127773633139e-06,1.4371406096076212e-06,0.004131283526432379,0.00040206471038756175,0.0,5.6184411092959955e-05,1.6313134850642857e-05,0.0825154633489063,2.0717433796524027e-05,6.787536522442946e-06,3.3523611951025586e-07,0.0035657175698268484,0.00037795236987619627,0.0
0.001,0.001,0.001,0.001,58.0,5.0,6.792819525977636e-05,2.009037072018719e-05,0.08083007468393101,2.4644861225191304e-05,9.60462963150332e-06,1.4932743078241464e-06,0.004062916070093248,0.0004012052409129821,0.0,5.59175761387677e-05,1.7083124977421995e-05,0.08182762834978392,2.044022244950853e-05,6.07450319754237e-06,3.7873578662878673e-07,0.0035563198835069803,0.00037582269421490447,0.0
0.001,0.001,0.001,0.001,59.0,5.0,6.926979500166827e-05,2.0961490526257364e-05,0.08083769106303998,2.553398065883827e-05,9.244577273240896e-06,1.481958921464724e-06,0.004034243019533738,0.0003964018954384682,0.0,5.4242127198064276e-05,1.5699410665207887e-05,0.08205891384476717,1.986319863134005e-05,6.468065371851589e-06,3.220727987037045e-07,0.003496805048171775,0.0003683488528405589,0.0
0.001,0.001,0.001,0.001,60.0,5.0,6.691222308070475e-05,1.9985739641196424e-05,0.08014375114198771,2.4873624121915818e-05,8.780911666369035e-06,1.3379018599696384e-06,0.004020069934082992,0.0003919670833360632,0.0,5.407888789436045e-05,1.56317097268962e-05,0.0815728602475304,1.9681836060179794e-05,6.562203333147187e-06,4.3698685744138096e-07,0.0034672071434422207,0.00036088659826206493,0.0
0.001,0.001,0.001,0.001,61.0,5.0,6.62328856595441e-05,1.945617964297303e-05,0.0801200263584772,2.4485414589359134e-05,9.023949308712178e-06,1.3879983955543882e-06,0.0039963308497484515,0.0003867341293669687,0.0,5.4214373136352985e-05,1.5954105784739133e-05,0.08201736209200906,2.00067205143927e-05,6.092107104809645e-06,3.3259965492668117e-07,0.003442674528327654,0.0003627104010920353,0.0
0.001,0.001,0.001,0.001,62.0,5.0,6.879920040323236e-05,2.0668284860906e-05,0.0807252662153067,2.5112943688070707e-05,9.607250158457334e-06,1.489235189464457e-06,0.003949190822643862,0.0003848960168054306,0.0,5.651459469093298e-05,1.7225798827805497e-05,0.08227253776742346,2.0439828532181846e-05,6.409575160530197e-06,5.4947613471864e-07,0.003453458334957616,0.0003662662600078954,0.0
0.001,0.001,0.001,0.001,63.0,5.0,6.59170942983588e-05,1.9901110683235504e-05,0.08087186626463075,2.4154973486583926e-05,8.583307800714293e-06,1.3500943926067104e-06,0.0039245932237718965,0.000384042160286505,0.0,5.902580838852104e-05,1.79972860363172e-05,0.0832193077074214,2.1785647031633678e-05,6.705737550583042e-06,6.314913576132937e-07,0.0034359280098883263,0.000358371582577913,0.0
0.001,0.001,0.001,0.001,64.0,5.0,6.690148016829979e-05,1.96154559906195e-05,0.08085922597116083,2.501421229123624e-05,9.155291239097949e-06,1.2781685733767617e-06,0.003874870150148706,0.0003752429635158045,0.0,5.779322483291079e-05,1.7149322056418302e-05,0.08321478192725879,2.141645249078087e-05,6.9546788489644165e-06,4.1293578454243603e-07,0.003327698104708176,0.0003538357956027459,0.0
0.001,0.001,0.001,0.001,65.0,5.0,6.487286799473953e-05,1.961258082485172e-05,0.08073501499844044,2.420929456151588e-05,8.079812337079819e-06,1.1581116489390837e-06,0.0038351270548721782,0.0003739567373875248,0.0,5.613983919290228e-05,1.681572983737986e-05,0.08256001112372481,2.0800813318265628e-05,6.369625828805057e-06,3.615521125872388e-07,0.0033574858446933117,0.00035361172742566114,0.0
0.001,0.001,0.001,0.001,66.0,5.0,6.62427260411058e-05,1.9843858312259906e-05,0.08060628959977457,2.4658423821067224e-05,8.696280949669265e-06,1.2869821738675046e-06,0.003811524109818046,0.00036965519646286994,0.0,5.4376110071149334e-05,1.6212999952481413e-05,0.08239314377359408,1.984694482749183e-05,6.104966378864721e-06,4.496847157406356e-07,0.00328622509096729,0.0003522200081121119,0.0
0.001,0.001,0.001,0.001,67.0,5.0,6.672169248400304e-05,2.009528035934565e-05,0.0810230719508977,2.485707339828357e-05,8.611824887336569e-06,1.3731014245009733e-06,0.003774503102808678,0.0003682105345806598,0.0,5.4894351151052626e-05,1.665242826826953e-05,0.08233515316799167,2.0028408062500418e-05,6.18977318942913e-06,3.029592080534192e-07,0.0032730105710549917,0.0003487267578242052,0.0
0.001,0.001,0.001,0.001,68.0,5.0,6.436335790447746e-05,1.9247961982599648e-05,0.08099021007690034,2.3847621062125268e-05,8.233170069020745e-06,1.2927846561881882e-06,0.003775020821458185,0.0003642799374692846,0.0,5.638750265279983e-05,1.734143962645986e-05,0.08226608539719775,1.9404107502314714e-05,7.281490951650128e-06,6.806217744264313e-07,0.003272929569334436,0.000345323439227665,0.0
0.001,0.001,0.001,0.001,69.0,5.0,6.49828826231832e-05,1.960737553527942e-05,0.080808455223866,2.4240931039790282e-05,8.23320300939274e-06,1.2024279089236138e-06,0.003747989225515087,0.000361810021794279,0.0,5.505110718662647e-05,1.70623188719608e-05,0.08122318081538432,2.0336268168830115e-05,5.737879622247356e-06,4.0320763062878183e-07,0.0032538509160576446,0.00033891150622118293,0.0
0.001,0.001,0.001,0.001,70.0,5.0,6.496722242283346e-05,1.9432288713140017e-05,0.08070126086282678,2.4273612902246523e-05,8.40644090162001e-06,1.2142379909007735e-06,0.0037459947509145574,0.0003570516368649083,0.0,5.416269154406001e-05,1.649032929326762e-05,0.08319742412225069,1.9138507934349273e-05,6.3028543476998524e-06,5.185778464537846e-07,0.003234354793613289,0.00033926800168167665,0.0
0.001,0.001,0.001,0.001,71.0,5.0,6.607600043594246e-05,2.036738114808491e-05,0.08137366545715233,2.4660023712383942e-05,8.01820873772693e-06,1.3271690281026687e-06,0.0037592995518085483,0.0003565851737828337,0.0,5.7426393802306725e-05,1.763709962936555e-05,0.08255747259435926,2.1180822185038744e-05,6.545438275364553e-06,4.5643174716012946e-07,0.0032716103078428795,0.00033508552212788107,0.0
0.001,0.001,0.001,0.001,72.0,5.0,6.530758058115314e-05,1.9418281831816937e-05,0.08095087732263698,2.4309541409762543e-05,8.744238102960132e-06,1.2314685494592574e-06,0.0037561541721106047,0.0003508963327591004,0.0,5.360934940834273e-05,1.636964760018364e-05,0.08234601831683437,1.8982705800715482e-05,6.242349497331496e-06,4.93897436236578e-07,0.003208000635504465,0.0003286147414529157,0.0
0.001,0.001,0.001,0.001,73.0,5.0,6.45991844636249e-05,1.980414299220562e-05,0.08145244858748639,2.4114157719262177e-05,7.893319154267444e-06,1.1510327034871727e-06,0.003721642558119555,0.00034912871824507543,0.0,5.338673386959256e-05,1.6340278613896456e-05,0.08278894514592433,1.87280462465933e-05,6.2504151182179334e-06,5.511527512555928e-07,0.0032150478866160587,0.0003237946531691089,0.0
0.001,0.001,0.001,0.001,74.0,5.0,6.308935506778052e-05,1.8821846975949955e-05,0.08103599469384339,2.3596303731558593e-05,7.854400393569284e-06,1.2621876302965435e-06,0.0037098189266508985,0.00034510170790931884,0.0,5.3425553813868494e-05,1.61586391633068e-05,0.08034762729831883,1.9342850837842444e-05,6.116898660467536e-06,5.388063475121831e-07,0.003210027988713521,0.00032335958745336206,0.0
0.001,0.001,0.001,0.001,75.0,5.0,6.457175063220138e-05,1.949862892183822e-05,0.08112486025550397,2.4138449298057192e-05,8.039616017961692e-06,1.340806773911006e-06,0.003729210807818209,0.0003441763874460933,0.0,5.659868341101681e-05,1.785505990572829e-05,0.08253925729642785,2.0933187229978606e-05,5.805425999127112e-06,5.256846398221185e-07,0.003237001042468546,0.00032254003327220754,0.0
0.001,0.001,0.001,0.001,76.0,5.0,6.737238723374858e-05,2.058735430024605e-05,0.08055237512245116,2.5253435116104605e-05,8.77917055423965e-06,1.301926790211386e-06,0.0037323853401944425,0.00033952632727045183,0.0,5.111498277870433e-05,1.5456332104093845e-05,0.08255357729945599,1.7855294234640658e-05,5.895244991365545e-06,4.999371608191361e-07,0.003171868160666452,0.000315281679840616,0.0
0.001,0.001,0.001,0.001,77.0,5.0,6.627106228780943e-05,2.0079537213943867e-05,0.08169066596529008,2.493994837051867e-05,8.3407083258137e-06,1.365338738762994e-06,0.003705801791992596,0.000337646329467605,0.0,5.271512723087946e-05,1.5960940418106604e-05,0.08346506886267929,1.824700635660769e-05,6.341913292955359e-06,6.707185523139073e-07,0.0031733702523706283,0.0003148041831926332,0.0
0.001,0.001,0.001,0.001,78.0,5.0,6.419238622332352e-05,1.929871199528669e-05,0.08096530592611255,2.396165556232217e-05,8.171132896621774e-06,1.317479947056343e-06,0.0036890045915680763,0.0003346875318410922,0.0,5.874756200351956e-05,1.8495772589443215e-05,0.08339411308771594,2.086352744917661e-05,7.390630709295981e-06,4.855198937462584e-07,0.003232620497915955,0.00031727002276081106,0.0
0.001,0.001,0.001,0.001,79.0,5.0,6.34826069234743e-05,1.9433787616421286e-05,0.08095448101678746,2.368435744980943e-05,7.813754344675503e-06,1.132065520728558e-06,0.003692242453778757,0.00033231940071341907,0.0,5.368273213849658e-05,1.579135851688289e-05,0.0822595883363676,1.9082301238815557e-05,6.829297618316187e-06,6.134925036474145e-07,0.0032114709213105583,0.0003140323748641028,0.0
0.001,0.001,0.001,0.001,80.0,5.0,6.253105078512224e-05,1.885532225759681e-05,0.08085926826967323,2.3565687017824993e-05,7.703624737968637e-06,1.049472125495703e-06,0.0037076693211452287,0.0003271018095480385,0.0,5.51147786326374e-05,1.6111910119470627e-05,0.08177448923771198,2.010728267382747e-05,7.057532435886775e-06,5.684620985793508e-07,0.0031944178254081964,0.00030921423930393863,0.0
0.001,0.001,0.001,0.001,81.0,5.0,6.44160179064497e-05,1.92607878754345e-05,0.08144628679290918,2.41151843307226e-05,8.362649634087634e-06,1.2810402367264101e-06,0.00366499256051336,0.00032517276513852305,0.0,5.501684445696428e-05,1.68303663945715e-05,0.08198599029226146,1.91798253935246e-05,7.148471288479852e-06,5.784668061904544e-07,0.0031406263939154078,0.000308111532950088,0.0
0.001,0.001,0.001,0.001,82.0,5.0,6.282969213423331e-05,1.913126615817112e-05,0.08106550864187233,2.3523757390246418e-05,7.68005326562536e-06,1.1556719244943208e-06,0.0036588456057152353,0.0003232392994262758,0.0,5.5436500556028046e-05,1.6949802891148738e-05,0.08198797604907868,2.0040379658721444e-05,6.568820440654468e-06,6.416870202008035e-07,0.0031570476409798053,0.0003037013198973896,0.0
0.001,0.001,0.001,0.001,83.0,5.0,6.362112907027322e-05,1.9012195845090657e-05,0.08132696402252906,2.3921528620703478e-05,8.06131393632925e-06,1.2978000716551493e-06,0.003658962802879106,0.0003195594608029458,0.0,5.582644060028108e-05,1.7592492250367628e-05,0.08237736739778477,2.0222836513154356e-05,6.31968075923257e-06,4.236576212581265e-07,0.003170507648507376,0.0003030037247266318,0.0
0.001,0.001,0.001,0.001,84.0,5.0,6.219760315489453e-05,1.8623122202701223e-05,0.08145152750646645,2.3266770667153724e-05,7.735806838269888e-06,1.244275638262062e-06,0.00365531531551154,0.0003182475455255458,0.0,5.9415240197387336e-05,1.8826064644462904e-05,0.08296691348764952,2.0826290491041195e-05,7.404258041800703e-06,1.097921405536748e-06,0.0031537372778292967,0.00029640145191432574,0.0
0.001,0.001,0.001,0.001,85.0,5.0,6.169678840177378e-05,1.8401766416357887e-05,0.08123242830921683,2.3012962840228858e-05,7.788618839209435e-06,1.2251236881331035e-06,0.003658208903783093,0.0003145074375299936,0.0,5.2542259061961396e-05,1.5996928153432886e-05,0.08260652129260651,1.8249931068321838e-05,6.46689826945722e-06,6.361051350152938e-07,0.0031533059684194257,0.0002931744605348089,0.0
0.001,0.001,0.001,0.001,86.0,5.0,6.260725442747745e-05,1.872665522410521e-05,0.08090502055736348,2.3606793321498477e-05,7.808897623191605e-06,1.2551199414414923e-06,0.0036658256143554517,0.00031192866474117107,0.0,5.240775352105854e-05,1.5811634656558435e-05,0.08238683021470403,1.828014664246291e-05,6.73568634642429e-06,4.356789742874468e-07,0.0031420816582858613,0.0002905924285645496,0.0
0.001,0.001,0.001,0.001,87.0,5.0,6.329769735966136e-05,1.931299455523633e-05,0.08134982754057737,2.3702895802880402e-05,7.86911676842707e-06,1.17084476051495e-06,0.0036864020108471444,0.0003106862754102503,0.0,5.533779160092024e-05,1.7133111705507095e-05,0.08262060679231312,1.9082379626725374e-05,7.149339788710195e-06,7.860860888830723e-07,0.0031927484655132968,0.0002924814239495885,0.0
0.001,0.001,0.001,0.001,88.0,5.0,6.187259040135371e-05,1.8275825593640212e-05,0.08139530649795959,2.33325838513224e-05,7.911286238671406e-06,1.1478251597532513e-06,0.003684992480985137,0.00030655393193565825,0.0,5.7054462558094834e-05,1.8229216577354603e-05,0.08178796336479814,2.0087572786968195e-05,6.984549577223494e-06,6.870606138974439e-07,0.0031839022082868276,0.0002887267303178546,0.0
0.001,0.001,0.001,0.001,89.0,5.0,6.336683011945224e-05,1.9081649844080266e-05,0.08147603131548738,2.3967444731721e-05,7.950258245701382e-06,1.1610278946461726e-06,0.003666226571754693,0.00030588464721267297,0.0,5.472103890975174e-05,1.7091240451313286e-05,0.08296993547404956,1.9195151215638723e-05,6.7393947389479175e-06,4.940212991762658e-07,0.0031910427687440127,0.0002904238068947831,0.0
0.001,0.001,0.001,0.001,90.0,5.0,6.242124256345607e-05,1.8579902058522086e-05,0.08171531913932288,2.3493678994981033e-05,7.951297441383615e-06,1.2024339455562005e-06,0.0036750082457388555,0.00030223986117835984,0.0,5.370211585555845e-05,1.6655321266367214e-05,0.08225025974581132,1.8474829709185017e-05,6.837539337854274e-06,6.644778394247789e-07,0.003140063891179261,0.00028449222498815654,0.0
0.001,0.001,0.001,0.001,91.0,5.0,6.193031563489056e-05,1.8317163532822203e-05,0.08157728952982962,2.3234182932645406e-05,8.039897257044929e-06,1.1826600652263113e-06,0.0036451261551864902,0.0002998683089496998,0.0,5.6632936890088116e-05,1.7666770335214007e-05,0.08176759397973248,2.0282740483090968e-05,6.902279065572607e-06,7.999605197787122e-07,0.003111546671592736,0.0002804427692582533,0.0
0.001,0.001,0.001,0.001,92.0,5.0,6.118175587442274e-05,1.8076916062246042e-05,0.08125419214322384,2.332332980667975e-05,7.67310262671902e-06,1.0130479743400548e-06,0.0036313603513035567,0.00029699402376323435,0.0,5.752677865508121e-05,1.845567671292775e-05,0.08270700709924887,2.0825573923983897e-05,6.449538665672988e-06,7.362557374854281e-07,0.0031369248656242083,0.0002789033119460687,0.0
0.001,0.001,0.001,0.001,93.0,5.0,6.045309013352693e-05,1.7941746501051898e-05,0.08162972180751453,2.2401679275273482e-05,7.772165577548774e-06,1.2155206782274483e-06,0.0036255456451861436,0.000295900607786956,0.0,5.490446739223147e-05,1.7108567191642353e-05,0.08327177084512306,1.9434066784464796e-05,6.6795328826643125e-06,5.300451146958336e-07,0.0031426079102768504,0.0002825078698587117,0.0
0.001,0.001,0.001,0.001,94.0,5.0,6.179434193838283e-05,1.8727944324074607e-05,0.08179667008173967,2.301194424370124e-05,7.533012304089596e-06,1.4056869598947848e-06,0.0036204159970218593,0.0002936087481655036,0.0,5.571279761954166e-05,1.7802876681121598e-05,0.08276372491128504,1.967758637897591e-05,6.681429471342794e-06,5.267725393381014e-07,0.0031124475744513467,0.00027477606194147757,0.0
0.001,0.001,0.001,0.001,95.0,5.0,6.118171982737004e-05,1.8169243285241997e-05,0.08164675192406484,2.3128030519724754e-05,7.708258115009851e-06,1.0848431198593981e-06,0.0036330237621999707,0.00029266696458572723,0.0,5.3860459735247975e-05,1.6968202866669106e-05,0.08248180287504567,1.90003387302574e-05,6.373866346672952e-06,5.495580576307703e-07,0.0031424264826827144,0.00027203137350504915,0.0
0.001,0.001,0.001,0.001,96.0,5.0,5.963664774153336e-05,1.803670705920096e-05,0.08133364261502414,2.236246145081099e-05,7.143843247264726e-06,1.0775915287300042e-06,0.0036339439309408745,0.0002882680385325861,0.0,5.653733197672497e-05,1.760146396989319e-05,0.08335002347530737,2.0331325091066624e-05,6.90056034226085e-06,6.665770221750015e-07,0.003157665958674745,0.0002702403373999381,0.0
0.001,0.001,0.001,0.001,97.0,5.0,5.918238327634536e-05,1.749879927271375e-05,0.0811069135466766,2.230609917309723e-05,7.357600697107708e-06,1.0397450627397242e-06,0.003626685752868588,0.00028694478561593875,0.0,5.9130126987465205e-05,1.9896530261674377e-05,0.08171716826994459,2.1198287124541996e-05,6.383568743590532e-06,7.591691975892809e-07,0.0031330417237963363,0.00027208550470537453,0.0
0.001,0.001,0.001,0.001,98.0,5.0,5.983899125684638e-05,1.792499988177814e-05,0.08154253057270323,2.214204514721515e-05,7.466112586858645e-06,1.3068466468074095e-06,0.003595894278713867,0.0002844734213078151,0.0,5.617128854180592e-05,1.718309749658469e-05,0.08274197854043702,1.9838572302256155e-05,7.590626739066758e-06,6.078683316747532e-07,0.0031148078493200815,0.00026769259683554386,0.0
0.001,0.001,0.001,0.001,99.0,5.0,6.0885047039779275e-05,1.8269779763220035e-05,0.08179607665318858,2.286312329286563e-05,7.548968422461444e-06,1.1947225031845536e-06,0.0035888110285852326,0.000282884562359689,0.0,5.725475674805609e-05,1.8234608741119936e-05,0.08333525084789807,2.1054626996722515e-05,6.4143902212153335e-06,5.317414221468156e-07,0.003102874558003637,0.0002685864706914719,0.0
0.001,0.001,0.001,0.001,100.0,5.0,5.890299975127027e-05,1.748284785147754e-05,0.08194434574848797,2.196993342780469e-05,7.4186915486345455e-06,1.0142607649070187e-06,0.0036054965045137777,0.0002822831756369481,0.0,5.954988959724125e-05,1.97068322022295e-05,0.0826244178576622,2.106611276084029e-05,7.289924120019459e-06,5.779343738818984e-07,0.0031397556708988796,0.00026466448163919956,0.0
0.001,0.001,0.001,0.001,101.0,10.0,7.457457900533881e-05,1.8814387291414494e-05,0.08180037927744774,3.086769871066339e-05,1.2923170853575355e-05,9.870689066297297e-07,0.0034779776090489954,0.00028022153294988045,0.0,6.524058667042375e-05,1.7775511549560454e-05,0.08388237588133367,2.5482261816751064e-05,9.96890370614889e-06,9.560850951693345e-07,0.00296207658453461,0.0002669587280805896,0.0
0.001,0.001,0.001,0.001,102.0,10.0,7.127599723127985e-05,1.863428765915632e-05,0.08226467876501818,3.0383880931785073e-05,1.0514965663252837e-05,7.219998794384966e-07,0.0033484526156271456,0.0002794395368928345,0.0,5.6704241706343984e-05,1.3973132668998698e-05,0.08283719355981656,2.244360049916675e-05,8.614583808754533e-06,8.021383240337506e-07,0.0028203124668655408,0.000258706778434011,0.0
0.001,0.001,0.001,0.001,103.0,10.0,7.169300338874445e-05,1.9128263110387715e-05,0.08261672101464278,3.06828793120439e-05,1.0111732400381753e-05,7.355008780040161e-07,0.0032532692488081365,0.000277295580558892,0.0,5.932352394722587e-05,1.6484373677123654e-05,0.08217968172989915,2.292487612605051e-05,8.299513210910678e-06,8.317563370447655e-07,0.0027404033234922996,0.00025650367383117255,0.0
0.001,0.001,0.001,0.001,104.0,10.0,6.985419483088896e-05,1.8683965215226705e-05,0.0826193822337937,3.0214391559595514e-05,9.267575551171882e-06,6.643245298840449e-07,0.003190859438602073,0.0002762000113460826,0.0,6.227178543941625e-05,1.7591431702278307e-05,0.08331326867057377,2.486516856957508e-05,8.098718797847869e-06,7.837842443720286e-07,0.0027298834001658334,0.0002601356106729909,0.0
0.001,0.001,0.001,0.001,105.0,10.0,7.0560588169987e-05,1.8491278803638762e-05,0.08303502993118576,3.0992434651820176e-05,9.369436010615527e-06,6.665501709121674e-07,0.0031451681462135632,0.0002737385845102482,0.0,5.97960394761339e-05,1.7068516658220756e-05,0.08259253680809146,2.4109650855050318e-05,7.1988904988335286e-06,5.789114412975046e-07,0.002699146921356502,0.00025808166123748996,0.0
0.001,0.001,0.001,0.001,106.0,10.0,6.931159549903137e-05,1.8778963635634553e-05,0.08334193758149094,2.9845322433223075e-05,8.895128671991685e-06,7.171663759938147e-07,0.0031334996375999343,0.00027408208697735553,0.0,5.364373795613429e-05,1.4016915473296563e-05,0.08425811165138099,2.1808967037714742e-05,6.48256534839102e-06,3.5922527522998404e-07,0.002683431104270284,0.0002550253670064049,0.0
0.001,0.001,0.001,0.001,107.0,10.0,6.857223600015925e-05,1.8407411157968595e-05,0.08299811336996167,2.980663928787424e-05,8.734302759290501e-06,6.166574663998685e-07,0.0031029279470195783,0.0002707414088434573,0.0,5.2362016415931234e-05,1.3416928965465917e-05,0.08365653560957693,2.1382834134393247e-05,6.2742895983111906e-06,4.215322554496024e-07,0.0026596500256314717,0.00025007783547923964,0.0
0.001,0.001,0.001,0.001,108.0,10.0,6.979932086788532e-05,1.884494169597832e-05,0.08348075379004069,3.0379550268487973e-05,8.847015224243661e-06,6.888586953859787e-07,0.0030947296210340754,0.0002690879663933991,0.0,5.458527102179835e-05,1.416034294826522e-05,0.08362832106005362,2.2587337427347405e-05,6.607154459208473e-06,3.629328264479608e-07,0.0026446213235975496,0.000250467129020366,0.0
0.001,0.001,0.001,0.001,109.0,10.0,7.051673368478511e-05,1.9447716532716907e-05,0.08336414944613271,3.0385265348548382e-05,9.010124754175943e-06,6.331225641375123e-07,0.0030763994636014255,0.00027040896994424187,0.0,5.62685745346596e-05,1.609399376503181e-05,0.08368828451860322,2.25597458481914e-05,6.437042214573288e-06,3.118911972210314e-07,0.00261413484286504,0.000249707302881528,0.0
0.001,0.001,0.001,0.001,110.0,10.0,6.648319651140057e-05,1.7827849172928705e-05,0.08354079464788533,2.8905713062231306e-05,8.124165668198351e-06,5.848067119838246e-07,0.0030445375072900055,0.00026865824688902156,0.0,6.407674115089132e-05,1.915000655313873e-05,0.0830815090801064,2.645304121558583e-05,7.019743305507567e-06,5.597469178698598e-07,0.0026645595526039135,0.0002586052534601467,0.0
0.001,0.001,0.001,0.001,111.0,10.0,6.862011122816174e-05,1.8667015191458717e-05,0.08354720245390798,2.9908525143694076e-05,8.358937080866818e-06,6.73083613695972e-07,0.003039453908286274,0.0002657830014738662,0.0,5.51033070941164e-05,1.4668641364500797e-05,0.08442819409820035,2.319543788752082e-05,5.983561422782797e-06,3.0835932845664524e-07,0.002617617317388369,0.0002504487904727259,0.0
0.001,0.001,0.001,0.001,112.0,10.0,6.808312106156577e-05,1.8043345381849778e-05,0.08338749850834115,3.0057891249697657e-05,8.407359274157987e-06,6.023288527816293e-07,0.002997799733049051,0.0002633446727545945,0.0,5.7846193529534955e-05,1.654378455074844e-05,0.08290378602421407,2.3693885622501463e-05,6.37542476557856e-06,4.655266643897741e-07,0.002586900047912781,0.0002477193762155316,0.0
0.001,0.001,0.001,0.001,113.0,10.0,6.791241361435661e-05,1.863614983242272e-05,0.08384276055938043,2.9281254631073537e-05,8.233203967118595e-06,7.287432030000504e-07,0.0030024341991563334,0.0002648786429959827,0.0,5.400452680037249e-05,1.4483302178613702e-05,0.08428091692470761,2.251327654209512e-05,5.895912570835598e-06,2.3392617516251717e-07,0.0025899687743259135,0.00024500180665086585,0.0
0.001,0.001,0.001,0.001,114.0,10.0,6.800294127985203e-05,1.8561152500444802e-05,0.0833357002704161,2.959556567449849e-05,8.265524007009458e-06,6.133930980070573e-07,0.003018251810844635,0.000263373628961785,0.0,5.3280781411523945e-05,1.4519954649875525e-05,0.08346419863944235,2.1041676142435962e-05,6.349601397147648e-06,5.870910204491455e-07,0.002573946591991944,0.0002436038584098547,0.0
0.001,0.001,0.001,0.001,115.0,10.0,6.772570018615421e-05,1.8776740910475287e-05,0.08326783614556499,2.9167037557228344e-05,8.178224824391355e-06,6.495851271325108e-07,0.0029974495991309776,0.0002627328338491918,0.0,5.3710640764041564e-05,1.4521717662869865e-05,0.0838643945366866,2.1675583174891815e-05,6.2827793245972575e-06,3.9274975198863744e-07,0.002585048515794341,0.00024513717430652194,0.0
0.001,0.001,0.001,0.001,116.0,10.0,6.734909236150299e-05,1.8340571250510535e-05,0.08257036035739217,2.943430652541732e-05,8.08782529182656e-06,6.201844315192597e-07,0.003000313469405074,0.0002609169103114307,0.0,5.280744664503542e-05,1.3720229524482307e-05,0.08278734572102867,2.1782950055091868e-05,6.218717804494785e-06,3.87782953626578e-07,0.002588245428367083,0.00024190321654805617,0.0
0.001,0.001,0.001,0.001,117.0,10.0,6.708244777035688e-05,1.8490328171209968e-05,0.08199520938120367,2.9082895636001806e-05,8.078300382189672e-06,6.296524568547367e-07,0.0029927035714418775,0.0002601750316763913,0.0,5.314631861812599e-05,1.462773029287082e-05,0.0824896459400035,2.1730354896210923e-05,5.7756561045450314e-06,3.121325349052014e-07,0.002577169685121819,0.00024514805650818696,0.0
0.001,0.001,0.001,0.001,118.0,10.0,6.635564485070652e-05,1.821504430637618e-05,0.0812111448866181,2.8913191926907214e-05,7.859487612323703e-06,6.736804139774059e-07,0.0029861414816878267,0.00025731264678016853,0.0,5.2032133655591985e-05,1.3022070979975627e-05,0.08190963329637752,2.2593435236854256e-05,5.506356043140173e-06,2.958883919824534e-07,0.0025741390281302087,0.00024234196452132287,0.0
0.001,0.001,0.001,0.001,119.0,10.0,6.794342849912688e-05,1.859535482362168e-05,0.08017016886853344,3.001114246880248e-05,8.092644922185063e-06,6.611562634294026e-07,0.0029672444241462485,0.00025661134116420985,0.0,5.173220486722759e-05,1.3654474462697704e-05,0.08011425621678672,2.1333855546576455e-05,5.902763669132504e-06,4.1966085887249225e-07,0.00257079588341169,0.00024100250726298648,0.0
0.001,0.001,0.001,0.001,120.0,10.0,6.539054344328493e-05,1.844759986847972e-05,0.07905708656090527,2.8484559315203633e-05,7.3624081038387476e-06,6.129129797160335e-07,0.002990449013295699,0.00025773548749347325,0.0,5.147685128907435e-05,1.3146495129618025e-05,0.07952245943583419,2.2080270726568867e-05,5.601139529537697e-06,2.886767810200754e-07,0.0025781995901244994,0.0002408023575144807,0.0
0.001,0.001,0.001,0.001,121.0,10.0,6.556980882384581e-05,1.825323647139841e-05,0.07791519358885778,2.8730446441236502e-05,7.638943379672586e-06,5.933491723637749e-07,0.0029886109145502455,0.0002562314337536085,0.0,5.4739723400983015e-05,1.4652575200387747e-05,0.07863531839166958,2.301723052085964e-05,6.31181418176094e-06,4.732946560806463e-07,0.0026262029534154232,0.00024212773072180438,0.0
0.001,0.001,0.001,0.001,122.0,10.0,6.760667650594609e-05,1.8508053387227507e-05,0.0768146197074127,3.0071268650725246e-05,8.195113068451292e-06,5.996849519691666e-07,0.0029844654396613862,0.0002551094783600101,0.0,4.857557976273393e-05,1.1836349758879277e-05,0.07672345462967367,2.12701446567439e-05,5.259655516380373e-06,1.9714628460758415e-07,0.0025459573532464336,0.00023399381797890032,0.0
0.001,0.001,0.001,0.001,123.0,10.0,6.604407281618211e-05,1.8305621520944447e-05,0.07574152503393962,2.9199776803859846e-05,7.82836654570527e-06,5.997678661589234e-07,0.002976156619539015,0.00025363879932156877,0.0,4.998244465833085e-05,1.3504417421216985e-05,0.07596843230786209,2.1008325793886277e-05,5.21887983948004e-06,3.42800205310668e-07,0.0025398440547867527,0.0002311178487651034,0.0
0.001,0.001,0.001,0.001,124.0,10.0,6.380517307480074e-05,1.8110574946210376e-05,0.07524706681006983,2.7617754264318965e-05,7.389694433676366e-06,6.244165936609058e-07,0.0029943132422006495,0.0002538026369912372,0.0,4.9827491005948684e-05,1.2553878151929987e-05,0.07557031362733214,2.1262584712556128e-05,5.779326090720813e-06,3.550972439982625e-07,0.002535725144144135,0.00023195736024761974,0.0
0.001,0.001,0.001,0.001,125.0,10.0,6.322191150793767e-05,1.7506779021457864e-05,0.07503407084765727,2.7855440828646417e-05,7.259814571495972e-06,5.701043912279767e-07,0.0029763480280759814,0.00025263661141501165,0.0,5.46815631470875e-05,1.6544680207913174e-05,0.07602806598154319,2.1641057729290554e-05,5.975235448421476e-06,5.750295633119737e-07,0.002566201548304757,0.0002342753807963138,0.0
0.001,0.001,0.001,0.001,126.0,10.0,6.542395452429997e-05,1.8514156741953078e-05,0.07501483881274865,2.887235907461657e-05,7.4612229528985724e-06,5.700786087722568e-07,0.0029894900481433184,0.00025046537516206245,0.0,5.0367621429909864e-05,1.3026428893074063e-05,0.07570056333673866,2.1702469666706747e-05,5.484718305042941e-06,2.643687592009071e-07,0.0025456952677143795,0.00023195795434592355,0.0
0.001,0.001,0.001,0.001,127.0,10.0,6.551198744885016e-05,1.8567059883862524e-05,0.07507089053060456,2.876722400648604e-05,7.5527868222400785e-06,6.069086607513517e-07,0.002987298618478142,0.0002510919214607158,0.0,5.0440958960037793e-05,1.2581816949570635e-05,0.0751472214256191,2.14808646470849e-05,6.11886646649484e-06,4.38217848297024e-07,0.0025215330759263163,0.00023064710981608128,0.0
0.001,0.001,0.001,0.001,128.0,10.0,6.338354437750862e-05,1.7650153164598675e-05,0.07472259526713729,2.775805322056424e-05,7.408122840609171e-06,5.844369934390262e-07,0.0029606612864667924,0.0002510518797368909,0.0,5.086598097144104e-05,1.3687836501716051e-05,0.07597594955697604,2.1290029999174648e-05,5.619527584845244e-06,3.0928811441828035e-07,0.0025682149118192777,0.00023617039446545375,0.0
0.001,0.001,0.001,0.001,129.0,10.0,6.252332970108354e-05,1.7434018574661746e-05,0.07433113372131729,2.7568674783965454e-05,7.025538454150143e-06,5.77434656311522e-07,0.0029469784146440893,0.0002484550239153489,0.0,5.906300084524632e-05,1.950820778267157e-05,0.07433678320638036,2.2722729450538046e-05,6.23070358160224e-06,8.17455185476908e-07,0.002580639596458099,0.00023502267982577503,0.0
0.001,0.001,0.001,0.001,130.0,10.0,6.28710108409963e-05,1.784096565183889e-05,0.07472380578513084,2.752237621908817e-05,6.966827550276369e-06,5.965961493727839e-07,0.002951537898076849,0.0002471864982248161,0.0,5.041341575325441e-05,1.3452745826669085e-05,0.07527037802761401,2.118173420388595e-05,5.5358950270803196e-06,4.2172817170168203e-07,0.0025367479345190843,0.00022942746406496393,0.0
0.001,0.001,0.001,0.001,131.0,10.0,6.466732736064141e-05,1.789141007469921e-05,0.0747606229822033,2.871636601792764e-05,7.46386908438492e-06,6.500319931612602e-07,0.002951658698370557,0.00024695883290023454,0.0,5.1924705016295824e-05,1.5106814310529066e-05,0.07448980008545218,2.1383460640133268e-05,5.320331953062815e-06,3.4161239913276163e-07,0.0025647058861433276,0.00023235062357891434,0.0
0.001,0.001,0.001,0.001,132.0,10.0,6.360460147656453e-05,1.7947365409780057e-05,0.07432087684082755,2.790446656850302e-05,7.286361990284762e-06,5.726084629234426e-07,0.002940606408277821,0.00024617119146146024,0.0,5.268149575905167e-05,1.4637064273349008e-05,0.07442718208042395,2.1532326502398743e-05,6.113563483368786e-06,6.811799725158138e-07,0.0025166870645895135,0.0002274643505795957,0.0
0.001,0.001,0.001,0.001,133.0,10.0,6.28893465851506e-05,1.7664041032591132e-05,0.0745599748236843,2.7729016612086562e-05,6.999541136153969e-06,5.846588643410976e-07,0.0029337878495793697,0.0002456091709338743,0.0,5.3888882371290044e-05,1.5506292850102495e-05,0.07397539782173493,2.2596576678759787e-05,5.713102697778425e-06,3.804954853184203e-07,0.002551010125042761,0.00022948753284785902,0.0
0.001,0.001,0.001,0.001,134.0,10.0,6.320150086530505e-05,1.7874553743748536e-05,0.07469893919938915,2.7820417607506018e-05,7.011552716840763e-06,5.753916010739268e-07,0.0029477243919260308,0.0002449691494748507,0.0,5.2186924926978924e-05,1.532028603373701e-05,0.07433433714725567,2.156595965030099e-05,5.168022734808684e-06,3.873867737810161e-07,0.002552354083135466,0.00023118365987725265,0.0
0.001,0.001,0.001,0.001,135.0,10.0,6.413548509413602e-05,1.8060557212736577e-05,0.0744000893319749,2.8252935482307598e-05,7.342346932364963e-06,5.902736230160178e-07,0.0029419189981790394,0.00024493632488424924,0.0,4.903658091248324e-05,1.2999965443750593e-05,0.07434136010577522,2.0918361096406054e-05,4.9882419096628925e-06,4.1889784513725294e-07,0.0025193164927504673,0.00022769789811907332,0.0
0.001,0.001,0.001,0.001,136.0,10.0,6.554938707064254e-05,1.8400150465498625e-05,0.07439146621220631,2.914888014459201e-05,7.505038272144981e-06,6.16682094080943e-07,0.0029209168401800934,0.00024394900218381208,0.0,4.881444232001382e-05,1.3392433923881446e-05,0.07429358605488774,2.047406671446445e-05,4.859293628701018e-06,4.1515770729844657e-07,0.0024977931547362137,0.00022441321132671583,0.0
0.001,0.001,0.001,0.001,137.0,10.0,6.30970635491476e-05,1.7466101516984382e-05,0.07446020382581083,2.8048973161450556e-05,7.143421319508349e-06,5.701554634022794e-07,0.0029157132511265014,0.00024223919336435802,0.0,5.0052435008781175e-05,1.383706669449884e-05,0.07474659202833077,2.0491447585426076e-05,5.62750659091164e-06,3.858882115163488e-07,0.002503756988812947,0.00022358667390885486,0.0
0.001,0.001,0.001,0.001,138.0,10.0,6.212969838870333e-05,1.7503793484241967e-05,0.07455177854665375,2.735089732619438e-05,6.811859103605533e-06,5.852225623755376e-07,0.002922504324727518,0.0002422748411361808,0.0,5.2002740001588314e-05,1.5237417538851946e-05,0.07516667850083546,2.154186293749901e-05,5.015124061315609e-06,4.199153822629376e-07,0.0025220439482518957,0.00022717524577894129,0.0
0.001,0.001,0.001,0.001,139.0,10.0,6.533899399917585e-05,1.829983443227178e-05,0.07483818037661068,2.9048414832185245e-05,7.47142705963496e-06,6.180764407466415e-07,0.0029113954380152597,0.00024174234389788034,0.0,5.4689469286971755e-05,1.6417117045880504e-05,0.07511731708957249,2.2050319601092137e-05,5.852501142688631e-06,5.840304507967609e-07,0.002538613802640599,0.00022737698356184308,0.0
0.001,0.001,0.001,0.001,140.0,10.0,6.38722759279104e-05,1.8044299309990013e-05,0.07441700597413596,2.8123263329545003e-05,7.280121027507311e-06,5.728234947274079e-07,0.0029085960229813727,0.00024100680638499685,0.0,5.251873566502799e-05,1.4288654592967045e-05,0.07526307024551511,2.210559596294207e-05,5.887629093518991e-06,4.6016803126162013e-07,0.0025245348864902056,0.00022503813927280991,0.0
0.001,0.001,0.001,0.001,141.0,10.0,6.47021020230535e-05,1.7943409389414236e-05,0.07474890606242542,2.9090368098125888e-05,7.2186947045598865e-06,5.855439346383207e-07,0.002899463064416147,0.00023891957645781194,0.0,5.328378640719493e-05,1.5574456634649293e-05,0.0751578764519477,2.1701341629711907e-05,5.665448124969223e-06,6.336296904648791e-07,0.00246809310542426,0.00021931229193828224,0.0
0.001,0.001,0.001,0.001,142.0,10.0,6.292232541756307e-05,1.7779981867290598e-05,0.07469410159683754,2.7827289338122857e-05,6.89304997380488e-06,5.479066127476108e-07,0.002886854784332699,0.00024046876116975998,0.0,4.975610248205513e-05,1.3172881791153523e-05,0.07460219642489015,2.1288803595921953e-05,5.2854442829044005e-06,3.376394826748145e-07,0.0024726256388996866,0.00022111141368497814,0.0
0.001,0.001,0.001,0.001,143.0,10.0,6.24896494617188e-05,1.778076183693616e-05,0.07477714966402291,2.746083045982482e-05,6.770418302135231e-06,6.015217434091813e-07,0.002904984543566856,0.00023984026462673744,0.0,5.032812829356388e-05,1.3557450332643406e-05,0.07453637954273026,2.1326129127093775e-05,5.320741183390257e-06,4.412862457209038e-07,0.002506315414503758,0.00022288839269113633,0.0
0.001,0.001,0.001,0.001,144.0,10.0,6.341942524333323e-05,1.7636707111596417e-05,0.07464674193991573,2.817290219790559e-05,7.16442874365629e-06,5.900483205347432e-07,0.0029059768433304695,0.00023906650608261323,0.0,4.910411059197399e-05,1.3510271577407936e-05,0.07479832893733747,2.049244323822888e-05,5.079850097703217e-06,3.499296324907751e-07,0.0024791787077179726,0.00021917834323283066,0.0
0.001,0.001,0.001,0.001,145.0,10.0,6.24793453472806e-05,1.7390055616352538e-05,0.07422677367617325,2.7867693248331857e-05,6.887500920312069e-06,5.390249442150904e-07,0.0028936988509202684,0.00023723932219415543,0.0,4.7031815320287207e-05,1.1307459625732323e-05,0.0751127384113193,2.1214090629718344e-05,4.648571889195576e-06,1.5994552223236526e-07,0.002447590149317104,0.00021904741477990237,0.0
0.001,0.001,0.001,0.001,146.0,10.0,6.23161145452668e-05,1.721967796099729e-05,0.07452736211677659,2.7632346046472865e-05,7.032058473036837e-06,5.937996326175141e-07,0.0028708727372176953,0.00023854965037217442,0.0,5.362479789576302e-05,1.5314156228269487e-05,0.07571181309470669,2.2042492771348804e-05,5.9852310973098475e-06,4.920095363620453e-07,0.002491154393364891,0.00022197276406756692,0.0
0.001,0.001,0.001,0.001,147.0,10.0,6.313181391971558e-05,1.740366993282708e-05,0.07468221664866637,2.797697771150302e-05,7.318118810497417e-06,5.874316805490968e-07,0.0028708255810660135,0.00023773943995805916,0.0,4.947419180966806e-05,1.3591834692485674e-05,0.07516787853414213,2.051256424363972e-05,5.2461320370689795e-06,4.0826623620915726e-07,0.002455046948667448,0.00021986069331335543,0.0
0.001,0.001,0.001,0.001,148.0,10.0,6.028502003375241e-05,1.6478190714931837e-05,0.07434362827554611,2.6818341465738663e-05,6.645737043337075e-06,5.286063237726901e-07,0.0028704239167662467,0.00023797816623974895,0.0,5.1418289101461454e-05,1.6120734070521875e-05,0.07502581625145611,2.076694708410973e-05,4.5013552305488285e-06,3.1160725578780535e-07,0.0024924347149756026,0.00022150642633019982,0.0
0.001,0.001,0.001,0.001,149.0,10.0,6.334986720882165e-05,1.7865621479957706e-05,0.0748540040710648,2.7896782401876497e-05,7.089905073557504e-06,6.441289458303436e-07,0.0028995749900643138,0.0002368029342967348,0.0,4.7273661139776456e-05,1.2184635969848153e-05,0.07481746063616036,1.9962872791243595e-05,5.1274139838201225e-06,3.0087877967492495e-07,0.0024819632647333466,0.00022161134766569043,0.0
0.001,0.001,0.001,0.001,150.0,10.0,6.023604399292559e-05,1.6738918666406315e-05,0.07442773944706048,2.650997808921492e-05,6.635063138600018e-06,5.538637308633229e-07,0.0028767340594248515,0.00023554466289759624,0.0,4.656263516965495e-05,1.1707801019293933e-05,0.07421822683518321,2.0022214660498306e-05,4.9801826526871575e-06,2.4118359267606554e-07,0.0024731858749471114,0.000218943069000353,0.0
0.001,0.001,0.001,0.001,151.0,10.0,6.27986178107009e-05,1.726886164383008e-05,0.07461550363197676,2.8007511096546393e-05,7.082732716654067e-06,6.347082657762676e-07,0.0028570887638277942,0.00023432538893477134,0.0,5.168089332872926e-05,1.3955486904558138e-05,0.07345985015370854,2.1780417541918458e-05,5.987741693116452e-06,4.3489186285533115e-07,0.002490720217386873,0.00021763705044451482,0.0
0.001,0.001,0.001,0.001,152.0,10.0,6.126288852769941e-05,1.7046354461417357e-05,0.07445224417701429,2.710373138757191e-05,6.785643845807188e-06,5.409561670361153e-07,0.0028705934786053705,0.00023409784805164695,0.0,5.094310802296384e-05,1.4687707064169577e-05,0.07486355469713574,2.074369873553475e-05,5.303843972623953e-06,4.913071235136674e-07,0.002534615996561197,0.00022301961225789816,0.0
0.001,0.001,0.001,0.001,153.0,10.0,6.364124285084784e-05,1.7661039872339045e-05,0.07444250591698795,2.8670096051488603e-05,7.0183963833330615e-06,5.242079736291177e-07,0.002881137103205391,0.0002323252268556908,0.0,5.1649573899944114e-05,1.4558529670202318e-05,0.07405495455417666,2.1108042870877914e-05,5.756180177133665e-06,6.405927952765746e-07,0.00247955114530741,0.00021807329445613298,0.0
0.001,0.001,0.001,0.001,154.0,10.0,6.172308654624686e-05,1.700913558372006e-05,0.07444616685710016,2.765413486506606e-05,6.743836340536954e-06,5.47329314808899e-07,0.002872893663281183,0.0002324033989424309,0.0,4.857358767351524e-05,1.2759589175729945e-05,0.07428307168727102,2.0747280866961297e-05,5.120494001527439e-06,3.4106016079465816e-07,0.002498879886528793,0.00021768565010269345,0.0
0.001,0.001,0.001,0.001,155.0,10.0,6.099290192988942e-05,1.6610133383912424e-05,0.07432640250905567,2.7232016067731885e-05,6.861840478271476e-06,5.27848923860252e-07,0.0028890107828354046,0.0002328423194815766,0.0,4.819179941484363e-05,1.2447867358227162e-05,0.0747724535091938,2.0645434798195552e-05,5.212164398493971e-06,2.518488543341295e-07,0.0024860616737918664,0.00021572383849762354,0.0
0.0002,0.0002,0.0002,0.0002,156.0,10.0,4.5678182165928716e-05,1.056150512690641e-05,0.07314085336987453,1.9939127055787793e-05,5.460831844707976e-06,1.0816956872524749e-07,0.002859392477270528,0.0002294463657870337,0.0,3.477422165078962e-05,8.059036893752275e-06,0.07306783339556526,1.4252412462741265e-05,3.024884324934955e-06,1.4220441882094742e-08,0.002396739583871743,0.00021168846409366253,0.0
0.0002,0.0002,0.0002,0.0002,157.0,10.0,4.2068674918973815e-05,9.755881019348134e-06,0.0730681113661477,1.8321518702875488e-05,4.29875251779916e-06,1.0766214584821633e-07,0.00281730894142127,0.00022780497720945454,0.0,3.3547679091202314e-05,7.904127233849124e-06,0.07362881650871059,1.3409124220472606e-05,2.7259758842000933e-06,2.5287780211232164e-08,0.002398362663609965,0.00021202826274429595,0.0
0.0002,0.0002,0.0002,0.0002,158.0,10.0,4.097622499042193e-05,9.421649068168807e-06,0.07341480404537046,1.7809740630136957e-05,4.048791984017944e-06,1.0233250522450363e-07,0.002795155603212307,0.00022522305786897606,0.0,3.3966473502854804e-05,7.723306292545577e-06,0.07342453409231245,1.4010274795764668e-05,2.7894807918732156e-06,2.3033164917846455e-08,0.0023718096938622297,0.000207792524995897,0.0
0.0002,0.0002,0.0002,0.0002,159.0,10.0,4.067932220938057e-05,9.195502460739164e-06,0.07347118996526694,1.7911142503194627e-05,3.922089707141261e-06,9.595477299106548e-08,0.002755371728580281,0.00022075139428513122,0.0,3.368709843875546e-05,7.739896902302017e-06,0.07361702633873402,1.3875349100247159e-05,2.631703225955896e-06,1.9186099174600813e-08,0.002360519428598891,0.00020592608072679766,0.0
0.0002,0.0002,0.0002,0.0002,160.0,10.0,4.037295943347209e-05,9.052309488471262e-06,0.07361942705331805,1.7895785776912915e-05,3.794815350806907e-06,9.149669756817434e-08,0.0027273219757101845,0.00021766095604103123,0.0,3.3240162964449444e-05,7.5859392984629955e-06,0.07441561457710695,1.3653682928514637e-05,2.5013953775258033e-06,2.1788283626369698e-08,0.002350588327927908,0.00020357957841684658,0.0
0.0002,0.0002,0.0002,0.0002,161.0,10.0,3.978152932051251e-05,8.951104067251855e-06,0.07366210667093492,1.766735474362955e-05,3.558492817679745e-06,8.855081273270948e-08,0.002701580274891085,0.0002149816282448208,0.0,3.30709645416967e-05,7.500598697846739e-06,0.07455474860115448,1.365177283740283e-05,2.421664075697402e-06,2.3671549260543434e-08,0.0023359527717147885,0.00020177828103294242,0.0
0.0002,0.0002,0.0002,0.0002,162.0,10.0,3.9415899425962014e-05,8.798002194305892e-06,0.07379048361564061,1.7580101364600325e-05,3.4458903031209842e-06,8.460770049837524e-08,0.002683091525507947,0.00021282497251487367,0.0,3.33026304719591e-05,7.55375002532598e-06,0.07429497346127321,1.3864735598013215e-05,2.4319454112496414e-06,1.9357809934014442e-08,0.0023310728239017992,0.0002003344352204823,0.0
0.0002,0.0002,0.0002,0.0002,163.0,10.0,3.9024921528223885e-05,8.698173610538936e-06,0.0738738585689241,1.7424243700106357e-05,3.3318094213536686e-06,7.805663258809991e-08,0.002667429368238692,0.000210525252618295,0.0,3.2956431373523e-05,7.499996178062578e-06,0.0743663108885082,1.3661856782806245e-05,2.3619615131174276e-06,1.7326318453019178e-08,0.0023169526842400224,0.00019786596103554436,0.0
0.0002,0.0002,0.0002,0.0002,164.0,10.0,3.8340650251137395e-05,8.674356647897242e-06,0.07398174144000605,1.6977801291220496e-05,3.124783240772787e-06,7.860947325315885e-08,0.0026569516767789535,0.00020869257655928538,0.0,3.326355889112794e-05,7.5159472069125194e-06,0.07442526771947999,1.3837435425365518e-05,2.4755530913985695e-06,2.8978327004427916e-08,0.002318331675690995,0.0001963118230979398,0.0
0.0002,0.0002,0.0002,0.0002,165.0,10.0,3.85419933724934e-05,8.561196676493708e-06,0.0739636032479769,1.7293765865685268e-05,3.154784554372269e-06,7.274074755277377e-08,0.0026424484167590443,0.00020631454229376152,0.0,3.2955998608249943e-05,7.478320219158588e-06,0.07431706956307368,1.3713063579536073e-05,2.3748495902511963e-06,2.004110774450445e-08,0.0023083195366629216,0.00019380172921439705,0.0
0.0002,0.0002,0.0002,0.0002,166.0,10.0,3.800459826400056e-05,8.47358986164723e-06,0.07401758441243429,1.695903479611676e-05,3.0561166934850112e-06,7.030863417017737e-08,0.0026308931164784216,0.00020437900026640477,0.0,3.2842657863159234e-05,7.502068999884491e-06,0.07460149885461405,1.3572195744443095e-05,2.3569169592524476e-06,2.46639881113664e-08,0.0023083018536186393,0.0001926662395178553,0.0
0.0002,0.0002,0.0002,0.0002,167.0,10.0,3.8078940404259656e-05,8.442117339759647e-06,0.07411281640897813,1.711783897973989e-05,3.016313291764077e-06,6.745178904504807e-08,0.0026212000259365565,0.0002023937539134047,0.0,3.2546861563809414e-05,7.405012401026693e-06,0.07453702204573938,1.3530236240600867e-05,2.2230053892720404e-06,2.8074521328222423e-08,0.0022977967303452504,0.00019068309306789424,0.0
0.0002,0.0002,0.0002,0.0002,168.0,10.0,3.7730381015127895e-05,8.38517040433005e-06,0.0740573342784594,1.6904632811508255e-05,2.961097727509304e-06,6.736464183393752e-08,0.002608443369998824,0.00020063825291344602,0.0,3.258571035620313e-05,7.43402515770515e-06,0.07445670775166845,1.3529993050293298e-05,2.261390092718546e-06,2.4700535251920593e-08,0.002293900142352912,0.00018899307323562924,0.0
0.0002,0.0002,0.0002,0.0002,169.0,10.0,3.738000460863436e-05,8.361523891131811e-06,0.07407198508436696,1.6703554975220462e-05,2.849097582597258e-06,6.675647763472838e-08,0.0026016045969641417,0.000199187341990499,0.0,3.235016619891555e-05,7.352632068570755e-06,0.07445569424068227,1.3462438804217716e-05,2.1880129820165073e-06,2.3274651668473395e-08,0.0022876764648468283,0.0001878238748331034,0.0
0.0002,0.0002,0.0002,0.0002,170.0,10.0,3.7523737991200925e-05,8.278937012896127e-06,0.07404658319188821,1.6914545271992947e-05,2.8909063397278287e-06,6.432379598684145e-08,0.0025928443031737886,0.00019703675025836272,0.0,3.279494571760454e-05,7.522456586374728e-06,0.07448200105486444,1.3708707509816604e-05,2.226746245816219e-06,2.3830719635232567e-08,0.002286645452085895,0.00018650045533369258,0.0
0.0002,0.0002,0.0002,0.0002,171.0,10.0,3.7694591176896494e-05,8.34202480673023e-06,0.07416422905294284,1.704599607815136e-05,2.8723385100713923e-06,6.545773258730546e-08,0.002582919701552688,0.00019523514292829302,0.0,3.25433934150424e-05,7.471422811964173e-06,0.07441527491828562,1.3571035580098647e-05,2.18730382235587e-06,2.3365948972676784e-08,0.0022840556349431303,0.00018487380656202656,0.0
0.0002,0.0002,0.0002,0.0002,172.0,10.0,3.7051584423182294e-05,8.281677095177795e-06,0.07411386936372498,1.6618905511238402e-05,2.734824100746331e-06,6.396767427851141e-08,0.0025775769087420185,0.000194082327561923,0.0,3.240487121949822e-05,7.402222699509612e-06,0.07451813925818176,1.3515087246034587e-05,2.1744068031032377e-06,2.7473375663641183e-08,0.0022852286776192613,0.00018338671182809965,0.0
0.0002,0.0002,0.0002,0.0002,173.0,10.0,3.722482502625457e-05,8.204885838714632e-06,0.07419177964287456,1.6791473049218977e-05,2.8229661574134743e-06,6.4528175106714e-08,0.0025733993669334303,0.00019217940896983088,0.0,3.250718034458851e-05,7.456412401259696e-06,0.07440052893025652,1.3580686687847073e-05,2.173770528998707e-06,3.5088626690874625e-08,0.0022838177025691964,0.00018211693446466918,0.0
0.0002,0.0002,0.0002,0.0002,174.0,10.0,3.710625273803723e-05,8.265749390819767e-06,0.07408202609947347,1.6749260587778435e-05,2.7118736885454525e-06,6.467996410145632e-08,0.002564241345147189,0.00019064867977419307,0.0,3.233708029788227e-05,7.431054721259315e-06,0.0744701429531236,1.3510330418410748e-05,2.1227525614841213e-06,2.223952170748788e-08,0.0022764168941547974,0.00018036890831914132,0.0
0.0002,0.0002,0.0002,0.0002,175.0,10.0,3.6970886674888155e-05,8.215130508985963e-06,0.07411016115335071,1.67019073642367e-05,2.6871065714166295e-06,6.237766373172414e-08,0.0025583997699672196,0.00018933486742955046,0.0,3.2150690886363224e-05,7.367077078833658e-06,0.07438407482572905,1.3431674860729701e-05,2.097502169994765e-06,2.7176891331746162e-08,0.0022742987552393473,0.0001788852651081665,0.0
0.0002,0.0002,0.0002,0.0002,176.0,10.0,3.715966102471787e-05,8.310079315857168e-06,0.0740998510583957,1.6811766857957315e-05,2.6876730591469127e-06,6.38265780243463e-08,0.002552559956151918,0.00018763302475776627,0.0,3.176473699404659e-05,7.380474591948715e-06,0.07448440970640281,1.3109752086137504e-05,2.0260373449735506e-06,2.1430833572192532e-08,0.0022698994717886187,0.0001778601744732051,0.0
0.0002,0.0002,0.0002,0.0002,177.0,10.0,3.709140872085171e-05,8.18947637480986e-06,0.07410404144476293,1.6864113078287663e-05,2.699867927303659e-06,6.092196252129206e-08,0.002551510758895818,0.0001866625603107945,0.0,3.2083840816560485e-05,7.241637961820825e-06,0.07450603100770897,1.3552581463297262e-05,2.0485899165792304e-06,1.821877681090709e-08,0.002270700226724792,0.00017722096923522402,0.0
0.0002,0.0002,0.0002,0.0002,178.0,10.0,3.7045622575720546e-05,8.117780304447654e-06,0.07420634864031639,1.6900406577050717e-05,2.6950261429638877e-06,6.09858792991378e-08,0.0025449134163899206,0.00018507889683644886,0.0,3.220095738712585e-05,7.414172913092623e-06,0.07439856213166227,1.3489860980544391e-05,2.0818006242057154e-06,2.3084707675605364e-08,0.002267110998948527,0.0001752182290845818,0.0
0.0002,0.0002,0.0002,0.0002,179.0,10.0,3.688570059330917e-05,8.022320289376222e-06,0.07422006810614035,1.6845728257287288e-05,2.6968383852542966e-06,6.074419371571854e-08,0.0025400894833322394,0.00018380630302989218,0.0,3.159177298314191e-05,7.355092217908366e-06,0.07444988461823612,1.3033910533780488e-05,2.0019011386327975e-06,1.77749337586304e-08,0.002262175427975333,0.0001738105983566815,0.0
0.0002,0.0002,0.0002,0.0002,180.0,10.0,3.7060097567562015e-05,8.258737923236726e-06,0.07414036327009761,1.688011561366167e-05,2.6199335239703227e-06,6.171208776161146e-08,0.0025326246506144614,0.00018255624666585815,0.0,3.180357290245653e-05,7.472180427344831e-06,0.07441201566309252,1.3163774941635279e-05,1.9726277265554994e-06,2.4036668572490778e-08,0.0022614633037699033,0.0001729751739482384,0.0
0.0002,0.0002,0.0002,0.0002,181.0,10.0,3.664056348916601e-05,7.989271994573056e-06,0.07417969012523837,1.6717265390063284e-05,2.643630959389001e-06,5.9189405407821954e-08,0.002532087430164328,0.00018132369276792023,0.0,3.2236139990641516e-05,7.556783707844553e-06,0.07449985316158579,1.3408632086674071e-05,2.0710099280044687e-06,2.8603022062363448e-08,0.002264335961000523,0.00017211259338752185,0.0
0.0002,0.0002,0.0002,0.0002,182.0,10.0,3.697320854280679e-05,8.25698784572665e-06,0.0741152035765309,1.6850392608763618e-05,2.5904813190560945e-06,6.155032621848248e-08,0.002526887142965104,0.00018022763085401368,0.0,3.196085379128147e-05,7.306281691101513e-06,0.07440290406707249,1.3492205074109552e-05,2.004748076752111e-06,1.1531702261296053e-08,0.002252492683482031,0.00017057972150050333,0.0
0.0002,0.0002,0.0002,0.0002,183.0,10.0,3.684535984788923e-05,8.111865017336474e-06,0.07415213040969884,1.6852823462306214e-05,2.616568839909989e-06,5.986440247099674e-08,0.0025218865543089495,0.00017890253670657828,0.0,3.182447048495374e-05,7.370776128321749e-06,0.07445293554075862,1.3323449477718323e-05,1.971305684250573e-06,2.1031726149188335e-08,0.0022499638574945526,0.00016926141205214764,0.0
0.0002,0.0002,0.0002,0.0002,184.0,10.0,3.6553664275200696e-05,8.03811909258143e-06,0.07409008080400127,1.6721537941609018e-05,2.5508099765597647e-06,5.6227822083253275e-08,0.0025179390430632373,0.00017779617220944514,0.0,3.155704959892167e-05,7.222909737792711e-06,0.07421118271082743,1.3222776991884296e-05,1.9821863262619432e-06,1.6432864579273897e-08,0.002260574579938189,0.00016916257803707794,0.0
0.0002,0.0002,0.0002,0.0002,185.0,10.0,3.624554871931448e-05,7.969390274024613e-06,0.07407250581073985,1.6528742781272075e-05,2.513898142255301e-06,5.846973201461452e-08,0.0025167373768730282,0.0001767797439789083,0.0,3.192444267127543e-05,7.458174293120861e-06,0.07418019891713318,1.3338507774577665e-05,2.0070519432722e-06,2.5679480109431355e-08,0.0022581700234799596,0.00016770094322577638,0.0
0.0002,0.0002,0.0002,0.0002,186.0,10.0,3.6911737982523865e-05,8.116151304485344e-06,0.07410589947518503,1.70026934477825e-05,2.5673216462651e-06,6.056953575648751e-08,0.002515225235242672,0.0001754412277676494,0.0,3.192374393072827e-05,7.48887944163153e-06,0.074515421704025,1.3309223665513049e-05,1.9906334910873106e-06,2.2764828226263806e-08,0.0022506603590860498,0.00016607005520174716,0.0
0.0002,0.0002,0.0002,0.0002,187.0,10.0,3.5876733975325525e-05,7.956555334148383e-06,0.07421162837438015,1.6246933755262012e-05,2.4444081623918713e-06,5.99864697907261e-08,0.0025133889468669478,0.0001747687628831978,0.0,3.214049693615946e-05,7.480044737553647e-06,0.07434959356450704,1.3531771894474826e-05,2.0194889611406748e-06,1.6811553259841136e-08,0.002251273286963932,0.00016574206225810473,0.0
0.0002,0.0002,0.0002,0.0002,188.0,10.0,3.66510435512393e-05,8.1205510184303e-06,0.07404897195658335,1.676465070340625e-05,2.5624056772362637e-06,6.099855283732439e-08,0.0025071820338228457,0.00017375404589790907,0.0,3.243633724057646e-05,7.69049332161542e-06,0.07448705961238142,1.3598693270314377e-05,2.0201612436333255e-06,3.1907953674096624e-08,0.002249635608583225,0.00016463756187209475,0.0
0.0002,0.0002,0.0002,0.0002,189.0,10.0,3.614453176320344e-05,7.939834834011792e-06,0.07417718442782556,1.649353126512518e-05,2.5046851971794493e-06,6.097749856915694e-08,0.0025090045528832275,0.0001727784701816112,0.0,3.18302433121773e-05,7.2256827985464385e-06,0.07436204477371229,1.3487802487591211e-05,2.016461782817208e-06,2.2198152391210756e-08,0.0022535676641750654,0.0001641893899098448,0.0
0.0002,0.0002,0.0002,0.0002,190.0,10.0,3.612316424203282e-05,7.977357155166642e-06,0.07409090929584447,1.6500668460837174e-05,2.459824640520571e-06,5.601310858078394e-08,0.0025058998725427865,0.00017202103309288633,0.0,3.194752144865441e-05,7.508875321499227e-06,0.07449068245075154,1.337869994217868e-05,1.9495857339001882e-06,2.6030618663266553e-08,0.0022522651950529033,0.00016352619847053563,0.0
0.0002,0.0002,0.0002,0.0002,191.0,10.0,3.5803805780767464e-05,7.895637634127303e-06,0.07413258760823786,1.6330496110577117e-05,2.3942265441286855e-06,6.049349995552211e-08,0.002503778445551137,0.00017096935335221658,0.0,3.2595661889877904e-05,7.906837953697633e-06,0.07436086188447516,1.3604266040567325e-05,1.9873368090672832e-06,3.752457039444817e-08,0.0022522371296954556,0.00016236106195317092,0.0
0.0002,0.0002,0.0002,0.0002,192.0,10.0,3.6275978891535384e-05,7.999161383063172e-06,0.0740710893837425,1.6605410368369556e-05,2.505997833643868e-06,5.94337647078387e-08,0.0025022689070253626,0.00016988668952749845,0.0,3.1926792232823444e-05,7.404781875590198e-06,0.07452650481648099,1.3516743513382387e-05,1.9223012049449067e-06,1.940392146537048e-08,0.0022441204234467864,0.00016109113519343428,0.0
0.0002,0.0002,0.0002,0.0002,193.0,10.0,3.650671693511047e-05,8.00890709875804e-06,0.07410151866823092,1.676189346569755e-05,2.5708673299111133e-06,6.508952546772664e-08,0.0025011316782644886,0.00016898079210645654,0.0,3.223054480441253e-05,7.352734197115515e-06,0.0742391713195606,1.3744356260050566e-05,2.0820521292401226e-06,1.8353169447872284e-08,0.0022556567766017256,0.00016091323221403668,0.0
0.0002,0.0002,0.0002,0.0002,194.0,10.0,3.624171478236745e-05,8.019833810704308e-06,0.07406444918706517,1.65722890781471e-05,2.493683183267917e-06,6.397820326318077e-08,0.002501543286063516,0.00016854858117669536,0.0,3.234597431580579e-05,7.555360260519145e-06,0.07441573105365759,1.3720048089337045e-05,2.008272331399548e-06,1.7568562761445773e-08,0.0022460974057633624,0.00016031524163796114,0.0
0.0002,0.0002,0.0002,0.0002,195.0,10.0,3.604956228527003e-05,7.968623976795879e-06,0.0740508086703069,1.6509856488560983e-05,2.4306660485687796e-06,5.963174350687415e-08,0.002501189061178773,0.00016757035048643916,0.0,3.158478004202608e-05,7.390969965690664e-06,0.07423573082706095,1.3246917018191308e-05,1.920488450074435e-06,1.1227133674105854e-08,0.0022461247476539656,0.00015916046437224903,0.0
0.0002,0.0002,0.0002,0.0002,196.0,10.0,3.558432984570667e-05,7.789400506839667e-06,0.0740659548221919,1.626074974185011e-05,2.4022912369457917e-06,5.9277848365901466e-08,0.00249657770181323,0.0001666015366050253,0.0,3.1910551669167526e-05,7.426782159832784e-06,0.07451338671586093,1.3483838734233378e-05,1.9356879006491755e-06,2.5524095599866114e-08,0.002252778866180061,0.0001587380545743931,0.0
0.0002,0.0002,0.0002,0.0002,197.0,10.0,3.625669685820038e-05,8.146313567637352e-06,0.07401684641029842,1.6537602711871518e-05,2.4513631321890968e-06,6.249610567474686e-08,0.002494156313029929,0.0001657236982666417,0.0,3.143696649896124e-05,7.394362661801641e-06,0.07453257263119245,1.3134696999127e-05,1.85500506128074e-06,2.1128653416630892e-08,0.002251553693609022,0.000157851611434393,0.0
0.0002,0.0002,0.0002,0.0002,198.0,10.0,3.587094965800637e-05,7.940650382070066e-06,0.07400016706614075,1.6369435355984548e-05,2.4531259269881055e-06,5.6562482975740386e-08,0.0024991403985524536,0.00016511590279391912,0.0,3.169538817409435e-05,7.2744814216726355e-06,0.07445013180220415,1.3429752395061306e-05,1.9559444694021916e-06,1.3150922273501348e-08,0.0022505142058932247,0.00015770461235484825,0.0
0.0002,0.0002,0.0002,0.0002,199.0,10.0,3.5821551308579485e-05,7.95934154558074e-06,0.07399064735057517,1.6348739499390407e-05,2.407262278182283e-06,6.234538441378848e-08,0.0024982127033586405,0.00016447980622160747,0.0,3.1340366656052926e-05,7.304640318696354e-06,0.0743331047593516,1.3048342301690386e-05,1.9673300045435578e-06,2.094152548410433e-08,0.002256667538736157,0.00015658023218958838,0.0
0.0002,0.0002,0.0002,0.0002,200.0,10.0,3.5696952515715565e-05,8.042752705048154e-06,0.07393606329063411,1.6190761361351415e-05,2.3700501179457607e-06,6.27790339131239e-08,0.0025017684506351175,0.00016370031874910634,0.0,3.159266013700324e-05,7.353969359368653e-06,0.07466206276808643,1.3264262214301935e-05,1.9364258860697382e-06,1.8306160456785727e-08,0.0022567412751536673,0.00015534902980085261,0.0
0.0002,0.0002,0.0002,0.0002,201.0,10.0,3.5537958606746386e-05,7.849196539311351e-06,0.07398590168675116,1.6206920795948282e-05,2.39886872979474e-06,5.6631771193341e-08,0.0025027331859070593,0.000162775063510858,0.0,3.1169535599046335e-05,7.180419376998852e-06,0.07432514282143239,1.3101482815938502e-05,1.888653986231245e-06,1.7335990577712036e-08,0.002257208571089335,0.0001549129410579182,0.0
0.0002,0.0002,0.0002,0.0002,202.0,10.0,3.549702286208515e-05,7.840938708797276e-06,0.07394248032530601,1.6190632351121138e-05,2.388232825791403e-06,6.19923252231488e-08,0.0025033295844466195,0.00016209788676590045,0.0,3.167316604316618e-05,7.42524698430898e-06,0.07412183137810353,1.3322440473596239e-05,1.9505204613759244e-06,1.570708303752586e-08,0.002263297165734339,0.0001547068104533713,0.0
0.0002,0.0002,0.0002,0.0002,203.0,10.0,3.546437472343008e-05,7.83007266582996e-06,0.07399161984283513,1.6165242301620766e-05,2.401531476443061e-06,5.6252235634565524e-08,0.0024993690855515125,0.00016121144032836245,0.0,3.1545824690841364e-05,7.290586632297192e-06,0.07446265594460147,1.332811333389847e-05,1.9226484021378555e-06,1.829834641671329e-08,0.0022619709700416888,0.00015399125010772346,0.0
0.0002,0.0002,0.0002,0.0002,204.0,10.0,3.5782861918792e-05,7.94529792765856e-06,0.07395841048733122,1.638489648324685e-05,2.395722623728746e-06,5.888957981485021e-08,0.002496340798064094,0.00016022145221397695,0.0,3.1563754897389624e-05,7.3562670624099414e-06,0.07422761296834088,1.3318140438899605e-05,1.921052320808469e-06,1.289143629523742e-08,0.0022581316636243647,0.00015326423586903512,0.0
0.0002,0.0002,0.0002,0.0002,205.0,10.0,3.532242450294156e-05,7.705255777310856e-06,0.07398458450154372,1.615519724515642e-05,2.41236231901922e-06,5.576039609115484e-08,0.0024936226264786637,0.0001595390581567531,0.0,3.164663072330551e-05,7.317050517092388e-06,0.07404688343560407,1.3462028272392342e-05,1.9325637479940294e-06,9.849523147106633e-09,0.002249226551728523,0.00015204503342892351,0.0
0.0002,0.0002,0.0002,0.0002,206.0,10.0,3.663152142250558e-05,8.17684496383512e-06,0.0737560958395527,1.6962833590616965e-05,2.4651125379567745e-06,6.386847464578705e-08,0.0024889680171780214,0.00015872524935462324,0.0,3.181262782226626e-05,7.848877565196631e-06,0.07427220977198294,1.3115292659412574e-05,1.8766182635259598e-06,3.2348717101390763e-08,0.0022481132111798934,0.00015122699120769174,0.0
0.0002,0.0002,0.0002,0.0002,207.0,10.0,3.5397274408778815e-05,7.832989156721796e-06,0.07388369129219342,1.614441953154019e-05,2.3896100779930652e-06,5.752334971194405e-08,0.0024928264429579486,0.00015843634172642114,0.0,3.210312622371408e-05,7.637793992547196e-06,0.07427496094398432,1.3606706750242444e-05,1.8972394739107444e-06,2.2841342332349023e-08,0.0022596966879680803,0.00015110487160433018,0.0
0.0002,0.0002,0.0002,0.0002,208.0,10.0,3.583633735001653e-05,7.879044493515497e-06,0.07385956212253941,1.6530316948439766e-05,2.4136411585035374e-06,5.4694264417654534e-08,0.002490656096638674,0.00015726844875988227,0.0,3.203880169796358e-05,7.87008161751146e-06,0.07437694418182834,1.3350033353660104e-05,1.8485569058685828e-06,2.5277615129076683e-08,0.0022587118340836624,0.00015071578102843325,0.0
0.0002,0.0002,0.0002,0.0002,209.0,10.0,3.559515850045993e-05,7.803505245478696e-06,0.07396609703766295,1.6326490354674955e-05,2.438942625317977e-06,6.086863835893447e-08,0.0024953531975537946,0.00015687421529238664,0.0,3.123019498388326e-05,7.213496414129673e-06,0.07413952395474623,1.3190411240977551e-05,1.8941381064679926e-06,1.6076910426538664e-08,0.0022630291494660105,0.0001502120312422439,0.0
0.0002,0.0002,0.0002,0.0002,210.0,10.0,3.5648982327828464e-05,7.897333452089011e-06,0.0738151586730999,1.6329314884869988e-05,2.41729250553586e-06,5.947938100792974e-08,0.0024991078523491374,0.00015640463947541865,0.0,3.158133363616182e-05,7.3335051656518945e-06,0.0742407284651248,1.3413210571906691e-05,1.8973790282411583e-06,1.581715643659499e-08,0.0022634038549387073,0.0001497349139659667,0.0
0.0002,0.0002,0.0002,0.0002,211.0,10.0,3.544411769487268e-05,7.868366564839868e-06,0.07382149931542191,1.6215371899233268e-05,2.3605656509864876e-06,5.725853036331229e-08,0.0024972956900606792,0.00015604053275083694,0.0,3.138709235547177e-05,7.171874556261677e-06,0.07423660336996857,1.3376831902608668e-05,1.9083471003971595e-06,1.1960958424398301e-08,0.002269007394470558,0.00014944176939125762,0.0
0.0002,0.0002,0.0002,0.0002,212.0,10.0,3.540634435288534e-05,7.734168752782004e-06,0.07382372551936037,1.625863631205547e-05,2.421168911320305e-06,5.8974499656337494e-08,0.0024959235272120047,0.00015510235161361193,0.0,3.143929953539964e-05,7.352485975083582e-06,0.07426652603599027,1.3216269924316709e-05,1.9377015514224055e-06,2.4252754520549157e-08,0.0022653467042023593,0.0001481936982423784,0.0
0.0002,0.0002,0.0002,0.0002,213.0,10.0,3.540283200221953e-05,7.673640581227215e-06,0.07385765598464356,1.6329561032249523e-05,2.4124691051202463e-06,5.641218232322322e-08,0.002496283122226332,0.00015449837276262563,0.0,3.0980684367897935e-05,7.258678911891325e-06,0.07411127217810047,1.2901168708129161e-05,1.9082353192399726e-06,2.1911356997932933e-08,0.0022706295054238353,0.0001479563242856032,0.0
0.0002,0.0002,0.0002,0.0002,214.0,10.0,3.5787627206614826e-05,7.930969576894878e-06,0.07383845727720167,1.640904178912506e-05,2.461501687477485e-06,6.304019773136646e-08,0.0024907214683842186,0.00015392283660084076,0.0,3.1771601164559625e-05,7.910120975447515e-06,0.07431944323039798,1.309480321305616e-05,1.841229814599611e-06,2.622034029805492e-08,0.002259871953047786,0.0001467282682513032,0.0
0.0002,0.0002,0.0002,0.0002,215.0,10.0,3.540766561144355e-05,7.8700127644498e-06,0.07383837140503903,1.6211487934206126e-05,2.35286675705175e-06,5.793203434436742e-08,0.002490796060225768,0.00015315291144296986,0.0,3.122683700985677e-05,7.540736197027252e-06,0.07415462040364948,1.2937235393601251e-05,1.8396687131170026e-06,3.0093553430053005e-08,0.0022619189392407923,0.00014636412802923536,0.0
0.0002,0.0002,0.0002,0.0002,216.0,10.0,3.552783896488687e-05,7.699019136617023e-06,0.0737839006842453,1.6410863525855595e-05,2.454294813842426e-06,5.873719643779911e-08,0.002489715280062968,0.0001526534466149453,0.0,3.234125984774034e-05,7.981270269977336e-06,0.07435480729518877,1.3549031135075153e-05,1.8846871481836606e-06,3.282835135911474e-08,0.002264645746602938,0.0001457962513010857,0.0
0.0002,0.0002,0.0002,0.0002,217.0,10.0,3.5718878349939845e-05,7.836148504637331e-06,0.07391870857421771,1.6453697137415148e-05,2.451908032634185e-06,6.512236639560046e-08,0.0024908663194966383,0.00015201316053008412,0.0,3.17095756148283e-05,7.393010611383842e-06,0.07435145437923682,1.3442132736697447e-05,1.9566173668462237e-06,2.5446674285600728e-08,0.0022656466799005092,0.00014572230452280106,0.0
0.0002,0.0002,0.0002,0.0002,218.0,10.0,3.517003474137695e-05,7.566291300400991e-06,0.07388845085373207,1.6203518327503464e-05,2.4384359902821942e-06,5.7504397907122855e-08,0.002490546829942746,0.00015154398230633712,0.0,3.174790206773546e-05,7.673913602979357e-06,0.07445073517032973,1.3271738199776598e-05,1.875596052209214e-06,2.4475399349689e-08,0.0022715738403311187,0.0001457105673709401,0.0
0.0002,0.0002,0.0002,0.0002,219.0,10.0,3.534354305157742e-05,7.811748354467013e-06,0.07372783314308778,1.6238150802735594e-05,2.3531896158664384e-06,5.964900749929414e-08,0.0024884461335008077,0.00015080221429352575,0.0,3.152742292545192e-05,7.587706998187386e-06,0.07430207672622377,1.3198507270924728e-05,1.8473421507961956e-06,2.1147089210084056e-08,0.002268349641054276,0.00014425119674197804,0.0
0.0002,0.0002,0.0002,0.0002,220.0,10.0,3.57221571003272e-05,7.78724871317735e-06,0.0737974295169594,1.65590671696854e-05,2.4280074784692017e-06,6.543546457372566e-08,0.0024932114876993297,0.000150265549919277,0.0,3.09501105579751e-05,7.27532748069248e-06,0.07423929867550576,1.295832788529759e-05,1.8348903348057467e-06,1.5000125088212683e-08,0.0022661491973119366,0.00014426351729849923,0.0
0.0002,0.0002,0.0002,0.0002,221.0,10.0,3.5488378743786154e-05,7.845118094831662e-06,0.07376225302302532,1.633659067705003e-05,2.369646609468518e-06,6.136625979976624e-08,0.0024931856227877114,0.00014994320939574798,0.0,3.1373251101779946e-05,7.453628738519935e-06,0.07400402444766055,1.3170110446717004e-05,1.8796800738007127e-06,2.7844419389950155e-08,0.0022726243649445034,0.00014415850934386615,0.0
0.0002,0.0002,0.0002,0.0002,222.0,10.0,3.586927263084738e-05,7.867130166674856e-06,0.07378901532659693,1.660600428052134e-05,2.460112827935983e-06,6.418648043650862e-08,0.0024949308217227088,0.00014929376023585929,0.0,3.105897431067577e-05,7.181062764644203e-06,0.07404257519538014,1.312396296445551e-05,1.8917779405244951e-06,2.0079358460440138e-08,0.0022763663614458795,0.00014378338868211742,0.0
0.0002,0.0002,0.0002,0.0002,223.0,10.0,3.5787383072795295e-05,7.88097043336405e-06,0.07372883510520047,1.6572477577157918e-05,2.409415085073436e-06,6.22031263849201e-08,0.0024975999919699906,0.00014894335501346048,0.0,3.1235404726887036e-05,7.257606824555847e-06,0.0742231888960802,1.3165828537793456e-05,1.9342809404230347e-06,2.513178978573435e-08,0.0022830230245933863,0.0001430237876322035,0.0
0.0002,0.0002,0.0002,0.0002,224.0,10.0,3.5057897864226375e-05,7.609324329280708e-06,0.07374322336795107,1.611501725740235e-05,2.4135295864971086e-06,6.075862549987946e-08,0.002504351103201326,0.00014849458847398665,0.0,3.0890608110192604e-05,7.225148693455641e-06,0.07404961308084144,1.2943880740161095e-05,1.8746734942407098e-06,2.0397499372747255e-08,0.0022764990318108955,0.00014215465541782984,0.0
0.0002,0.0002,0.0002,0.0002,225.0,10.0,3.5196859105368266e-05,7.683565815320674e-06,0.07386397988273105,1.6197544657863506e-05,2.386503369633757e-06,6.210008469229482e-08,0.0025045064288185684,0.00014807472963780871,0.0,3.114776921937497e-05,7.3275276726169374e-06,0.07403481537701762,1.3050414191201555e-05,1.9271365376082006e-06,1.9883570530165833e-08,0.002280437195380331,0.00014193257046351854,0.0
0.0002,0.0002,0.0002,0.0002,226.0,10.0,3.532910436542997e-05,7.598509997674829e-06,0.07391363758279743,1.6349215559886468e-05,2.455175589242481e-06,6.209482225475891e-08,0.002501544746454594,0.00014727448688803263,0.0,3.069226035707172e-05,7.254311954198519e-06,0.07406007624827454,1.2746986621171387e-05,1.8602610561665061e-06,1.4489843997474253e-08,0.002267299287237072,0.0001410203398002721,0.0
0.0002,0.0002,0.0002,0.0002,227.0,10.0,3.587122897333425e-05,7.945365709961625e-06,0.07378084585322175,1.653764359375786e-05,2.4707073496816487e-06,7.149868425035658e-08,0.0024951471659870298,0.000146792935414786,0.0,3.057757177230339e-05,7.4525250832212965e-06,0.07412147661187657,1.2474443669470364e-05,1.8023516001309768e-06,2.9578153303016304e-08,0.0022756576169101735,0.0001406525978973622,0.0
0.0002,0.0002,0.0002,0.0002,228.0,10.0,3.5222791781011926e-05,7.6136637650584565e-06,0.07384456295927302,1.6271731459542635e-05,2.428386837173255e-06,6.235542911159928e-08,0.0024990787216074054,0.00014621981597840917,0.0,3.113554884259372e-05,7.609225028371678e-06,0.07421897186746235,1.2832961849645789e-05,1.8372719014605128e-06,3.403537961731156e-08,0.00227596772678364,0.00014001578150858263,0.0
0.0002,0.0002,0.0002,0.0002,229.0,10.0,3.503967292940231e-05,7.634958349868843e-06,0.07379777779703714,1.6128586939676954e-05,2.3751500162511377e-06,6.409060967068675e-08,0.002502772221507511,0.00014571092513088465,0.0,3.1150360608955394e-05,7.375212374405035e-06,0.07438472722847156,1.3020264705009042e-05,1.8891109866172603e-06,2.923962992528976e-08,0.0022800629990736092,0.00013980603603079995,0.0
0.0002,0.0002,0.0002,0.0002,230.0,10.0,3.511124653919323e-05,7.592255581089951e-06,0.07377837967864248,1.624230400143484e-05,2.3857187613941702e-06,6.167271157638035e-08,0.002505471512761019,0.00014514578704207196,0.0,3.24367057432827e-05,8.145081654906175e-06,0.0742503718624478,1.3528431362133501e-05,1.9036227591314072e-06,4.1674961865166525e-08,0.002274750453938817,0.00013928580598032166,0.0
0.0002,0.0002,0.0002,0.0002,231.0,10.0,3.542652054384574e-05,7.639469468451435e-06,0.07381617896370929,1.6443270681948645e-05,2.452218429905424e-06,6.408918567249095e-08,0.0025046302383450467,0.0001445855194581782,0.0,3.1358473115750895e-05,7.4658373225537014e-06,0.07426495326740931,1.31093064659908e-05,1.9280538615074715e-06,4.0566966404311104e-08,0.0022821720064356665,0.0001388213364080128,0.0
0.0002,0.0002,0.0002,0.0002,232.0,10.0,3.54225763038451e-05,7.751658641756179e-06,0.0736562760451158,1.638708458108003e-05,2.408014470126818e-06,6.746880093864812e-08,0.0025079738270133234,0.00014427223622223324,0.0,3.138208389403073e-05,7.618370495617163e-06,0.07404174310216442,1.3050146817067955e-05,1.8976869871006482e-06,2.904015434582906e-08,0.002281703207976987,0.0001382665439475824,0.0
0.0002,0.0002,0.0002,0.0002,233.0,10.0,3.54099326018065e-05,7.71466272289802e-06,0.07365944350687677,1.6433649335827935e-05,2.3935346025507315e-06,6.213435681726155e-08,0.002510663006017082,0.00014400074955155651,0.0,3.083641795487531e-05,7.10397887242145e-06,0.07404193831253217,1.3037902909078204e-05,1.8944190704567072e-06,1.4744568245320293e-08,0.002285504153733074,0.00013811790249054643,0.0
0.0002,0.0002,0.0002,0.0002,234.0,10.0,3.5374960342144603e-05,7.727465199554702e-06,0.073732400603176,1.639038196091408e-05,2.3843681441505733e-06,6.303866216293305e-08,0.002515973947651044,0.0001436466572409287,0.0,3.1396674823120054e-05,7.2410710496196735e-06,0.07398242918471563,1.3328840830921493e-05,2.0264757707398303e-06,1.8415355066310838e-08,0.0023023932092665184,0.00013836293314648253,0.0
0.0002,0.0002,0.0002,0.0002,235.0,10.0,3.5404991724044034e-05,7.615698018623672e-06,0.07378931200867202,1.645446472627818e-05,2.4620583925108112e-06,6.31864493140425e-08,0.002517648345240704,0.00014306531501276276,0.0,3.120519468022746e-05,7.1620050623920705e-06,0.07420512572394936,1.323696001692706e-05,1.9928314005403653e-06,2.472588079688367e-08,0.0022919933202073853,0.00013681597897708802,0.0
0.0002,0.0002,0.0002,0.0002,236.0,10.0,3.524060426941018e-05,7.572312142551892e-06,0.07384248907634787,1.6325745159708318e-05,2.4688112335010572e-06,6.427345184927771e-08,0.0025155857241213934,0.00014252135956512293,0.0,3.1087080982470827e-05,7.1343796879549995e-06,0.07420182150746713,1.3162757201722173e-05,1.987604490283192e-06,1.6715596209000757e-08,0.002290815580233442,0.00013654421085743942,0.0
0.0002,0.0002,0.0002,0.0002,237.0,10.0,3.518449950705957e-05,7.4740476086255675e-06,0.07388364325556067,1.6375562829602597e-05,2.463561491831663e-06,6.476206887476947e-08,0.0025132529313570224,0.00014182012976212302,0.0,3.094107056772546e-05,7.1712191382672895e-06,0.07417193349051228,1.3009703918063597e-05,1.9564708464925113e-06,2.571504794876258e-08,0.002290801966085927,0.0001360768559462331,0.0
0.0002,0.0002,0.0002,0.0002,238.0,10.0,3.558187392297112e-05,7.708442536194394e-06,0.0738903191174575,1.654619581208966e-05,2.45511781525965e-06,6.918895757377186e-08,0.002509866179191732,0.00014138970579819678,0.0,3.071825586507704e-05,7.253176700253075e-06,0.07421417392558292,1.2776649862858262e-05,1.888746856477917e-06,2.2798893341467658e-08,0.002290070098808686,0.0001355466412866845,0.0
0.0002,0.0002,0.0002,0.0002,239.0,10.0,3.517059377453835e-05,7.6132821621993804e-06,0.07389487089592608,1.6267470322412135e-05,2.423326811618859e-06,6.461427250105675e-08,0.0025144671181894607,0.00014124133232199727,0.0,3.0767408508622524e-05,7.100664868844701e-06,0.07423816402168835,1.2951987834709257e-05,1.9160633836558013e-06,1.8183583051427928e-08,0.002296127600492233,0.00013566927928314383,0.0
0.0002,0.0002,0.0002,0.0002,240.0,10.0,3.48774837199987e-05,7.421473832283544e-06,0.07386963318710675,1.614746496053361e-05,2.4495967944978333e-06,6.530770065317997e-08,0.0025155974226458585,0.00014066774834576733,0.0,3.102895533972662e-05,7.283906340606361e-06,0.07419013394410222,1.303161463556692e-05,1.914338657605242e-06,3.0413316168447626e-08,0.0022929689917829416,0.00013496691510768102,0.0
0.0002,0.0002,0.0002,0.0002,241.0,10.0,3.536354234445486e-05,7.42977606331631e-06,0.07395494247300097,1.6575901288338903e-05,2.4929598127531665e-06,6.985355578902094e-08,0.0025154874920168824,0.00013995577629033018,0.0,3.168735005677304e-05,7.691970704494275e-06,0.07414403109195736,1.3289000472157059e-05,1.90598299165448e-06,4.016810337481657e-08,0.0022943791487031844,0.00013458247544221978,0.0
0.0002,0.0002,0.0002,0.0002,242.0,10.0,3.5395557557932206e-05,7.540259507744174e-06,0.07389669924397249,1.6541201815768314e-05,2.4579209166480974e-06,6.82536670879169e-08,0.0025149150695306117,0.0001398252028177789,0.0,3.143685582698831e-05,7.472250296364282e-06,0.07428740686817566,1.3188418371292821e-05,1.9726671615298165e-06,3.5917525009562236e-08,0.002295363777410561,0.00013388617797406265,0.0
0.0002,0.0002,0.0002,0.0002,243.0,10.0,3.569742671924165e-05,7.479506091538815e-06,0.07409800176073592,1.679837209391159e-05,2.5437096312749683e-06,7.299745807968703e-08,0.00251574106614074,0.0001393041493811599,0.0,3.137998647336682e-05,7.4414623201081826e-06,0.07463722467216241,1.3151961479156366e-05,1.9452262231869787e-06,3.825861735530276e-08,0.0022979639329589827,0.00013393556773452092,0.0
0.0002,0.0002,0.0002,0.0002,244.0,10.0,3.5405881415586376e-05,7.430805519438158e-06,0.0741186673597219,1.662413924442775e-05,2.484010479925139e-06,6.629329202026318e-08,0.0025145396568497544,0.00013887664509053396,0.0,3.119473974280878e-05,7.354430053839307e-06,0.07439319944092972,1.3110883005428052e-05,1.9177895457402748e-06,3.7246523675389105e-08,0.002293989943279192,0.00013350709537086463,0.0
0.0002,0.0002,0.0002,0.0002,245.0,10.0,3.538922088652956e-05,7.337054341164941e-06,0.0741600511603506,1.671021055274351e-05,2.4732337765712805e-06,6.927669210494802e-08,0.0025159660295601496,0.00013834406921112234,0.0,3.128472782988069e-05,7.4221891848389866e-06,0.07461639060590507,1.3107794471960628e-05,1.9204363763396455e-06,3.550430781207891e-08,0.002309104867576006,0.0001337164732869062,0.0
0.0002,0.0002,0.0002,0.0002,246.0,10.0,3.5673743662540885e-05,7.32377036409348e-06,0.07406715386394473,1.6941667140763978e-05,2.5562613604253965e-06,6.647904094490984e-08,0.0025154525523137946,0.00013788505515072142,0.0,3.142530227661661e-05,7.373258908814287e-06,0.07469313767026453,1.3273120272173917e-05,1.950042803570267e-06,3.066972888956874e-08,0.0023060483160303024,0.0001328897008669436,0.0
0.0002,0.0002,0.0002,0.0002,247.0,10.0,3.575796064654843e-05,7.341985569994667e-06,0.07416978907905217,1.6986321472177034e-05,2.56864732395884e-06,6.907018163555004e-08,0.0025160138635313242,0.0001374957533051274,0.0,3.074209153716441e-05,7.148316009806247e-06,0.07436416746732685,1.2877263811378883e-05,1.9310766301387963e-06,2.8454990403921252e-08,0.0022996690323266963,0.0001320563569103221,0.0
0.0002,0.0002,0.0002,0.0002,248.0,10.0,3.565678927370932e-05,7.395204302266404e-06,0.07412105240204492,1.6887569190203572e-05,2.5221061976878537e-06,6.905423228518863e-08,0.0025183145907847356,0.00013707502836860056,0.0,3.0494782672529343e-05,6.9959638269751995e-06,0.07467815955411192,1.2807944066146973e-05,1.8707838813705507e-06,2.729222756903895e-08,0.002304749038863192,0.00013249831135908607,0.0
0.0002,0.0002,0.0002,0.0002,249.0,10.0,3.537979311019473e-05,7.257072114150978e-06,0.07427629131071797,1.6762476022198354e-05,2.4974276050457526e-06,6.815912860325562e-08,0.0025189873263296615,0.0001367029161958401,0.0,3.1436938855357575e-05,7.2433114568550304e-06,0.07493185161719272,1.3362655551652025e-05,1.9805842727839835e-06,3.577365944265945e-08,0.0023119267185821254,0.00013214291817241567,0.0
0.0002,0.0002,0.0002,0.0002,250.0,10.0,3.57572118123255e-05,7.345368097360949e-06,0.07421703375460363,1.7016712176980865e-05,2.5444271839354303e-06,6.48667658116385e-08,0.002523042480362308,0.00013641344643706993,0.0,3.129919266964573e-05,6.932250189776295e-06,0.07502984982563962,1.3467753965997088e-05,2.0578365407698954e-06,2.1327947303675768e-08,0.002310018262593881,0.00013170393004848915,0.0
0.0002,0.0002,0.0002,0.0002,251.0,10.0,3.5758693650193205e-05,7.2959967690729996e-06,0.07424914094019142,1.705763271393552e-05,2.5484471268070463e-06,6.953106721659638e-08,0.0025274742400018947,0.00013621720414662232,0.0,3.125999514740118e-05,6.912399646532533e-06,0.07492588279981514,1.3452597810340172e-05,2.0615185552786393e-06,2.45177646182295e-08,0.0023144860743870475,0.00013163732815429948,0.0
0.0002,0.0002,0.0002,0.0002,252.0,10.0,3.523718915137078e-05,7.247968111149484e-06,0.07430396651639495,1.660972236261796e-05,2.526506947103987e-06,6.416507878413008e-08,0.0025300200053414903,0.00013584302185887215,0.0,3.068613720759484e-05,6.731468734259324e-06,0.07517545734722308,1.30690276658724e-05,2.0369742735251324e-06,1.7495582462210155e-08,0.0023225593851125157,0.00013136252392104353,0.0
0.0002,0.0002,0.0002,0.0002,253.0,10.0,3.5575365527098014e-05,7.161176943218865e-06,0.07438908322427207,1.698279395168695e-05,2.5738847871887367e-06,6.566243008621352e-08,0.0025314251425588527,0.00013529393251039787,0.0,3.091654469301178e-05,6.870970898543258e-06,0.07477138206929897,1.3235079702718996e-05,2.0117561116150277e-06,1.4929640524237198e-08,0.002316956307616562,0.0001306670154725841,0.0
0.0002,0.0002,0.0002,0.0002,254.0,10.0,3.528332388132047e-05,7.0170507852154875e-06,0.07447517221832625,1.6824246979877187e-05,2.580616517785213e-06,6.668955348979168e-08,0.0025311227556707367,0.0001347203094681264,0.0,3.0216800183288197e-05,6.676218771358546e-06,0.07526189558027525,1.2752244863609546e-05,1.9387223786805777e-06,1.7451145396111075e-08,0.0023223410983276667,0.00013059736723061144,0.0
0.0002,0.0002,0.0002,0.0002,255.0,10.0,3.52653713123129e-05,7.075941756345218e-06,0.0744403130147559,1.680591018042308e-05,2.5248619303042474e-06,6.887349535753009e-08,0.0025348424728761465,0.00013457528072493758,0.0,3.033124359786711e-05,6.9271687051944676e-06,0.07517028798487772,1.2612542054645195e-05,1.952771993251898e-06,2.634469117751386e-08,0.0023235895024019595,0.00012953874272664736,0.0
0.0002,0.0002,0.0002,0.0002,256.0,10.0,3.5154897530280494e-05,7.06187747856338e-06,0.07452141916290429,1.667435331054076e-05,2.555027680960685e-06,6.848327761891414e-08,0.0025376643905914383,0.00013430142043449435,0.0,3.052425931713779e-05,6.7452864724778465e-06,0.07532832348738575,1.294196738517492e-05,1.9845995390149846e-06,2.1273587127184862e-08,0.0023250294362668553,0.000129830012823335,0.0
0.0002,0.0002,0.0002,0.0002,257.0,10.0,3.5427433505245235e-05,7.109035311118809e-06,0.07448024060795011,1.6910737838902212e-05,2.5543566380151497e-06,6.825328055389699e-08,0.002539508955589953,0.00013370265791309458,0.0,3.0985567699862037e-05,6.926540042158191e-06,0.0752200763479236,1.3181252730429374e-05,2.0446419907698186e-06,1.820477640530485e-08,0.0023278689908611374,0.00012929208668094463,0.0
0.0002,0.0002,0.0002,0.0002,258.0,10.0,3.49681782075717e-05,6.870733536480266e-06,0.07460529093050576,1.6692690788387848e-05,2.547719721995663e-06,6.304458697039946e-08,0.002539174402161963,0.00013334607444024477,0.0,3.039146017207773e-05,6.790569907629433e-06,0.07522203463893448,1.278406775711251e-05,1.9932640907761787e-06,1.74749299137191e-08,0.0023243508718998065,0.00012838801718115562,0.0
0.0002,0.0002,0.0002,0.0002,259.0,10.0,3.499423513246039e-05,6.773136339605213e-06,0.07482844684361052,1.6763302929543522e-05,2.581855359487903e-06,6.56875127779664e-08,0.0025402622550531927,0.0001327408586395153,0.0,3.097304550616254e-05,6.8684439957562825e-06,0.07548790912314682,1.3229741442449181e-05,2.012534894235888e-06,2.639286525585047e-08,0.00232810718506884,0.00012871415072739458,0.0
0.0002,0.0002,0.0002,0.0002,260.0,10.0,3.546476715542031e-05,6.9447738877214855e-06,0.07460001790701598,1.7073180873608138e-05,2.59397629811146e-06,6.917412596177617e-08,0.002539118977437603,0.0001323660540772639,0.0,3.1134386218837135e-05,7.483320271707441e-06,0.075368992339781,1.2881888202884518e-05,1.908971028514328e-06,4.061817824338656e-08,0.0023275872847149117,0.00012826895333522816,0.0
0.0002,0.0002,0.0002,0.0002,261.0,10.0,3.545187759947949e-05,6.913863836114369e-06,0.07477387757011655,1.7050571475734472e-05,2.624192616786017e-06,6.558948281516317e-08,0.002538306626774839,0.00013202725807358865,0.0,3.11733422497826e-05,7.602718445841706e-06,0.0757532126453921,1.2784062282048817e-05,1.8922084457061715e-06,4.2899434752726064e-08,0.0023314876926605263,0.00012761326768819426,0.0
0.0002,0.0002,0.0002,0.0002,262.0,10.0,3.5240074801545656e-05,6.870946650636849e-06,0.07482092990593425,1.6912018060949417e-05,2.583182522265671e-06,7.557772573948716e-08,0.0025400276739628363,0.0001316257099246064,0.0,3.1359638744931156e-05,7.397963797418949e-06,0.07529596636348942,1.3176604338806199e-05,1.9436696436573473e-06,4.04470688084226e-08,0.0023257655988263683,0.00012713575343164144,0.0
0.0002,0.0002,0.0002,0.0002,263.0,10.0,3.501280137712804e-05,6.744983289568848e-06,0.07500640812931518,1.6764390855849186e-05,2.614461415391238e-06,7.353090110271569e-08,0.002541968463770249,0.00013147942536952912,0.0,3.1337304245775236e-05,7.668147725994726e-06,0.07544296487495561,1.288880304468325e-05,1.905128117233324e-06,6.063280713341096e-08,0.0023290819982324557,0.0001270296236514847,0.0
0.0002,0.0002,0.0002,0.0002,264.0,10.0,3.511124758397837e-05,6.843020919294993e-06,0.07496733516829027,1.68519957645917e-05,2.540835467668593e-06,6.897271143785723e-08,0.0025404367948807845,0.0001309689402875823,0.0,3.120421583734144e-05,7.310463410450623e-06,0.07558071783463435,1.3057978039686434e-05,1.959885627083062e-06,4.087246345449791e-08,0.002338955444316009,0.00012769446656952618,0.0
0.0002,0.0002,0.0002,0.0002,265.0,10.0,3.531794177800675e-05,6.935688158240076e-06,0.0749053635198845,1.6926771020864796e-05,2.5829322082133246e-06,7.092893619047937e-08,0.0025436092040397812,0.00013110853429745928,0.0,3.051979565875831e-05,6.868918534058054e-06,0.07584943238220412,1.2808375203613338e-05,1.9666100524025935e-06,2.3806578816707286e-08,0.0023358387906413695,0.00012671424093055837,0.0
0.0002,0.0002,0.0002,0.0002,266.0,10.0,3.557115527882597e-05,6.962738665739158e-06,0.07491777436582096,1.7138553753460235e-05,2.6012044132819756e-06,7.002256364738215e-08,0.0025482805894735017,0.00013068588273684395,0.0,3.070029364997996e-05,6.768497310690455e-06,0.07551960317115057,1.3062028787077929e-05,2.0366137045079664e-06,1.7229926686478222e-08,0.002333639465533455,0.00012639638917383885,0.0
0.0002,0.0002,0.0002,0.0002,267.0,10.0,3.5374542996470484e-05,6.75286990975038e-06,0.07511078463532976,1.709374840774958e-05,2.6408233579966195e-06,7.040541902280968e-08,0.0025510078131088334,0.00013056176685974848,0.0,3.035789944623153e-05,6.819394451617551e-06,0.07563426551831222,1.2708552107154756e-05,1.9839762009924944e-06,1.89142360704844e-08,0.002341868345396896,0.00012636363161049033,0.0
0.0002,0.0002,0.0002,0.0002,268.0,10.0,3.539984758722394e-05,6.822881286675576e-06,0.07502064181058084,1.7070904102338548e-05,2.62994656991727e-06,7.129642333282884e-08,0.002552597753242524,0.00013027552101409985,0.0,3.0260271462047904e-05,6.6504916374589345e-06,0.0758560138744879,1.2717049558638467e-05,2.0211677145845055e-06,2.5875668310064616e-08,0.002341442383345616,0.00012600859784102028,0.0
0.0002,0.0002,0.0002,0.0002,269.0,10.0,3.4721982496307607e-05,6.438541890040916e-06,0.07527485189656571,1.675879859798622e-05,2.631243839266025e-06,6.834029313327161e-08,0.0025523073167467757,0.00012975730109806582,0.0,3.0079483225575898e-05,6.584540559897096e-06,0.07597708158117678,1.2599667633159358e-05,2.0111726346712198e-06,2.534804119928102e-08,0.0023495082745077184,0.00012610465205004833,0.0
0.0002,0.0002,0.0002,0.0002,270.0,10.0,3.4806549318246935e-05,6.5257751031053415e-06,0.07520380867271066,1.680251704699395e-05,2.5972583995474066e-06,6.633390273919027e-08,0.0025570564725084354,0.00012942841582363912,0.0,3.0293543852897317e-05,6.566123754014386e-06,0.07586620920772784,1.2814244360959549e-05,2.0432818704305105e-06,3.1233947549827516e-08,0.0023473446047139776,0.0001252039239205002,0.0
0.0002,0.0002,0.0002,0.0002,271.0,10.0,3.513280062329897e-05,6.521965480898865e-06,0.07538132594639683,1.7047235342645882e-05,2.6669053662779823e-06,6.889844704424959e-08,0.0025538590633218078,0.00012896635156215525,0.0,3.0214981606146958e-05,6.650781580593411e-06,0.07617520974066018,1.268840727038642e-05,1.9774433979849834e-06,3.2172266597816734e-08,0.002340096375295912,0.00012486564563030407,0.0
0.0002,0.0002,0.0002,0.0002,272.0,10.0,3.5251066488377126e-05,6.692095357380474e-06,0.07509327688305006,1.7049837249144714e-05,2.638927645648283e-06,7.194253779900916e-08,0.0025519373506715745,0.00012889363185411817,0.0,3.086981991882284e-05,7.452429352609854e-06,0.07591929031490867,1.2634898036679647e-05,1.8986250739929356e-06,4.193406182695216e-08,0.002345880270761576,0.00012500044401780587,0.0
0.0002,0.0002,0.0002,0.0002,273.0,10.0,3.4992047509605475e-05,6.530916066164553e-06,0.07540550131081782,1.692858382321819e-05,2.640641169368408e-06,6.564234655058784e-08,0.002556726132610082,0.0001285714108912724,0.0,3.087234993167258e-05,7.113147309915476e-06,0.07612285543890561,1.2868565704986874e-05,1.9707710174622213e-06,5.866041023784992e-08,0.00234872802679514,0.00012489200987389663,0.0
0.0002,0.0002,0.0002,0.0002,274.0,10.0,3.5073233279475673e-05,6.546987056436801e-06,0.07538515557823161,1.6994222664762666e-05,2.640530651362813e-06,6.892171816122494e-08,0.0025563496568112103,0.00012840557615942212,0.0,3.0325696057831153e-05,6.677822218385373e-06,0.0757506804018697,1.2822362258510954e-05,1.983595999433677e-06,2.5801858015778992e-08,0.0023410904630503026,0.00012410459409054582,0.0
0.0002,0.0002,0.0002,0.0002,275.0,10.0,3.5093677673621027e-05,6.619415791222722e-06,0.07524423365339088,1.6963732000002964e-05,2.6367016466299176e-06,6.795703659609827e-08,0.002558867778164271,0.00012814481501931388,0.0,3.0128045090945287e-05,6.348171018072179e-06,0.07644843469957167,1.2830226573440332e-05,2.0384245483381e-06,2.172638344204501e-08,0.002359329573375054,0.00012446531524194307,0.0
0.0002,0.0002,0.0002,0.0002,276.0,10.0,3.484762142034034e-05,6.390962916603802e-06,0.07547538114525937,1.695210190827652e-05,2.614396746583145e-06,6.334997805935072e-08,0.0025638322887307696,0.00012792720873020959,0.0,3.023422964534176e-05,6.498858181242442e-06,0.07611642507223934,1.282110916127406e-05,2.029469602038809e-06,3.0176367364156186e-08,0.0023601376963134817,0.00012429739364275223,0.0
0.0002,0.0002,0.0002,0.0002,277.0,10.0,3.493809316113651e-05,6.239531672883595e-06,0.07563203273923737,1.7120979983480665e-05,2.6727854805191803e-06,6.627319353178277e-08,0.002562238624212418,0.00012753198353894062,0.0,3.060959508389985e-05,6.6378499592863775e-06,0.07582558969931619,1.3049862100380973e-05,2.063348295759261e-06,4.2044591924906075e-08,0.002348188515494748,0.00012339316640070568,0.0
0.0002,0.0002,0.0002,0.0002,278.0,10.0,3.565751402991926e-05,6.6889693513967444e-06,0.0751961654255454,1.7354810151125138e-05,2.7411234723269627e-06,7.811236016639532e-08,0.002561427124044065,0.00012748823664204118,0.0,3.066845373216808e-05,7.30530079752523e-06,0.07618450254820622,1.2530542683833112e-05,1.940828531005017e-06,4.1302287265028645e-08,0.0023515824249471864,0.00012320291255878696,0.0
0.0002,0.0002,0.0002,0.0002,279.0,10.0,3.513110772546849e-05,6.513041318418394e-06,0.07555726667956322,1.7075111527862925e-05,2.6494350986551927e-06,6.645294507652595e-08,0.002564726210280326,0.00012713404203012465,0.0,2.9733112940725275e-05,6.381839844759229e-06,0.07612417037614902,1.2479858627444112e-05,1.99401763954128e-06,3.913667638025359e-08,0.0023601361297419018,0.00012258433019184461,0.0
0.0002,0.0002,0.0002,0.0002,280.0,10.0,3.512108522582885e-05,6.472898500821739e-06,0.07547985801259882,1.711801490482247e-05,2.64617451144527e-06,6.679187232240436e-08,0.002568906955832533,0.00012692199506879264,0.0,3.0086126936461443e-05,6.431965942670654e-06,0.07592719826834425,1.2758514682088632e-05,2.0630036477182816e-06,1.7515102128370402e-08,0.0023505384393300616,0.0001222407888855433,0.0
0.0002,0.0002,0.0002,0.0002,281.0,10.0,3.473198209636384e-05,6.137046081207671e-06,0.07569800645933297,1.699631979514263e-05,2.696326302788439e-06,6.673103582341824e-08,0.0025665270482739346,0.0001265758443707773,0.0,3.02570723285961e-05,6.615437166483609e-06,0.07638524395371804,1.2673269518228912e-05,2.0658878086883102e-06,3.462696561165169e-08,0.0023691283057969076,0.0001229326718111819,0.0
0.0002,0.0002,0.0002,0.0002,282.0,10.0,3.488595651790515e-05,6.433388501487249e-06,0.0756854557861582,1.6940412196139573e-05,2.6099810124028376e-06,6.835764489895648e-08,0.002571235813601168,0.00012652718558045197,0.0,3.099437259674591e-05,6.826351516471786e-06,0.0762479707959614,1.3157011607020124e-05,2.1333680267337428e-06,2.8464700511303e-08,0.0023579149930754027,0.00012243801390679287,0.0
0.0002,0.0002,0.0002,0.0002,283.0,10.0,3.479097237838945e-05,6.175540948059029e-06,0.07578821397478791,1.702410606987682e-05,2.6862929248713663e-06,6.54848002131354e-08,0.002571145836786649,0.0001260726423144672,0.0,3.0156311890454585e-05,6.344451169006726e-06,0.07650104567253878,1.278042388429196e-05,2.1284929406057995e-06,3.874400388673217e-08,0.002359961682792018,0.00012140955953872086,0.0
0.0002,0.0002,0.0002,0.0002,284.0,10.0,3.4883568970814715e-05,6.208066069847794e-06,0.07575527027944463,1.710571221232052e-05,2.6704613746732594e-06,6.635586689359597e-08,0.0025708558060165833,0.00012574466189472494,0.0,3.080092206347881e-05,6.5776416665128095e-06,0.07607683129479728,1.3220718712143111e-05,2.142480643154514e-06,3.119654266863587e-08,0.002359201939080465,0.00012212014649039986,0.0
0.0002,0.0002,0.0002,0.0002,285.0,10.0,3.502417135243624e-05,6.3314690363484424e-06,0.07550491282285662,1.7159613164525304e-05,2.655010370603387e-06,7.096564446306546e-08,0.002575102711017867,0.00012566219974479066,0.0,3.0403454018590383e-05,6.42757435938601e-06,0.07624660215782046,1.2994240876786343e-05,2.1109876088149864e-06,2.6823238433929964e-08,0.0023632884471899603,0.00012191676236473581,0.0
0.0002,0.0002,0.0002,0.0002,286.0,10.0,3.489309893562662e-05,6.110051012374424e-06,0.0758338976690775,1.7176329500949406e-05,2.706045354843275e-06,6.485675142182167e-08,0.0025732348801872596,0.00012524267228484123,0.0,3.0083770662276067e-05,6.486104504619387e-06,0.07645855632620287,1.2642362151910962e-05,2.054042328612825e-06,4.024195625249383e-08,0.0023656502683489073,0.00012151644141749627,0.0
0.0002,0.0002,0.0002,0.0002,287.0,10.0,3.530506550003509e-05,6.486044739697668e-06,0.07537925559908118,1.729026928663683e-05,2.663210547555897e-06,7.721567423797173e-08,0.0025733084753242247,0.00012503999149044055,0.0,3.066751033754614e-05,7.231125721121986e-06,0.0759145588610824,1.260857110990646e-05,1.986034045729092e-06,4.4548390935396974e-08,0.0023594905918779877,0.00012057753960497453,0.0
0.0002,0.0002,0.0002,0.0002,288.0,10.0,3.508962505033e-05,6.3836422203308185e-06,0.07594223785096418,1.7107944902933686e-05,2.687861158286903e-06,6.608261364740104e-08,0.002579138264434753,0.00012498706521742834,0.0,3.0126717924176646e-05,6.618694748344924e-06,0.07605125610700528,1.2586489161143284e-05,2.060781418624731e-06,4.419856300099483e-08,0.0023750037641287057,0.00012114286505257482,0.0
0.0002,0.0002,0.0002,0.0002,289.0,10.0,3.449774258707031e-05,6.036864738001954e-06,0.07579526919019766,1.691107109976314e-05,2.655132930578875e-06,6.916218707729496e-08,0.0025777187543448454,0.00012459847774328088,0.0,3.059466569060577e-05,6.672945304810354e-06,0.07663262346727213,1.2927804647922059e-05,2.090096033329652e-06,3.64953228114768e-08,0.002366762635681559,0.0001204062297572277,0.0
0.0002,0.0002,0.0002,0.0002,290.0,10.0,3.490680296486884e-05,6.178065209785739e-06,0.07566495960662496,1.7120844948686334e-05,2.7235499247677453e-06,7.4453832412716e-08,0.0025808170682536232,0.00012433933110025545,0.0,3.1674099458522725e-05,7.57783673604652e-06,0.07666002340279648,1.3140638874744446e-05,2.0327146305522976e-06,4.7624565569140974e-08,0.0023767798293098342,0.00012092823455601433,0.0
0.0002,0.0002,0.0002,0.0002,291.0,10.0,3.4654885992095456e-05,6.151842003588149e-06,0.07587361562445569,1.6949801577848852e-05,2.6549176246410313e-06,6.899367529257562e-08,0.002581700988343107,0.0001241969746077147,0.0,3.0883017536646494e-05,6.550749784604277e-06,0.07653073033247026,1.3270292666521026e-05,2.162821433644381e-06,4.434230258793297e-08,0.0023743802170788026,0.0001201738458926182,0.0
0.0002,0.0002,0.0002,0.0002,292.0,10.0,3.505640348579241e-05,6.208039282979719e-06,0.07571871706810934,1.726129548697246e-05,2.7037432253285442e-06,7.204575328085638e-08,0.0025829712021489645,0.00012394083269167587,0.0,3.062242255311509e-05,6.657275076942264e-06,0.07589679840423656,1.3023038314527956e-05,2.110657411295525e-06,4.114155309395762e-08,0.002371096496138348,0.00012006303670242707,0.0
0.0002,0.0002,0.0002,0.0002,293.0,10.0,3.5403680263196284e-05,6.524367693207506e-06,0.07546044640221519,1.731397871748016e-05,2.705093500664067e-06,7.476123136058875e-08,0.002585737459774725,0.00012394348785214687,0.0,3.103364670851488e-05,6.649669897194481e-06,0.07603445827032868,1.3263976093248134e-05,2.264587258729146e-06,4.8697976284317795e-08,0.002380582335192362,0.00012032699460398557,0.0
0.0002,0.0002,0.0002,0.0002,294.0,10.0,3.5158365873401255e-05,6.343215696399958e-06,0.07597385415355705,1.7227146818651945e-05,2.688926270023242e-06,6.719272387228729e-08,0.0025900025860049513,0.00012344991660010298,0.0,3.0896889590423607e-05,6.400755835778072e-06,0.0764111904330732,1.3378234225818164e-05,2.236874292664929e-06,3.794511315231279e-08,0.002382788318531607,0.0001201961495413362,0.0
0.0002,0.0002,0.0002,0.0002,295.0,10.0,3.493701682175551e-05,6.135048573085672e-06,0.07574594534440698,1.719986069461204e-05,2.724801842336148e-06,6.986124943237172e-08,0.0025907776022573393,0.0001232850114799818,0.0,3.0757616828869466e-05,6.569613577236023e-06,0.07615962830794311,1.315001618524963e-05,2.1819133437349222e-06,4.0651903724079965e-08,0.002386478576680265,0.00011994590393719134,0.0
0.0002,0.0002,0.0002,0.0002,296.0,10.0,3.537738315564692e-05,6.3840855639776825e-06,0.07571466734619214,1.7402571139262285e-05,2.7148451469143097e-06,7.218990881677803e-08,0.0025964526432455883,0.00012322247374832714,0.0,3.109425210272515e-05,6.635330457551875e-06,0.07620191860260848,1.3346468758329932e-05,2.2547061752436904e-06,4.158297361347168e-08,0.002385173122250317,0.00011959722930432344,0.0
0.0002,0.0002,0.0002,0.0002,297.0,10.0,3.499716788365624e-05,6.102425098906888e-06,0.07600741698629147,1.721689608013645e-05,2.777706858043962e-06,7.172866105297731e-08,0.0025968248025740066,0.00012276698408398594,0.0,3.0501480940508835e-05,6.8805256612205846e-06,0.07619500521145064,1.2705217765042075e-05,2.0494690153445624e-06,5.1085034573912283e-08,0.0023843950413128807,0.00011956832977973536,0.0
0.0002,0.0002,0.0002,0.0002,298.0,10.0,3.491122734771214e-05,6.276326933051361e-06,0.0758402202598267,1.7080470399425957e-05,2.6695606240526894e-06,7.29640260215603e-08,0.0026011927780509076,0.00012278836904644515,0.0,3.097238619488569e-05,6.495489855026264e-06,0.0765142599346316,1.3339310393424099e-05,2.2309790028845554e-06,6.642638334810994e-08,0.0023936988664210925,0.00011887546776574158,0.0
0.0002,0.0002,0.0002,0.0002,299.0,10.0,3.482344754574995e-05,6.1613347941153816e-06,0.0759522339915222,1.704062152400175e-05,2.7275297142442484e-06,7.307609323410926e-08,0.002601989545305423,0.00012256623426743648,0.0,3.087489928623318e-05,6.630916197480216e-06,0.07638338141169103,1.3202041165694776e-05,2.1647363236979013e-06,5.077267156648021e-08,0.0023912090870993256,0.00011880949100596906,0.0
0.0002,0.0002,0.0002,0.0002,300.0,10.0,3.5250752809916614e-05,6.148096861094539e-06,0.07599400153136525,1.7430677357433653e-05,2.7746825913605162e-06,7.548043844537125e-08,0.0026061863934981506,0.0001222415642702439,0.0,3.136912486593482e-05,6.982136347092838e-06,0.07617694755635872,1.329523985796784e-05,2.2285581497072728e-06,5.3140008754736803e-08,0.0024002863192498993,0.00011923559759452473,0.0
0.0002,0.0002,0.0002,0.0002,301.0,10.0,3.489790765396493e-05,6.1678868174330005e-06,0.07589294923890696,1.711041905595141e-05,2.739171294019352e-06,6.830010285235222e-08,0.0026096187763187577,0.0001222835810397033,0.0,3.0392372250499746e-05,6.432678218638965e-06,0.07666258397914959,1.2908411825589066e-05,2.1563912535866086e-06,3.7876848570321015e-08,0.002398469536500793,0.00011907560427779506,0.0
0.0002,0.0002,0.0002,0.0002,302.0,10.0,3.4780122066160025e-05,5.983778470964326e-06,0.07602189643427913,1.7131327589458766e-05,2.777406927027875e-06,6.626343362992609e-08,0.002609704206832105,0.0001219156169852859,0.0,3.1020530611628086e-05,7.133937050415921e-06,0.076298306351302,1.2919886725518204e-05,2.095846303402902e-06,5.73924371741264e-08,0.0023983332826385344,0.00011836376109049304,0.0
0.0002,0.0002,0.0002,0.0002,303.0,10.0,3.513446333477894e-05,6.208246824359279e-06,0.07576089073936033,1.7273751405587656e-05,2.775540336314925e-06,8.213057326364796e-08,0.002611531655379025,0.00012187053552886439,0.0,3.185373505679762e-05,7.673393669405269e-06,0.0763923529161714,1.3180769927212515e-05,2.11445439722458e-06,6.5983555560599e-08,0.002394919441593972,0.00011798986137345527,0.0
0.0002,0.0002,0.0002,0.0002,304.0,10.0,3.509043261421334e-05,6.248298292043748e-06,0.07608362060933899,1.7111766315283008e-05,2.830067734244774e-06,7.525286866619791e-08,0.0026116357851973847,0.0001216685411313754,0.0,3.201443363474235e-05,8.17372911964645e-06,0.07627643028654442,1.2925370935298088e-05,2.0489604665336567e-06,6.12354119860106e-08,0.002404198955235339,0.00011774947887114741,0.0
0.0002,0.0002,0.0002,0.0002,305.0,10.0,3.458079306886185e-05,6.087151086993142e-06,0.07578854518862663,1.6912378633232887e-05,2.7169570193887454e-06,6.962343861750335e-08,0.0026150486314006276,0.00012158286511337055,0.0,3.180296083455152e-05,7.5220143941418785e-06,0.07613467030665454,1.3278789606610659e-05,2.1490716893500753e-06,5.7919643866116024e-08,0.0024096954204657706,0.00011816986488908688,0.0
4e-05,4e-05,4e-05,4e-05,306.0,10.0,3.176906330818312e-05,4.544506047060584e-06,0.07636945329632494,1.579955681918451e-05,2.550784127401584e-06,2.0249613294173773e-08,0.0026250305920875535,0.00012170216553782318,0.0,2.6446029214419272e-05,4.058518846306728e-06,0.07676135898152024,1.1644819414003399e-05,1.9052020236106894e-06,9.819054343156187e-09,0.002394455339627463,0.00011515342936715938,0.0
4e-05,4e-05,4e-05,4e-05,307.0,10.0,3.119288753388813e-05,4.270811635027569e-06,0.07644455094336304,1.5562461009314783e-05,2.486340376733702e-06,1.934314915802789e-08,0.0026310857207590094,0.00012094765736371578,0.0,2.6301402081321533e-05,4.052708854895261e-06,0.07672073104286689,1.1539880932649445e-05,1.8783411810116874e-06,9.20100238521622e-09,0.0024048789520345138,0.00011491972542606346,0.0
4e-05,4e-05,4e-05,4e-05,308.0,10.0,3.098664414617338e-05,4.208064456675526e-06,0.07647942173265566,1.5440654527229197e-05,2.4676728869523515e-06,1.8931803655241977e-08,0.0026340935165838123,0.00012033784960798593,0.0,2.6299778217869524e-05,3.998380307685633e-06,0.07676030141156437,1.1594282041958423e-05,1.8742541400807005e-06,9.626501804075596e-09,0.002414120966246332,0.00011472052889724002,0.0
4e-05,4e-05,4e-05,4e-05,309.0,10.0,3.085352594336348e-05,4.178916326817852e-06,0.07655314607554035,1.5371394006881916e-05,2.4325041962389357e-06,1.7995010575618054e-08,0.0026365462728326714,0.00011974018692095625,0.0,2.613612698268421e-05,4.0047842789935105e-06,0.07680532145458935,1.1443857508758218e-05,1.8557720475645286e-06,1.0161227159957391e-08,0.0024155169978389793,0.00011410199817323212,0.0
4e-05,4e-05,4e-05,4e-05,310.0,10.0,3.0634790382045794e-05,4.117751291701323e-06,0.07654945877613896,1.5247148152107937e-05,2.406355336267613e-06,1.7523670042540148e-08,0.0026367175166422266,0.00011910663372634276,0.0,2.608687358663742e-05,3.9762938452796335e-06,0.07691199500049274,1.1436699018757527e-05,1.8361780358672524e-06,1.0144345552734151e-08,0.0024157552391767603,0.00011363590550849618,0.0
4e-05,4e-05,4e-05,4e-05,311.0,10.0,3.050381031984017e-05,4.08960674184504e-06,0.07658467955857332,1.5173247693489394e-05,2.380092336932995e-06,1.7030569427321597e-08,0.0026365639927408424,0.00011853652031802057,0.0,2.6065643682958482e-05,4.03326639114557e-06,0.07677483004372837,1.1395757780777547e-05,1.8191636881725716e-06,7.946554600812915e-09,0.002420873569717766,0.00011320265550308363,0.0
4e-05,4e-05,4e-05,4e-05,312.0,10.0,3.048944249748303e-05,4.068055890559236e-06,0.07659077096940478,1.5201759800467877e-05,2.364867050939636e-06,1.6283823062659767e-08,0.00263635033630854,0.00011793990617930334,0.0,2.6024849632455625e-05,3.976648216987313e-06,0.07677807377902694,1.1415565698931383e-05,1.8175813855207308e-06,9.784606192557313e-09,0.0024237623212659235,0.0001127462632444854,0.0
4e-05,4e-05,4e-05,4e-05,313.0,10.0,3.043138654424602e-05,4.069554513383696e-06,0.0766692528451997,1.5163214727671369e-05,2.3417316963101523e-06,1.6032961586663062e-08,0.0026371470992361196,0.00011739274084688543,0.0,2.579279981045899e-05,3.905398522424721e-06,0.0769619971874676,1.1280599672516466e-05,1.7810683652287102e-06,7.245271896471903e-09,0.002422975354496016,0.00011222885692014583,0.0
4e-05,4e-05,4e-05,4e-05,314.0,10.0,3.0417983298347192e-05,4.032550694566264e-06,0.07669071062680037,1.5208686783974941e-05,2.323795469261152e-06,1.565641739150095e-08,0.002636810192760175,0.00011682230827380152,0.0,2.5802122420679887e-05,3.92732139733884e-06,0.07692691400183113,1.1278281531414093e-05,1.7804338133912607e-06,8.323027211684087e-09,0.002422740948821537,0.0001115071515310604,0.0
4e-05,4e-05,4e-05,4e-05,315.0,10.0,3.0343655192327615e-05,3.99261756570102e-06,0.07674365149772823,1.5186211188860833e-05,2.31125344813323e-06,1.5755457611685304e-08,0.002635934364241515,0.00011634526780170724,0.0,2.5884615012592995e-05,3.977744809540331e-06,0.07696328799411087,1.1320042442446305e-05,1.768779064523612e-06,8.062924524122148e-09,0.0024257049650907724,0.0001113657357293434,0.0
4e-05,4e-05,4e-05,4e-05,316.0,10.0,3.0465588971783488e-05,4.010331749369223e-06,0.07674881092446707,1.5283283169975894e-05,2.3234640623653488e-06,1.5455064999430294e-08,0.002635564195907231,0.00011581741089818931,0.0,2.574836769617895e-05,3.9484399453503e-06,0.07700407881431513,1.1218304132674137e-05,1.7644666342737285e-06,7.964563928790305e-09,0.0024269635113968054,0.00011087849003683363,0.0
4e-05,4e-05,4e-05,4e-05,317.0,10.0,3.046728623035375e-05,3.987403616164905e-06,0.07679041950356384,1.531447149463159e-05,2.317458929784803e-06,1.535654165921282e-08,0.0026358554638789993,0.00011535539516929434,0.0,2.584118682940577e-05,3.950950698312239e-06,0.07699402566083988,1.1308105291441609e-05,1.7688231707878123e-06,8.663953399387761e-09,0.002428828452626778,0.00011052412829268401,0.0
4e-05,4e-05,4e-05,4e-05,318.0,10.0,3.0531011955038104e-05,3.976144558379982e-06,0.07676013761985978,1.5402127941833027e-05,2.313061718607015e-06,1.47064252254131e-08,0.002635557031306889,0.00011489579423700351,0.0,2.5963028275299493e-05,3.986866728268585e-06,0.07699778560020519,1.1402339212125166e-05,1.7637311360477759e-06,7.777671655506729e-09,0.0024304012228190176,0.00011025350069827368,0.0
4e-05,4e-05,4e-05,4e-05,319.0,10.0,3.054866682710293e-05,3.975764250692855e-06,0.0768177809029659,1.5433217390232114e-05,2.2988737989008277e-06,1.481104101577207e-08,0.0026356266215127643,0.00011442225447298156,0.0,2.585208919101212e-05,3.900831581323382e-06,0.07705273409615751,1.1387093540868396e-05,1.7524997922204906e-06,7.39518240108924e-09,0.0024327206180453508,0.00010989959169995719,0.0
4e-05,4e-05,4e-05,4e-05,320.0,10.0,3.0520832637787154e-05,3.962427825151858e-06,0.07680077505911553,1.542996197529579e-05,2.293219401943857e-06,1.4656379078582647e-08,0.002635357387504586,0.00011404897810356837,0.0,2.5863020093128678e-05,4.0149630588885885e-06,0.07702212450722921,1.1290337989084066e-05,1.7512104431423904e-06,9.50640438648235e-09,0.0024348568585362915,0.00010947899305537403,0.0
4e-05,4e-05,4e-05,4e-05,321.0,10.0,3.0564955719245904e-05,3.963582508776444e-06,0.07684331551926349,1.5480911485931868e-05,2.2855517240007437e-06,1.4523272036349504e-08,0.0026354823079466233,0.00011360556046229312,0.0,2.5750219137864033e-05,3.887994678460893e-06,0.07709080790359668,1.1307445121809461e-05,1.7489533021092951e-06,8.066393331063182e-09,0.002431066477974187,0.00010886789195267338,0.0
4e-05,4e-05,4e-05,4e-05,322.0,10.0,3.0600888458770663e-05,3.93785185509483e-06,0.0768956462560463,1.5546447349809146e-05,2.2810418603493626e-06,1.4476903790459852e-08,0.0026346728956756368,0.0001131506258311153,0.0,2.5736699200153334e-05,3.876420908747422e-06,0.07707746056227535,1.1329433927221859e-05,1.7301297610597006e-06,6.756258119671845e-09,0.0024318405609113844,0.0001086212578921955,0.0
4e-05,4e-05,4e-05,4e-05,323.0,10.0,3.065876707289802e-05,3.9485809946530845e-06,0.07693776404663467,1.5589202963126658e-05,2.2853884958533413e-06,1.4409308889802643e-08,0.0026331992120501423,0.00011274090848235794,0.0,2.5721495932513514e-05,3.889861064261127e-06,0.07710082919230511,1.1297723940090575e-05,1.7331842279613314e-06,8.552535745353696e-09,0.002433828224031622,0.00010820914296383782,0.0
4e-05,4e-05,4e-05,4e-05,324.0,10.0,3.06086098431163e-05,3.932990399379131e-06,0.07694445428281281,1.5571388332437357e-05,2.2718241709861325e-06,1.4555605585541563e-08,0.0026339154563412917,0.00011234061737125543,0.0,2.5832906157085687e-05,3.975586994809129e-06,0.07727644811658298,1.1313221137771794e-05,1.7294696153253914e-06,7.78023599870818e-09,0.002434230218625347,0.00010792035574362746,0.0
4e-05,4e-05,4e-05,4e-05,325.0,10.0,3.06910352729605e-05,3.921162379436323e-06,0.07692096359658089,1.568107657941728e-05,2.263199260778684e-06,1.4490394646065724e-08,0.0026329494723962366,0.00011190106496714524,0.0,2.5686348748938576e-05,3.8916660792313745e-06,0.07717175211976557,1.1281001879239603e-05,1.7132953224415068e-06,6.499544533489298e-09,0.002439192835415575,0.00010767109136782534,0.0
4e-05,4e-05,4e-05,4e-05,326.0,10.0,3.075912419648673e-05,3.920968416824206e-06,0.07703005670229242,1.5731482552720244e-05,2.2741985931121807e-06,1.4402315696759216e-08,0.0026316825754380824,0.00011150668189382691,0.0,2.5749543591005288e-05,3.883874610421752e-06,0.07736664886705603,1.1322215164314931e-05,1.7238725837013682e-06,9.582049863292946e-09,0.002439453627891632,0.000107333456527822,0.0
4e-05,4e-05,4e-05,4e-05,327.0,10.0,3.086997778425343e-05,3.901378120282144e-06,0.07706571685988031,1.585552815194821e-05,2.2807887852555017e-06,1.4073144266555367e-08,0.002632039388132193,0.00011116382307597998,0.0,2.591130924226324e-05,3.928300418819411e-06,0.0772422992956267,1.1460684349142183e-05,1.72080742079587e-06,8.077407945120619e-09,0.0024369690079035747,0.00010692100961186889,0.0
4e-05,4e-05,4e-05,4e-05,328.0,10.0,3.084871954493559e-05,3.911835574234848e-06,0.0769868156762529,1.5850300545030268e-05,2.2660577613292385e-06,1.4171089655944753e-08,0.002632321206780997,0.00011076732861502299,0.0,2.591398135343225e-05,3.891638541840322e-06,0.07728698643433594,1.1483245037899566e-05,1.7324846085539415e-06,1.1145097473896876e-08,0.0024373384545457303,0.00010667696752946801,0.0
4e-05,4e-05,4e-05,4e-05,329.0,10.0,3.102723877752698e-05,3.902236294237694e-06,0.07705616478930158,1.6021973218936946e-05,2.2797593695601785e-06,1.407961467472448e-08,0.0026308463442164913,0.00011035741236421362,0.0,2.5968882947605085e-05,3.8823177112708215e-06,0.07733775528347615,1.1547874462307703e-05,1.731761142693097e-06,9.529193975229813e-09,0.002439786048419129,0.00010636253292372435,0.0
4e-05,4e-05,4e-05,4e-05,330.0,10.0,3.1049607946554014e-05,3.896660867812238e-06,0.07713643606347739,1.604045502394575e-05,2.284539393794827e-06,1.4229452154179375e-08,0.002628697688624125,0.00011000797848186149,0.0,2.5842014582877838e-05,3.8990677733079375e-06,0.07729802757604724,1.1423600320284088e-05,1.7215777481548644e-06,1.0492332858756099e-08,0.002437827038775266,0.00010574740177761823,0.0
4e-05,4e-05,4e-05,4e-05,331.0,10.0,3.1193985512663986e-05,3.9093864607822855e-06,0.07709624062049189,1.617524016130198e-05,2.289233377047861e-06,1.408947407252485e-08,0.0026291872449604628,0.00010964122908126404,0.0,2.6119514942368787e-05,3.909768718422191e-06,0.07722623040416249,1.1686527828859807e-05,1.7339839803947751e-06,9.081512520078069e-09,0.0024411813186797407,0.0001057529973981388,0.0
4e-05,4e-05,4e-05,4e-05,332.0,10.0,3.126730456299391e-05,3.899708672925358e-06,0.07709558642324973,1.6247887329883197e-05,2.3028896331238023e-06,1.3960053987240841e-08,0.0026284255161235425,0.00010933005788683284,0.0,2.599954855669903e-05,3.859678929490426e-06,0.07739975115213427,1.1619575970786065e-05,1.716279819274183e-06,9.618588675253652e-09,0.0024414024103084856,0.00010544203831467803,0.0
4e-05,4e-05,4e-05,4e-05,333.0,10.0,3.120603600551078e-05,3.875094031962357e-06,0.07712140276773298,1.623161958717094e-05,2.284437800216741e-06,1.3695505060184422e-08,0.002627823941059609,0.0001089049114913281,0.0,2.5944549130478466e-05,3.926343162618392e-06,0.07735125821045113,1.1527012448842253e-05,1.7004790735565848e-06,6.338462930992083e-09,0.0024364397588756363,0.00010492505403993865,0.0
4e-05,4e-05,4e-05,4e-05,334.0,10.0,3.140217705832226e-05,3.886925220359574e-06,0.07715343841679888,1.639597419273603e-05,2.304316498762306e-06,1.4129031069491669e-08,0.0026274747412564936,0.00010854884209492425,0.0,2.6154674169667683e-05,3.871574017938684e-06,0.07736386276240168,1.1774059532421435e-05,1.7152347784406135e-06,8.26477097755289e-09,0.002443065437420584,0.00010491549149305667,0.0
4e-05,4e-05,4e-05,4e-05,335.0,10.0,3.150570779578191e-05,3.901145735480305e-06,0.07714593135822097,1.6479306439872676e-05,2.314815491320105e-06,1.3935487627303776e-08,0.0026272481599656757,0.00010819117170208198,0.0,2.6109012431139004e-05,3.921512426355252e-06,0.07730623700730116,1.1680116137074846e-05,1.7241843847530894e-06,7.420328144323906e-09,0.002444106556964993,0.00010451557101301364,0.0
4e-05,4e-05,4e-05,4e-05,336.0,10.0,3.158841402755196e-05,3.890316193268943e-06,0.07720629433649698,1.655623825973573e-05,2.32881087019213e-06,1.3901150739133349e-08,0.002625646883461967,0.00010785184073952412,0.0,2.610030395642872e-05,3.881441686131426e-06,0.07748728162998972,1.1693409712490243e-05,1.7248624366068924e-06,9.06307467367271e-09,0.002443475181891045,0.0001042799142766466,0.0
4e-05,4e-05,4e-05,4e-05,337.0,10.0,3.1705544343254834e-05,3.907347947103695e-06,0.07716866323438559,1.6651030949990255e-05,2.3409091852946655e-06,1.407386587077231e-08,0.0026245327663735264,0.00010753162442318281,0.0,2.6086650445731436e-05,3.857405295408189e-06,0.07742145526058533,1.1728769385025862e-05,1.7113347212806539e-06,6.690291353596849e-09,0.002443898347557674,0.00010403054446869394,0.0
4e-05,4e-05,4e-05,4e-05,338.0,10.0,3.172912703297376e-05,3.8777046093327495e-06,0.07724315739989181,1.6709694578398956e-05,2.3318973807478114e-06,1.3754035385154659e-08,0.00262502560474083,0.00010717609447159472,0.0,2.6134830669500538e-05,3.846881676584457e-06,0.07743857878302207,1.1776411595866638e-05,1.7237733519582072e-06,7.035915488829408e-09,0.002447486779359282,0.00010368704432568224,0.0
4e-05,4e-05,4e-05,4e-05,339.0,10.0,3.182375441177519e-05,3.874283115470416e-06,0.07722427046365636,1.67923058364286e-05,2.3526196769018215e-06,1.3800178911947776e-08,0.002624185788602781,0.00010683187937297362,0.0,2.6124220255693457e-05,3.8645377153254586e-06,0.07736492409631868,1.1759767659509084e-05,1.7234491332256078e-06,8.259488395030765e-09,0.0024415262085369506,0.00010317139868238002,0.0
4e-05,4e-05,4e-05,4e-05,340.0,10.0,3.178258566509094e-05,3.871573031061265e-06,0.07725761528001741,1.6770170003633967e-05,2.335353311618798e-06,1.4092901436953029e-08,0.002622910523351177,0.00010656351804959034,0.0,2.6179598758676312e-05,3.883680667757441e-06,0.07741021437112848,1.1799446359130699e-05,1.7175089026744063e-06,7.859315153313007e-09,0.002440456156763909,0.00010300824951974048,0.0
4e-05,4e-05,4e-05,4e-05,341.0,10.0,3.178781434145929e-05,3.8660923603195715e-06,0.07722707102059874,1.678986141360142e-05,2.332712645118715e-06,1.3446926504967555e-08,0.002621574979861614,0.00010629941847328693,0.0,2.61473805068037e-05,3.825310203358555e-06,0.07745275875895082,1.1827355962463475e-05,1.713594741560763e-06,7.5078905245847e-09,0.002444721498143147,0.00010283359369448552,0.0
4e-05,4e-05,4e-05,4e-05,342.0,10.0,3.1828402775641135e-05,3.8672516638166e-06,0.07728704436053778,1.683551327244544e-05,2.323840720900293e-06,1.3338256585502053e-08,0.002621560252079723,0.00010597545850792873,0.0,2.6442783303357617e-05,3.865505776450761e-06,0.07759062873657187,1.2041330151203882e-05,1.7422385844999858e-06,7.918683663421023e-09,0.0024487479077490966,0.00010267274525761966,0.0
4e-05,4e-05,4e-05,4e-05,343.0,10.0,3.205544946360201e-05,3.872492430782131e-06,0.0772943323723279,1.7015660891413887e-05,2.367702586231528e-06,1.3996638414920848e-08,0.0026218625190211594,0.00010561639638797175,0.0,2.6257554407078036e-05,3.8140056963963574e-06,0.07757738549713444,1.1936262396900797e-05,1.721803205577684e-06,6.7852080570826366e-09,0.0024451097702304593,0.00010209596169994465,0.0
4e-05,4e-05,4e-05,4e-05,344.0,10.0,3.214047382832138e-05,3.8616616332956194e-06,0.0772790196539501,1.712331984357816e-05,2.361309313167673e-06,1.3625638957203731e-08,0.0026191702165736562,0.00010526554766076658,0.0,2.6464283005964854e-05,3.861698034871586e-06,0.07756719312865841,1.2097818503254441e-05,1.7217755053764584e-06,6.386866412906718e-09,0.002445290859298826,0.00010198851969831456,0.0
4e-05,4e-05,4e-05,4e-05,345.0,10.0,3.224922744512483e-05,3.881334514246247e-06,0.07729726155719173,1.7223594446288544e-05,2.3517041228921262e-06,1.3593253456111725e-08,0.002619078107384898,0.0001049275237043725,0.0,2.645694513347606e-05,3.842549779282997e-06,0.07753324475152269,1.210755270860702e-05,1.7275032931891342e-06,9.277145258844898e-09,0.002441709930444568,0.00010167378850288691,0.0
4e-05,4e-05,4e-05,4e-05,346.0,10.0,3.2262879536989264e-05,3.876024253051209e-06,0.0773102665529694,1.7244185379656924e-05,2.351591746424109e-06,1.3628887411918992e-08,0.002616509086980235,0.00010464227410842546,0.0,2.655268979330739e-05,3.835458429424271e-06,0.0775333533392233,1.220727033082342e-05,1.7339322460978057e-06,8.240681084842501e-09,0.0024434597107378772,0.00010144529692313246,0.0
4e-05,4e-05,4e-05,4e-05,347.0,10.0,3.217853792874609e-05,3.8510027241905614e-06,0.07730329334566818,1.7202957642263386e-05,2.3378740020983346e-06,1.3257337772138573e-08,0.0026155223053676542,0.00010431170582173034,0.0,2.671157109069156e-05,3.8008057883139828e-06,0.07760930605310057,1.2392605021556554e-05,1.7374498964349104e-06,6.820874620979485e-09,0.0024452963441120505,0.00010129592596322852,0.0
4e-05,4e-05,4e-05,4e-05,348.0,10.0,3.234027304889947e-05,3.882654335537014e-06,0.07735693622506781,1.7324113229102678e-05,2.344455126846522e-06,1.3646738987540113e-08,0.002614486687947368,0.00010397103096399596,0.0,2.6793515679002923e-05,3.820821020120417e-06,0.07760197769811822,1.2453196689949724e-05,1.7425526688771006e-06,7.562268398568441e-09,0.0024436907351313474,0.00010091855920832903,0.0
4e-05,4e-05,4e-05,4e-05,349.0,10.0,3.2310058022230786e-05,3.860042924054217e-06,0.07735156739879628,1.7310764935836266e-05,2.3537058621829743e-06,1.3546126823264609e-08,0.002614427875433687,0.0001036841721167073,0.0,2.6786235696323953e-05,3.8137390751921964e-06,0.07763548948154317,1.244801009106847e-05,1.7470266731521928e-06,5.9948287395325315e-09,0.0024430257297253116,0.00010079160915587176,0.0
4e-05,4e-05,4e-05,4e-05,350.0,10.0,3.243871247919004e-05,3.87214054317687e-06,0.07739509416519766,1.7423729890851025e-05,2.3555978340897113e-06,1.3769492560732989e-08,0.0026127856574653338,0.00010339656141512595,0.0,2.6857324502375268e-05,3.82081430433601e-06,0.0777059911031624,1.2505987545970053e-05,1.746711058477467e-06,5.787816268545724e-09,0.002445015321553372,0.00010074249372922712,0.0
4e-05,4e-05,4e-05,4e-05,351.0,10.0,3.2587540494314044e-05,3.8565427767972355e-06,0.07738711862869863,1.756118062650631e-05,2.3867628788326787e-06,1.4028725384037968e-08,0.0026122291704791184,0.00010303139003709288,0.0,2.6832350819534986e-05,3.8135135708588045e-06,0.07773300167495405,1.2486967789945395e-05,1.7502459055222974e-06,7.094706713697435e-09,0.0024412138005686364,0.00010012289478638327,0.0
4e-05,4e-05,4e-05,4e-05,352.0,10.0,3.2518058167811004e-05,3.857115473826154e-06,0.07739270082803848,1.7520224426382807e-05,2.360059802943624e-06,1.366519997778361e-08,0.0026110235304513804,0.00010277233029391426,0.0,2.6840424561354647e-05,3.824859587285073e-06,0.0777193968890035,1.2504143113530901e-05,1.733939872606227e-06,4.7492558982011e-09,0.0024420902854843537,0.0001000793131912662,0.0
4e-05,4e-05,4e-05,4e-05,353.0,10.0,3.2720816528860786e-05,3.846790141857513e-06,0.07738545569436889,1.7710407682387718e-05,2.3862458075303667e-06,1.3633509493086867e-08,0.0026103070088338465,0.00010251942050983584,0.0,2.6946376914515565e-05,3.825018412911311e-06,0.07767837035717849,1.2613824187264416e-05,1.7345499900345477e-06,6.832031079281846e-09,0.0024431335005045554,9.98315497460734e-05,0.0
4e-05,4e-05,4e-05,4e-05,354.0,10.0,3.2909538692891265e-05,3.902925564406812e-06,0.07744937568902165,1.7842668613882585e-05,2.383430546640454e-06,1.3803311070349873e-08,0.002609341906174884,0.0001021773191678978,0.0,2.6894668751357165e-05,3.7829744263737328e-06,0.07782280615250545,1.258454707525095e-05,1.7436800140147573e-06,4.844796686861045e-09,0.0024432945411626546,9.963421703309826e-05,0.0
4e-05,4e-05,4e-05,4e-05,355.0,10.0,3.2933309809492315e-05,3.859830060186173e-06,0.07750745758091057,1.7884337306618055e-05,2.4050628635308636e-06,1.4049851562101356e-08,0.0026075236044679423,0.00010192841193112466,0.0,2.715580352786167e-05,3.8387608322230126e-06,0.07783949486008977,1.2767469441040668e-05,1.7646565768037145e-06,5.97305306638015e-09,0.002443125451331681,9.949944278339704e-05,0.0
4e-05,4e-05,4e-05,4e-05,356.0,10.0,3.301433212905578e-05,3.859067370866245e-06,0.07747239564330087,1.7957528293185732e-05,2.420544773988348e-06,1.3920536919509132e-08,0.002606985618854592,0.00010160318181147012,0.0,2.735825618304019e-05,3.8330918675635285e-06,0.07792009212154005,1.2952098254132189e-05,1.784298283423973e-06,5.9779672484748495e-09,0.002440707169144469,9.90780760532295e-05,0.0
4e-05,4e-05,4e-05,4e-05,357.0,10.0,3.3114818612610487e-05,3.879315130787972e-06,0.07752572887672385,1.803131932028936e-05,2.4239734211222608e-06,1.4071416883251697e-08,0.002604796469182598,0.00010135667199339539,0.0,2.7340757687506428e-05,3.826421341532721e-06,0.0776416706791386,1.2968073419602553e-05,1.7843956512340583e-06,6.411245052728682e-09,0.002442407744427479,9.912891359707731e-05,0.0
4e-05,4e-05,4e-05,4e-05,358.0,10.0,3.3151650427876396e-05,3.844842827151496e-06,0.07745343697090074,1.8101699202475342e-05,2.434548661141421e-06,1.3991181238658475e-08,0.00260399247262496,0.00010112252245158014,0.0,2.7475561922209444e-05,3.880214454420324e-06,0.07769505991552116,1.3038311798148442e-05,1.792697486368814e-06,6.753692974343863e-09,0.002442817870772421,9.880784467121693e-05,0.0
4e-05,4e-05,4e-05,4e-05,359.0,10.0,3.3337620009152285e-05,3.85500311264664e-06,0.0774049908514428,1.8268376626013876e-05,2.45181414308745e-06,1.4049402371881386e-08,0.002602244641202469,0.00010078779490943897,0.0,2.7396593981028324e-05,3.832905532082843e-06,0.07762801443519889,1.3017802473904148e-05,1.7904137580066867e-06,7.781750479674806e-09,0.002441096735899063,9.848892458236799e-05,0.0
4e-05,4e-05,4e-05,4e-05,360.0,10.0,3.333808305415295e-05,3.870653054703905e-06,0.07744987846686315,1.826599663273376e-05,2.4361613774088573e-06,1.4612002105246565e-08,0.0026007534298652453,0.00010056724157635625,0.0,2.7450179375868627e-05,3.8059081975680316e-06,0.07776260205824895,1.3100356351283768e-05,1.7786442815160193e-06,5.1958326268925916e-09,0.0024424100038514932,9.838147713006378e-05,0.0
4e-05,4e-05,4e-05,4e-05,361.0,10.0,3.35462668657283e-05,3.869413865040448e-06,0.07745723379691608,1.8457890420512103e-05,2.4561073354703097e-06,1.4114346940840884e-08,0.0025997321015963316,0.00010030176116574691,0.0,2.7670905724476787e-05,3.8345301201409246e-06,0.07774786236067545,1.3272397267551195e-05,1.8009888347287227e-06,6.723455145955048e-09,0.0024427488473627496,9.814797532337856e-05,0.0
4e-05,4e-05,4e-05,4e-05,362.0,10.0,3.361510842684128e-05,3.853223782823192e-06,0.07753833592644818,1.8534101804025532e-05,2.459797502983216e-06,1.4455458642601487e-08,0.0025988106154544773,9.996965183757722e-05,0.0,2.7704787608952088e-05,3.833695056880554e-06,0.0778137506034135,1.3308304095167765e-05,1.795452263653224e-06,5.705672936808953e-09,0.0024402145853034095,9.80255731283691e-05,0.0
4e-05,4e-05,4e-05,4e-05,363.0,10.0,3.3790826359345386e-05,3.88080839220983e-06,0.07753717954385281,1.8671229925270874e-05,2.474047406693508e-06,1.4426288912141773e-08,0.0025966627833886443,9.965966057142105e-05,0.0,2.7743450225577416e-05,3.9025272224749e-06,0.07773423246446365,1.328664330539232e-05,1.7992242511644875e-06,4.845554673383498e-09,0.0024373549903552835,9.767868444727367e-05,0.0
4e-05,4e-05,4e-05,4e-05,364.0,10.0,3.3937098586311766e-05,3.8596331838302465e-06,0.07751168519743921,1.8822205524060485e-05,2.495377437483616e-06,1.443636914937285e-08,0.002594806715986536,9.942777313781907e-05,0.0,2.7891651622500476e-05,3.833974045560464e-06,0.0777088759989062,1.348140778903814e-05,1.823267959494452e-06,6.39284945165397e-09,0.002436520971654299,9.757216835530857e-05,0.0
4e-05,4e-05,4e-05,4e-05,365.0,10.0,3.405041481362684e-05,3.860231954793062e-06,0.07759733244638667,1.8925233285277542e-05,2.4981593146409834e-06,1.4970193751949584e-08,0.0025935945763983954,9.92086986449394e-05,0.0,2.8085063859431845e-05,3.847353325903059e-06,0.0776851248885521,1.3649129616065523e-05,1.8403389802252546e-06,7.927642508620739e-09,0.002436462340225501,9.718018775771793e-05,0.0
4e-05,4e-05,4e-05,4e-05,366.0,10.0,3.4091944366521475e-05,3.886023738330445e-06,0.07755482293731218,1.893797281883773e-05,2.5080475066309495e-06,1.4732281208995756e-08,0.002592561575164124,9.896860733731327e-05,0.0,2.8194847045188156e-05,3.892834180805319e-06,0.07784329068598862,1.3698585180353704e-05,1.8413423951542553e-06,7.018861555016414e-09,0.0024373119182974925,9.707375009000184e-05,0.0
4e-05,4e-05,4e-05,4e-05,367.0,10.0,3.416572734469158e-05,3.872275864766291e-06,0.07756690671682802,1.903991215410559e-05,2.495551414139441e-06,1.507699482310436e-08,0.002590988239595484,9.862205047249071e-05,0.0,2.8040032938875422e-05,3.819225455643258e-06,0.07794063919865137,1.3626303169573215e-05,1.8269498703475494e-06,6.494691297644567e-09,0.002437520949460025,9.669960499821701e-05,0.0
4e-05,4e-05,4e-05,4e-05,368.0,10.0,3.452533108914635e-05,3.88411869261241e-06,0.07762918274965676,1.9337717953939855e-05,2.541654574793415e-06,1.540409193375725e-08,0.0025893956821688873,9.835178757961912e-05,0.0,2.8317784026229295e-05,3.8547031193812314e-06,0.0778074670827925,1.3858064595992533e-05,1.8502904400920953e-06,5.743059803959746e-09,0.002436358519510775,9.682365563821175e-05,0.0
4e-05,4e-05,4e-05,4e-05,369.0,10.0,3.4574534389215555e-05,3.877198390492561e-06,0.07765242898938515,1.9398191347140487e-05,2.5377475827907136e-06,1.522921978584153e-08,0.0025883030524413817,9.80925190786999e-05,0.0,2.8375444624506123e-05,3.825907789369988e-06,0.07793695453850868,1.393505305539255e-05,1.8488583189821974e-06,7.758695872624e-09,0.0024343328171806044,9.64171453812631e-05,0.0
4e-05,4e-05,4e-05,4e-05,370.0,10.0,3.47314600622753e-05,3.876325822636692e-06,0.07770023062325694,1.9530951402576677e-05,2.560227624309715e-06,1.5691376503294347e-08,0.002585811983492195,9.782409618698915e-05,0.0,2.8356007356913663e-05,3.888023928235353e-06,0.07794280718870229,1.3850662285882794e-05,1.8542580134653595e-06,9.530407841607469e-09,0.0024327823213884884,9.592522832255441e-05,0.0
4e-05,4e-05,4e-05,4e-05,371.0,10.0,3.484543659222672e-05,3.9154838266642174e-06,0.07768436501025575,1.9615173066596665e-05,2.5556210804791394e-06,1.5794116053364276e-08,0.0025833782905140715,9.749283350869271e-05,0.0,2.8586850147265344e-05,3.8756962814319465e-06,0.07784411001782929,1.4090958001861666e-05,1.870835012517541e-06,5.365285023643639e-09,0.002430644929634607,9.595847623886993e-05,0.0
4e-05,4e-05,4e-05,4e-05,372.0,10.0,3.4860168585489815e-05,3.871907878409563e-06,0.07767689497575636,1.966873216784524e-05,2.5645917825172936e-06,1.5299386174650197e-08,0.002582560675580705,9.719478829765054e-05,0.0,2.8675995032043417e-05,3.887037591459161e-06,0.07790788796740007,1.4160753946245967e-05,1.873312498901214e-06,6.6883542072673074e-09,0.002432151903014849,9.574141920415102e-05,0.0
4e-05,4e-05,4e-05,4e-05,373.0,10.0,3.4854700323930095e-05,3.883349597399544e-06,0.07768710367149126,1.9657343006795325e-05,2.559928653327244e-06,1.5324409278966096e-08,0.0025806987195211247,9.700446013750348e-05,0.0,2.874383982469849e-05,3.921974835962973e-06,0.07799118156560977,1.4175604946368055e-05,1.88538033292587e-06,7.29617982332709e-09,0.0024330898987251787,9.544657143224619e-05,0.0
4e-05,4e-05,4e-05,4e-05,374.0,10.0,3.5061352858625025e-05,3.911082979099871e-06,0.07774781694559323,1.98175789440459e-05,2.5746006954098263e-06,1.5840848073488903e-08,0.002579822048356914,9.674680564429253e-05,0.0,2.8696296209456144e-05,3.823795795941708e-06,0.07802514505015112,1.4235583133835034e-05,1.8755049511893681e-06,6.565554463806178e-09,0.0024328050654781113,9.523324970170858e-05,0.0
4e-05,4e-05,4e-05,4e-05,375.0,10.0,3.512331124316191e-05,3.901449272980312e-06,0.0777553379534065,1.988164259157145e-05,2.5845060005040356e-06,1.5822984678264505e-08,0.0025776819474181067,9.643568336127328e-05,0.0,2.881454927075387e-05,3.8662708660525835e-06,0.07799255092560627,1.4304730600235989e-05,1.8859162383696897e-06,7.387773345789935e-09,0.002433500271999506,9.50988815335241e-05,0.0
4e-05,4e-05,4e-05,4e-05,376.0,10.0,3.528197200324651e-05,3.872545276549102e-06,0.07777626976640088,2.0059808743879133e-05,2.594558409421474e-06,1.5582055695321585e-08,0.0025769136535129917,9.618508209118318e-05,0.0,2.8977732566194562e-05,3.882868452011032e-06,0.078077472411225,1.4436516358133323e-05,1.8935805855273908e-06,5.884548685316734e-09,0.0024341424527516827,9.511358304017515e-05,0.0
4e-05,4e-05,4e-05,4e-05,377.0,10.0,3.5286623135911e-05,3.889290026765921e-06,0.07781585389026473,2.0034037054177856e-05,2.605888484586489e-06,1.6177037707088114e-08,0.0025756821551143516,9.596454567060906e-05,0.0,2.9224135054844983e-05,3.876369009329172e-06,0.07807327190794335,1.4655389726940359e-05,1.930283786688542e-06,8.248066002587107e-09,0.002431389735528239,9.465177792857987e-05,0.0
4e-05,4e-05,4e-05,4e-05,378.0,10.0,3.548386893855509e-05,3.909738374035489e-06,0.07780817634961919,2.021068958103977e-05,2.6097602326668565e-06,1.6026202567746232e-08,0.0025743010085411077,9.568372059114975e-05,0.0,2.9134663113883928e-05,3.837998291723987e-06,0.07815702525080281,1.460471696763996e-05,1.9249003696330745e-06,5.343898248171175e-09,0.0024310416464651953,9.46001372159403e-05,0.0
4e-05,4e-05,4e-05,4e-05,379.0,10.0,3.56807120704718e-05,3.919951466874825e-06,0.07783611868379736,2.0362718636479926e-05,2.6428032882805415e-06,1.6352709719300912e-08,0.0025726895440159638,9.552742920781688e-05,0.0,2.9240236918985357e-05,3.86909748746856e-06,0.07807101046337801,1.4674587834010598e-05,1.935997227143621e-06,8.470170266057063e-09,0.002431953694046214,9.449831763502762e-05,0.0
4e-05,4e-05,4e-05,4e-05,380.0,10.0,3.563123398483542e-05,3.905355913687277e-06,0.07790727524035966,2.032406641105205e-05,2.64166908839483e-06,1.6260446566329413e-08,0.002572500045166993,9.531547560076898e-05,0.0,2.947311144811887e-05,3.940883314996165e-06,0.07814781024897387,1.4811092428458968e-05,1.956750170332233e-06,6.793920970595189e-09,0.002430621429046803,9.428106051147432e-05,0.0
4e-05,4e-05,4e-05,4e-05,381.0,10.0,3.576214351736185e-05,3.898422185213618e-06,0.07791250716963391,2.0443951054896207e-05,2.6618680186558933e-06,1.699100826145098e-08,0.002570281179711323,9.496610083849594e-05,0.0,2.944392188598509e-05,3.863715737459447e-06,0.0781641681920286,1.4862314804219364e-05,1.955549912446073e-06,7.948680449713903e-09,0.002428826841342047,9.379761981121046e-05,0.0
4e-05,4e-05,4e-05,4e-05,382.0,10.0,3.602087768880487e-05,3.90605575601679e-06,0.07789307080998367,2.066192730854075e-05,2.7003383626243694e-06,1.6943715189135715e-08,0.0025674691825524703,9.463056813443561e-05,0.0,2.936754476791711e-05,3.913417923509473e-06,0.0782056597535173,1.4736862809123463e-05,1.953848683379956e-06,7.889731757573283e-09,0.002427025835890207,9.349597543889896e-05,0.0
4e-05,4e-05,4e-05,4e-05,383.0,10.0,3.5930875795511874e-05,3.9015850223302405e-06,0.07794175024102919,2.060354495133663e-05,2.670248225006622e-06,1.673925136955962e-08,0.0025664861609462995,9.445834793327024e-05,0.0,2.9697033449552048e-05,3.9078476736425775e-06,0.0782958491863264,1.5028966016726217e-05,1.987374107102762e-06,9.142836605449514e-09,0.002423474375016755,9.34118081556829e-05,0.0
4e-05,4e-05,4e-05,4e-05,384.0,10.0,3.604874221934148e-05,3.909096002062251e-06,0.07799857127917958,2.0682588782004725e-05,2.6972459772773186e-06,1.7433792961208385e-08,0.0025657191637130945,9.42520768897037e-05,0.0,2.9670866651279863e-05,3.891412255073988e-06,0.07824551664731082,1.5047109255493023e-05,1.968172359496745e-06,6.989073393843788e-09,0.00242703754912456,9.326324213950156e-05,0.0
4e-05,4e-05,4e-05,4e-05,385.0,10.0,3.610117082931326e-05,3.898200513881526e-06,0.07797872134981722,2.074639327481159e-05,2.701415362283263e-06,1.701391713195132e-08,0.0025634756590760975,9.402759142176119e-05,0.0,2.9783459927048455e-05,3.877240142787505e-06,0.0782220646687445,1.5145583929678112e-05,1.997754859926034e-06,1.0843062733733529e-08,0.0024238581806227924,9.298319758030233e-05,0.0
4e-05,4e-05,4e-05,4e-05,386.0,10.0,3.6361942242945505e-05,3.883443443121832e-06,0.07797727739143429,2.0984656317912816e-05,2.7408394402313395e-06,1.7402339675065574e-08,0.0025626364551491225,9.378732326970642e-05,0.0,2.9762484757414982e-05,3.891261614113306e-06,0.07829869319410886,1.5107312512215046e-05,1.995358309473905e-06,9.542458962953978e-09,0.00242709149171479,9.291407566826354e-05,0.0
4e-05,4e-05,4e-05,4e-05,387.0,10.0,3.640284382572693e-05,3.910346028620036e-06,0.07798020164318903,2.09977967424199e-05,2.744588380049889e-06,1.72700374817343e-08,0.002560879101650773,9.348227491575465e-05,0.0,2.9929505991468496e-05,3.882990645299199e-06,0.07832329346440656,1.528534926600983e-05,1.993486135676139e-06,7.928474127900139e-09,0.002427300736372549,9.27422290424084e-05,0.0
4e-05,4e-05,4e-05,4e-05,388.0,10.0,3.642580305779819e-05,3.9312198440016925e-06,0.0780190239945441,2.1010541854849723e-05,2.7308021356886297e-06,1.767349582388323e-08,0.002560215803353643,9.336636810742346e-05,0.0,3.0374462493420593e-05,3.873624558713924e-06,0.07833870497748101,1.5677319507083597e-05,2.0507341833011208e-06,1.2281917237942646e-08,0.0024266186400693696,9.266316940590851e-05,0.0
4e-05,4e-05,4e-05,4e-05,389.0,10.0,3.661809875570976e-05,3.892981777417407e-06,0.07801829039098983,2.120059167345542e-05,2.774267818133242e-06,1.777204207435847e-08,0.00255770228082874,9.306567803861988e-05,0.0,3.03778650043641e-05,3.88197911095656e-06,0.07827409485735283,1.5710337446727804e-05,2.026137095437495e-06,8.360346818527596e-09,0.002422713403909058,9.236417015889381e-05,0.0
4e-05,4e-05,4e-05,4e-05,390.0,10.0,3.668751749418356e-05,3.9105320946139894e-06,0.07805008188335627,2.1246471771175293e-05,2.7790895137376295e-06,1.7478767246659272e-08,0.00255581690638743,9.289374581933017e-05,0.0,3.061285165713469e-05,3.899811911094315e-06,0.07836454418394392,1.5905451866327732e-05,2.039968757933358e-06,9.970173073142567e-09,0.002422550096173342,9.211949630811444e-05,0.0
4e-05,4e-05,4e-05,4e-05,391.0,10.0,3.684305758561139e-05,3.905579509695982e-06,0.07807144956809511,2.1389928371762442e-05,2.797137723293717e-06,1.7616967103998958e-08,0.0025540314289145736,9.256503802237447e-05,0.0,3.0779198228647836e-05,3.8677020157595925e-06,0.07839129473305079,1.6095538402132848e-05,2.049143837502201e-06,6.41553468097376e-09,0.002420346304986974,9.212689352119873e-05,0.0
4e-05,4e-05,4e-05,4e-05,392.0,10.0,3.688494156830387e-05,3.91494227861891e-06,0.07814634886035521,2.1428134611314068e-05,2.785944047109807e-06,1.7612489593067852e-08,0.0025526326279409514,9.236736188872914e-05,0.0,3.0664686148792464e-05,3.9031230378826765e-06,0.07846369192158888,1.5931024885720723e-05,2.0574521272661753e-06,1.2149240162157689e-08,0.002416508043487798,9.145676278837298e-05,0.0
4e-05,4e-05,4e-05,4e-05,393.0,10.0,3.699750202367678e-05,3.89833768919808e-06,0.07816062352635486,2.1535130079121407e-05,2.8088951794445296e-06,1.7503993066105717e-08,0.0025511014699317663,9.215731140301746e-05,0.0,3.0973636882276324e-05,3.8295896607375615e-06,0.07856137803062849,1.63051759859926e-05,2.058228286877959e-06,9.870701789183917e-09,0.00241867322909765,9.146351436721838e-05,0.0
4e-05,4e-05,4e-05,4e-05,394.0,10.0,3.70959277491221e-05,3.926827997882382e-06,0.07819763076404888,2.1603551090729386e-05,2.808572349793934e-06,1.778918328938506e-08,0.0025501106970732875,9.194241856675207e-05,0.0,3.113993184232543e-05,3.899525170073537e-06,0.07855398298134854,1.6372593524235895e-05,2.0908146261458145e-06,9.59428115270754e-09,0.002415213731091766,9.120058525207848e-05,0.0
4e-05,4e-05,4e-05,4e-05,395.0,10.0,3.729241658960227e-05,3.91415683082839e-06,0.07820827860953417,2.1782303558779363e-05,2.8403595124772684e-06,1.7329666764370714e-08,0.002548035671233371,9.174393358024235e-05,0.0,3.123040368931451e-05,3.8317465455182985e-06,0.07851222167790554,1.654306811911316e-05,2.083950211933833e-06,9.772823516223274e-09,0.0024171494902997795,9.10643929836967e-05,0.0
4e-05,4e-05,4e-05,4e-05,396.0,10.0,3.7322116459368576e-05,3.9265323715441986e-06,0.07821360898202714,2.1807804680378536e-05,2.8331123317728693e-06,1.8128063455689467e-08,0.002546039534083307,9.151784567083082e-05,0.0,3.13471419226721e-05,3.9221039448726184e-06,0.07863382925521131,1.655042910110704e-05,2.0923358611161784e-06,9.40462865753823e-09,0.002414876365531429,9.094857168464461e-05,0.0
4e-05,4e-05,4e-05,4e-05,397.0,10.0,3.738168445804967e-05,3.90631767103384e-06,0.07830619879632666,2.187808284798477e-05,2.8349055977106556e-06,1.771681716862996e-08,0.0025448395446309563,9.140419571150899e-05,0.0,3.134809506367844e-05,3.860252782095999e-06,0.07860614813116595,1.661579148265345e-05,2.0930300112130583e-06,1.0467240487668581e-08,0.0024139102327614815,9.079388389424309e-05,0.0
4e-05,4e-05,4e-05,4e-05,398.0,10.0,3.7470266588963495e-05,3.936997933489485e-06,0.07830567696869835,2.1912791044835565e-05,2.860587102658553e-06,1.79083627163077e-08,0.002544031256759467,9.114146505039191e-05,0.0,3.1393355019547684e-05,3.892813743530994e-06,0.07868931455389439,1.6631655009616073e-05,2.0830624532014855e-06,1.2324394527602173e-08,0.002412203872563466,9.045683834386568e-05,0.0
4e-05,4e-05,4e-05,4e-05,399.0,10.0,3.750889374681984e-05,3.912249811594556e-06,0.07829164575098825,2.1991382536406106e-05,2.84853155333469e-06,1.7893186382165093e-08,0.00254188224837091,9.096724178916033e-05,0.0,3.1669729282981014e-05,3.8973010826034045e-06,0.07858865898888828,1.6886781162167707e-05,2.112994991470319e-06,1.0700196106323964e-08,0.002408179763872112,9.030862098830031e-05,0.0
4e-05,4e-05,4e-05,4e-05,400.0,10.0,3.763165532235647e-05,3.8909569300630285e-06,0.07826574518944551,2.2126475243983616e-05,2.862052636542118e-06,1.757035772960398e-08,0.002539565403584269,9.080260352988354e-05,0.0,3.169681964322597e-05,3.923563064688748e-06,0.07865544282235076,1.690825908528785e-05,2.0849546441928446e-06,1.1673628667333119e-08,0.0024104198379680565,9.028249332662365e-05,0.0
4e-05,4e-05,4e-05,4e-05,401.0,10.0,3.785321032009942e-05,3.939742943910243e-06,0.07829079486051135,2.2285039641457354e-05,2.8753415100581728e-06,1.7865442106839108e-08,0.002538569443031885,9.061414793611903e-05,0.0,3.1887045599218894e-05,3.864334026276747e-06,0.07871619204645751,1.7130778161246662e-05,2.1114347323619393e-06,8.241209188354977e-09,0.002407027026606163,9.006384221519099e-05,0.0
4e-05,4e-05,4e-05,4e-05,402.0,10.0,3.7753614771766584e-05,3.916426072510713e-06,0.07836886974192622,2.2224225385925502e-05,2.8544044724267965e-06,1.7415381944262135e-08,0.002537495290325654,9.04256815109632e-05,0.0,3.191537127041465e-05,3.931022235526071e-06,0.07865240277922277,1.7113609690341823e-05,2.0984833721285336e-06,7.190768291459343e-09,0.0024086300059701846,8.998252599330733e-05,0.0
4e-05,4e-05,4e-05,4e-05,403.0,10.0,3.768517757709321e-05,3.9078566564475135e-06,0.07834220195955842,2.2176957421499285e-05,2.845740821260589e-06,1.7809940445473142e-08,0.0025353161859868467,9.025931071569824e-05,0.0,3.2143624808026396e-05,4.005764440096119e-06,0.07867656903386529,1.7237788980565052e-05,2.124263243100063e-06,1.0375466717232326e-08,0.00240373156342823,8.977758222584657e-05,0.0
4e-05,4e-05,4e-05,4e-05,404.0,10.0,3.781464768735575e-05,3.911557495806001e-06,0.07832154986544156,2.2304809239422314e-05,2.8481117875843773e-06,1.736352013992676e-08,0.0025344390725695666,9.006509290862043e-05,0.0,3.229768584957902e-05,3.912996675617849e-06,0.07860157659412668,1.7480319481984825e-05,2.1373016604554563e-06,1.09359865261928e-08,0.002406935893953053,8.95974601234352e-05,0.0
4e-05,4e-05,4e-05,4e-05,405.0,10.0,3.794497210639946e-05,3.928138596723431e-06,0.07831818672154003,2.2411340292717313e-05,2.857069601537712e-06,1.768236421023949e-08,0.0025330698736717775,8.989228755889068e-05,0.0,3.232629387954167e-05,3.937786918648076e-06,0.07865266602447701,1.74781163490838e-05,2.1393549725932288e-06,8.956297449163326e-09,0.002404534035591106,8.968127186031075e-05,0.0
4e-05,4e-05,4e-05,4e-05,406.0,10.0,3.786598962958899e-05,3.897670413466027e-06,0.07834310216180593,2.235554263863022e-05,2.8633518081884903e-06,1.7499462363793023e-08,0.00253218454883762,8.976152898376468e-05,0.0,3.230598146719439e-05,3.922174508994638e-06,0.07866036043756973,1.748141591089174e-05,2.1355309074625475e-06,8.487054104482837e-09,0.0024016497448847264,8.923374474553953e-05,0.0
4e-05,4e-05,4e-05,4e-05,407.0,10.0,3.806329015884914e-05,3.946823354734239e-06,0.07830753145707085,2.2495093329918962e-05,2.8781932760385764e-06,1.6998284956842714e-08,0.0025303121318577823,8.9542885848197e-05,0.0,3.251311077559983e-05,3.939018957070148e-06,0.07869118941902702,1.765599276037883e-05,2.1504647195948645e-06,8.426880228604594e-09,0.0024001716320309467,8.900888919972115e-05,0.0
4e-05,4e-05,4e-05,4e-05,408.0,10.0,3.807513622600088e-05,3.913063813602732e-06,0.07841934097350628,2.2520185080241285e-05,2.8885393144428263e-06,1.7716412856934832e-08,0.0025289379721786416,8.936977273593555e-05,0.0,3.243657344799456e-05,3.856054980189841e-06,0.07880417419964879,1.7670658679115867e-05,2.132589004691943e-06,6.859701498870685e-09,0.002399118176893457,8.899942732037039e-05,0.0
4e-05,4e-05,4e-05,4e-05,409.0,10.0,3.8007441412881945e-05,3.912486741683441e-06,0.07841725684439761,2.2471873118292668e-05,2.8719258129301896e-06,1.76543236669407e-08,0.0025275473152022027,8.917760014087476e-05,0.0,3.268930871993006e-05,3.971318218485548e-06,0.07876803377920369,1.7785571957067903e-05,2.158482862109283e-06,1.0359277074756795e-08,0.002398388573068442,8.867730742145595e-05,0.0
4e-05,4e-05,4e-05,4e-05,410.0,10.0,3.8054738269371125e-05,3.9382386789315674e-06,0.07838701745884875,2.2460248451499068e-05,2.9092359615368257e-06,1.7342198712987916e-08,0.002526377912354474,8.909716139562269e-05,0.0,3.268955617801791e-05,3.887316564797248e-06,0.07879556321045932,1.7879682161689074e-05,2.1499160003856172e-06,7.058095854793155e-09,0.0023985681491404463,8.860272930279031e-05,0.0
4e-05,4e-05,4e-05,4e-05,411.0,10.0,3.8148659911926266e-05,3.912519945450468e-06,0.07840613266408117,2.2576237623283282e-05,2.913264180164423e-06,1.7212369996056348e-08,0.0025257794925322304,8.888127716006483e-05,0.0,3.3053020736786484e-05,3.903611175726547e-06,0.07881397235764764,1.8196480460372683e-05,2.1800613181754817e-06,7.301283616147986e-09,0.002395068754516155,8.841694570600682e-05,0.0
4e-05,4e-05,4e-05,4e-05,412.0,10.0,3.822986094949564e-05,3.90481067282963e-06,0.07845525278405861,2.2662834041819222e-05,2.9121341957415736e-06,1.771628789730139e-08,0.0025247199752328462,8.868407552710796e-05,0.0,3.301977808861675e-05,3.88977384128027e-06,0.07879070718498792,1.8177421196008327e-05,2.182943590281973e-06,7.727929504316702e-09,0.0023937847740806407,8.828411056824466e-05,0.0
4e-05,4e-05,4e-05,4e-05,413.0,10.0,3.8239806091796995e-05,3.91990507810014e-06,0.07840773647838292,2.267572399117589e-05,2.900164674997599e-06,1.7519140353232113e-08,0.0025223269183182137,8.857197710732703e-05,0.0,3.291712515564695e-05,3.8941675413430244e-06,0.07886628028018251,1.8084245758004206e-05,2.1627990606451188e-06,5.723877634842501e-09,0.002395929563242723,8.835608599630747e-05,0.0
4e-05,4e-05,4e-05,4e-05,414.0,10.0,3.833498535378175e-05,3.909094351749832e-06,0.07848995065692951,2.2771665249052598e-05,2.9035108850957404e-06,1.767516166456263e-08,0.0025203501674496585,8.840448429300814e-05,0.0,3.312786976843275e-05,3.953883594498822e-06,0.07887696742908352,1.8235539718180037e-05,2.1621267211123588e-06,7.861688650329005e-09,0.002390082041768415,8.807612185658094e-05,0.0
4e-05,4e-05,4e-05,4e-05,415.0,10.0,3.8225907056435e-05,3.8986066430521144e-06,0.07847146444886634,2.267840895028107e-05,2.901296022690569e-06,1.7365508222417713e-08,0.0025194943313859974,8.830838604736912e-05,0.0,3.302242655292351e-05,3.938769190628093e-06,0.07877665856099046,1.8140863016373682e-05,2.1792237473630825e-06,7.319557177205237e-09,0.0023880923508463434,8.785855890992686e-05,0.0
4e-05,4e-05,4e-05,4e-05,416.0,10.0,3.848653993423054e-05,3.923831462514405e-06,0.07849208687348766,2.2908688034248402e-05,2.9067386420045497e-06,1.676448312039979e-08,0.002516965819953671,8.813087200303285e-05,0.0,3.337783010279825e-05,3.972330895203885e-06,0.07895830466982402,1.8417925815682002e-05,2.205241546839653e-06,8.170112409756014e-09,0.002388753556037341,8.783318444833306e-05,0.0
4e-05,4e-05,4e-05,4e-05,417.0,10.0,3.8203781812113245e-05,3.8811481932468896e-06,0.07848561074454814,2.2684412145468512e-05,2.892403501170805e-06,1.71915190067168e-08,0.0025157456587300603,8.800656083366126e-05,0.0,3.324415006648744e-05,3.9048909519992e-06,0.07891119552524857,1.838802677254525e-05,2.1755958880613784e-06,7.863820879362864e-09,0.002387609217593053,8.766535126839186e-05,0.0
4e-05,4e-05,4e-05,4e-05,418.0,10.0,3.846149984313849e-05,3.911888417348584e-06,0.07858076012761495,2.2875658292635985e-05,2.9202965149817286e-06,1.7143998893532102e-08,0.0025147435756644296,8.78437058350253e-05,0.0,3.356820982948363e-05,3.973600893621734e-06,0.0789787531878709,1.8629044778768656e-05,2.1856599051750947e-06,7.271929863347763e-09,0.0023835017200830072,8.747574748545096e-05,0.0
4e-05,4e-05,4e-05,4e-05,419.0,10.0,3.8565177992784744e-05,3.8982624407888635e-06,0.07853259402971878,2.3003359025852403e-05,2.9160802373274372e-06,1.69859287459172e-08,0.0025128071232577627,8.772311498251155e-05,0.0,3.366554673445116e-05,3.992771447959098e-06,0.07895610940394517,1.8679169373181484e-05,2.2157196056139952e-06,8.27154930324294e-09,0.0023847634027547695,8.740039589346764e-05,0.0
4e-05,4e-05,4e-05,4e-05,420.0,10.0,3.868855663540591e-05,3.882855398108796e-06,0.07856772849562424,2.3122933641940557e-05,2.9329003305471486e-06,1.782108666436244e-08,0.002511114560286818,8.752735262677503e-05,0.0,3.3580693840140846e-05,4.045313969440799e-06,0.0789064830974724,1.8586812984328822e-05,2.1785030602898187e-06,7.896868968810527e-09,0.00238252663380663,8.715190798067165e-05,0.0
4e-05,4e-05,4e-05,4e-05,421.0,10.0,3.849761463549125e-05,3.906708108577195e-06,0.0785121454939728,2.2943301412769598e-05,2.9059245372111386e-06,1.6214069751165008e-08,0.002509783570746034,8.742522710272738e-05,0.0,3.366902366975523e-05,3.895422610594166e-06,0.0789831312676202,1.8771032492153997e-05,2.2263076398326987e-06,6.9412338791027675e-09,0.002383471916954977,8.710069768246591e-05,0.0
4e-05,4e-05,4e-05,4e-05,422.0,10.0,3.852440688865199e-05,3.911829421185417e-06,0.07855668531876227,2.2951432447129204e-05,2.915142634922344e-06,1.740757991478655e-08,0.002508828129027375,8.729266773035204e-05,0.0,3.397556884639963e-05,3.960833124551361e-06,0.07903740913397714,1.902907096239445e-05,2.204189644671054e-06,6.993339563729427e-09,0.0023833498347447506,8.707410499520413e-05,0.0
4e-05,4e-05,4e-05,4e-05,423.0,10.0,3.867483315382095e-05,3.923634618979983e-06,0.07862343718851603,2.308088615695758e-05,2.9208239667282166e-06,1.5994844198489656e-08,0.0025071827242206398,8.711501816739906e-05,0.0,3.358022699871336e-05,3.860403716518206e-06,0.07904953316215,1.8751296832016724e-05,2.185358869804684e-06,7.906443982410667e-09,0.002380321329221078,8.703080144740849e-05,0.0
4e-05,4e-05,4e-05,4e-05,424.0,10.0,3.849790704089992e-05,3.889940319334707e-06,0.07861401444782859,2.296078910280123e-05,2.8993147139541236e-06,1.6394343500387253e-08,0.002504979903243426,8.700674596423976e-05,0.0,3.3708036797456314e-05,3.920833276921905e-06,0.0789331211402342,1.8853657294778536e-05,2.16218905188804e-06,7.718304520692286e-09,0.0023802090363712358,8.703268735548102e-05,0.0
4e-05,4e-05,4e-05,4e-05,425.0,10.0,3.844848711811426e-05,3.867291889125447e-06,0.07861116918378007,2.2936897166753258e-05,2.8982444738438726e-06,1.5678530728212773e-08,0.0025046818407752493,8.692582783251365e-05,0.0,3.396522164161806e-05,3.905005553838945e-06,0.07902171681909,1.908687667149506e-05,2.195336399656604e-06,7.02998577920336e-09,0.002380070362762132,8.688014600404609e-05,0.0
4e-05,4e-05,4e-05,4e-05,426.0,10.0,3.843092915164002e-05,3.8603785365169895e-06,0.07864833155036671,2.2918926847306047e-05,2.9022924449998566e-06,1.692020922128984e-08,0.002502978640787831,8.675781921763711e-05,0.0,3.399530626297888e-05,3.866943553038283e-06,0.07901059047264211,1.915277027150938e-05,2.1954235078196547e-06,1.0282474565767557e-08,0.002379301255472185,8.688277571513857e-05,0.0
4e-05,4e-05,4e-05,4e-05,427.0,10.0,3.8551326962509134e-05,3.89900299406757e-06,0.07864766935453252,2.3002004247939556e-05,2.903484679151099e-06,1.601424684489347e-08,0.0025022075971654553,8.660540924824554e-05,0.0,3.397790126287105e-05,3.881286654262499e-06,0.07904822804729832,1.9110814480388168e-05,2.2072850533893267e-06,7.251820116339052e-09,0.002380546330632223,8.664405732378356e-05,0.0
4e-05,4e-05,4e-05,4e-05,428.0,10.0,3.844497441525602e-05,3.8889374807652085e-06,0.07866829407182596,2.290783173401752e-05,2.8995419419918175e-06,1.6792076273010955e-08,0.002501728090992372,8.650422069472452e-05,0.0,3.443160839099377e-05,3.968458177859842e-06,0.07910978064508174,1.944619118273002e-05,2.2324871412984004e-06,8.48065163653833e-09,0.0023753211799699644,8.65013515753458e-05,0.0
4e-05,4e-05,4e-05,4e-05,429.0,10.0,3.847302026200387e-05,3.8679003353568235e-06,0.0786853890594048,2.2949778524737163e-05,2.906230196049621e-06,1.6380007551112068e-08,0.0025004357194524413,8.641925772125374e-05,0.0,3.406768366567058e-05,3.818165783382516e-06,0.07909437490685176,1.925387855400322e-05,2.2109159423075732e-06,8.423027152345926e-09,0.0023811359198564167,8.66863129511544e-05,0.0
4e-05,4e-05,4e-05,4e-05,430.0,10.0,3.852292015153598e-05,3.877909355283144e-06,0.07868481852537436,2.3003540660943238e-05,2.8934154835956006e-06,1.642997415135798e-08,0.002499660502550993,8.631432046607123e-05,0.0,3.419490667353775e-05,3.915867055058326e-06,0.07902450557914159,1.9311063098678282e-05,2.190634009883378e-06,1.1579974798359418e-08,0.00237951564818466,8.633124183890189e-05,0.0
4e-05,4e-05,4e-05,4e-05,431.0,10.0,3.84019312006056e-05,3.851564781057645e-06,0.07873133388003152,2.290946535016722e-05,2.8895157224869682e-06,1.6688002903080476e-08,0.0024982242484278315,8.615642634813595e-05,0.0,3.400309571060175e-05,3.8336878214410865e-06,0.07918592467646285,1.9185388400901786e-05,2.192973316554089e-06,9.728349666015179e-09,0.0023782412178337473,8.627255867275846e-05,0.0
4e-05,4e-05,4e-05,4e-05,432.0,10.0,3.862832390180959e-05,3.8771257539479275e-06,0.07871718433854427,2.3101821215350585e-05,2.9003132751872485e-06,1.6826565734500454e-08,0.002497836820853078,8.605189254913677e-05,0.0,3.424086803235041e-05,3.904444990398604e-06,0.07908316023622004,1.9343443462080782e-05,2.2104208703533607e-06,9.275080477588507e-09,0.0023808013671963993,8.64967391154508e-05,0.0
4e-05,4e-05,4e-05,4e-05,433.0,10.0,3.865547668288581e-05,3.91120424414294e-06,0.07874656406221338,2.310240503641286e-05,2.8906645862366307e-06,1.699867924654761e-08,0.0024953150515914274,8.595480586177661e-05,0.0,3.4419672544437354e-05,3.833877635975035e-06,0.0791514013671545,1.958860810326577e-05,2.214039661703754e-06,7.468413581532245e-09,0.0023757582997651866,8.605386688897449e-05,0.0
4e-05,4e-05,4e-05,4e-05,434.0,10.0,3.8717993202807855e-05,3.856524026284386e-06,0.07880169370727547,2.3184780831494528e-05,2.9219862838569187e-06,1.686331324863772e-08,0.0024948240374802985,8.576696724970177e-05,0.0,3.456208686433752e-05,3.850570767262917e-06,0.07919112247476116,1.9711855373058155e-05,2.212296936105936e-06,8.981405887367723e-09,0.002374370113517896,8.59270268507587e-05,0.0
4e-05,4e-05,4e-05,4e-05,435.0,10.0,3.878622068968582e-05,3.8893753852795e-06,0.07868937941657057,2.3243909806094267e-05,2.911320749919403e-06,1.639741272985726e-08,0.0024939384623882607,8.56279861496825e-05,0.0,3.4627980595740776e-05,3.953821886935503e-06,0.0790898097633903,1.969174596055772e-05,2.2034409982082763e-06,1.175378979689356e-08,0.002375771277858054,8.582373344154938e-05,0.0
4e-05,4e-05,4e-05,4e-05,436.0,10.0,3.8808601266445864e-05,3.8809974049656354e-06,0.0787344233651804,2.3280623508999504e-05,2.9015840152743608e-06,1.6453512833995565e-08,0.002492445234296542,8.555007094654074e-05,0.0,3.4634822006856985e-05,3.987716857198544e-06,0.07913586884015159,1.963938100336148e-05,2.225770603716237e-06,1.0319845766864734e-08,0.0023748286521210493,8.580470047424875e-05,0.0
4e-05,4e-05,4e-05,4e-05,437.0,10.0,3.891003670971185e-05,3.868680535244256e-06,0.0787633798590021,2.3365883473505017e-05,2.9281942706402315e-06,1.6576586882863404e-08,0.0024918281816833426,8.5436417586459e-05,0.0,3.474656540231181e-05,4.002520124190612e-06,0.07911325929280383,1.9723045258118224e-05,2.2438426450682976e-06,9.549785838699849e-09,0.0023713303443083093,8.562821750246129e-05,0.0
4e-05,4e-05,4e-05,4e-05,438.0,10.0,3.88712884063063e-05,3.88286503338229e-06,0.07887053932763265,2.3327482567349482e-05,2.9038528962410394e-06,1.7172275751356878e-08,0.0024902514785512886,8.528619600995021e-05,0.0,3.490099655785542e-05,3.8032305255784735e-06,0.07926071497086423,2.0050403922830614e-05,2.25788510440051e-06,7.181365204922331e-09,0.00237345404497583,8.562244741631e-05,0.0
4e-05,4e-05,4e-05,4e-05,439.0,10.0,3.895915483660088e-05,3.886522785770148e-06,0.07886368614429239,2.3397284588720845e-05,2.9209707059142954e-06,1.6296390943193376e-08,0.0024890828901737165,8.517120605010664e-05,0.0,3.466558291463106e-05,3.855434828324571e-06,0.07923947313355739,1.9804782867150042e-05,2.219676621551519e-06,7.53720088725683e-09,0.0023684820408407586,8.542041001627125e-05,0.0
4e-05,4e-05,4e-05,4e-05,440.0,10.0,3.9141503440215985e-05,3.858948013302895e-06,0.07888164487032806,2.3569513328587337e-05,2.9575140748993013e-06,1.7369989067166737e-08,0.0024864608885557912,8.49993826026589e-05,0.0,3.5538749395738556e-05,3.88024406649782e-06,0.07928870605453076,2.058389334668825e-05,2.2877985591141537e-06,7.907945463395578e-09,0.0023656172088144353,8.500348685692374e-05,0.0
4e-05,4e-05,4e-05,4e-05,441.0,10.0,3.935849445248175e-05,3.9058919883044875e-06,0.07875536575280288,2.3752003094201723e-05,2.959170378137122e-06,1.6131819537406076e-08,0.0024874599620867727,8.497610405223308e-05,0.0,3.479684981288188e-05,3.986340357423174e-06,0.07908945458467444,1.9759969833122124e-05,2.278058491513557e-06,1.2245906701598195e-08,0.0023696080883835995,8.512897261661706e-05,0.0
4e-05,4e-05,4e-05,4e-05,442.0,10.0,3.922929617345791e-05,3.895967931166599e-06,0.07884608633736345,2.3653406858092e-05,2.9286166604096472e-06,1.68451716393025e-08,0.002485573091733263,8.498512664915732e-05,0.0,3.482978928461187e-05,3.926055086465686e-06,0.0792042189970561,1.9877145409516547e-05,2.2498540282872627e-06,7.177438505126561e-09,0.0023649860323313302,8.49135489840299e-05,0.0
4e-05,4e-05,4e-05,4e-05,443.0,10.0,3.9031656274557125e-05,3.839363807508366e-06,0.07891228674863392,2.3484191386910417e-05,2.9516717195067307e-06,1.6755262184813795e-08,0.0024847304393392417,8.484456472082637e-05,0.0,3.5214968331501164e-05,3.849326130057621e-06,0.07934750959431837,2.0311042831573045e-05,2.263302984204664e-06,7.78428505814271e-09,0.00236751021338775,8.487613525468804e-05,0.0
4e-05,4e-05,4e-05,4e-05,444.0,10.0,3.923926180895643e-05,3.88679700600165e-06,0.07881419929981888,2.3669484498993584e-05,2.9378477867979757e-06,1.6786224150452372e-08,0.0024840576674681823,8.469266384874058e-05,0.0,3.478972311310408e-05,3.94316964069932e-06,0.07925088244738464,1.9838516686517304e-05,2.223269167469326e-06,9.80575163397208e-09,0.0023656098645786308,8.498743588672217e-05,0.0
4e-05,4e-05,4e-05,4e-05,445.0,10.0,3.902156099215009e-05,3.862755726653902e-06,0.07895008109415155,2.3493530505335184e-05,2.908243876596433e-06,1.6419503719816752e-08,0.0024823902228615254,8.456037070465864e-05,0.0,3.54020520556814e-05,3.8835930557237035e-06,0.07930315971683878,2.0449629592586683e-05,2.2806288938251616e-06,9.902166720574796e-09,0.0023664035794089926,8.479828761901004e-05,0.0
4e-05,4e-05,4e-05,4e-05,446.0,10.0,3.92287689429587e-05,3.845241277465761e-06,0.07884838863096755,2.3691269685160113e-05,2.945611845559173e-06,1.7507766348786355e-08,0.002479117826874692,8.44299652618984e-05,0.0,3.542291610960923e-05,3.904098668820498e-06,0.0791104310369409,2.0500016287086633e-05,2.254209058204884e-06,7.135110543152968e-09,0.002362567076627101,8.464139632750375e-05,0.0
4e-05,4e-05,4e-05,4e-05,447.0,10.0,3.9115318042917666e-05,3.863197840182219e-06,0.07893001663250461,2.3565191033299892e-05,2.933650174898867e-06,1.678329027053517e-08,0.002478229440582658,8.434941264548243e-05,0.0,3.5825634818468934e-05,3.8311558849628455e-06,0.07931130477404512,2.086701100784185e-05,2.340714738892007e-06,9.881719731605468e-09,0.0023648996433004686,8.457411510056564e-05,0.0
4e-05,4e-05,4e-05,4e-05,448.0,10.0,3.937490867167293e-05,3.83825322891066e-06,0.07885074149859994,2.3846531585249183e-05,2.945617414763233e-06,1.7514344648669512e-08,0.0024786894149684447,8.419181811624675e-05,0.0,3.5229907836236346e-05,3.958365443559097e-06,0.0791358134377374,2.0233543713714027e-05,2.2689468141893375e-06,1.2973509021399746e-08,0.0023580000624640694,8.424970856203076e-05,0.0
4e-05,4e-05,4e-05,4e-05,449.0,10.0,3.91071210030383e-05,3.85595110117549e-06,0.0788635836760173,2.3587573324737877e-05,2.919283153487164e-06,1.6713248228912452e-08,0.0024764644769102264,8.412421649379576e-05,0.0,3.5618142275503035e-05,3.944782562284924e-06,0.07916965907935865,2.062255739246334e-05,2.2829797253023565e-06,8.951449162838821e-09,0.002361316689866946,8.419053453309977e-05,0.0
4e-05,4e-05,4e-05,4e-05,450.0,10.0,3.9373935317132695e-05,3.861732038665816e-06,0.07882986025319379,2.3829001476567436e-05,2.9436972704099334e-06,1.6895538643172124e-08,0.00247650063157658,8.396230057589299e-05,0.0,3.5364087578518496e-05,3.92053224164984e-06,0.0792158556953846,2.040565613703548e-05,2.2639711799702034e-06,1.0155095572601126e-08,0.0023583609491560904,8.421877826480227e-05,0.0
