lr_enc,lr_dec,lr_dyn,lr_dyn_scale,epoch,n_steps,t_total,t_static_recon,t_kl,t_dyn_recon,t_dyn,t_steady,t_z_std,t_dyn_attn,t_attn_pos,v_total,v_static_recon,v_kl,v_dyn_recon,v_dyn,v_steady,v_z_std,v_dyn_attn,v_attn_pos
0.001,0.001,0.001,0.001,1.0,1.0,0.0005696605897335057,0.0002714715294240766,0.08130985429725349,0.0002625175352422374,8.822173744526954e-06,1.871836251324957e-05,0.006776372855102785,0.0,0.0,0.00011786531572511489,5.0034130779163414e-05,0.09532871711017143,4.776959640374701e-05,6.365520601418369e-06,4.163197219059276e-06,0.006722177714495795,0.0,0.0
0.001,0.001,0.001,0.001,2.0,1.0,0.00012947978402641716,5.4896972827205664e-05,0.09363336391610749,5.240546081365001e-05,7.319365107909813e-06,5.494649368491294e-06,0.007185235326520879,0.0,0.0,8.354949216135393e-05,3.564945660917794e-05,0.0989753605480738,3.348816215469564e-05,3.448921352465616e-06,1.0654160920151478e-06,0.006641453386396298,0.0,0.0
0.001,0.001,0.001,0.001,3.0,1.0,0.00010594249398588878,4.337006518259671e-05,0.09765389620821466,4.14460272309614e-05,7.517217292047619e-06,3.843795074023516e-06,0.007510653111434331,0.0,0.0,6.077164867234818e-05,2.4241485980013546e-05,0.10028585765829556,2.1908857769290768e-05,3.933041157947592e-06,6.596784270401217e-07,0.00665501860922642,0.0,0.0
0.001,0.001,0.001,0.001,4.0,1.0,8.600120354022767e-05,3.349178415314074e-05,0.1012924930811772,3.184652321662137e-05,7.40137730721806e-06,3.1322697710388426e-06,0.007448505657421371,0.0,0.0,5.4647141724745214e-05,2.1256855006671618e-05,0.09895950756715925,1.861312221937707e-05,4.072039675880918e-06,8.091744252839849e-07,0.0066180872145715,0.0,0.0
0.001,0.001,0.001,0.001,5.0,1.0,7.732392405332723e-05,2.9298005110313465e-05,0.10182428735120605,2.7935058758283537e-05,7.135141248944074e-06,2.773290623341851e-06,0.007239689881480695,0.0,0.0,5.253919487133463e-05,2.0218545531300833e-05,0.09787346707301194,1.765424321617039e-05,4.060562166832682e-06,8.184976517379787e-07,0.006416966480202168,0.0,0.0
0.001,0.001,0.001,0.001,6.0,1.0,7.107579123708977e-05,2.6560910984111703e-05,0.10055746319827151,2.527418521898094e-05,6.798287661128041e-06,2.3866613162965257e-06,0.006951475375839372,0.0,0.0,5.165639327465321e-05,1.9983228884104884e-05,0.09382976961218291,1.7421626342289362e-05,4.093620472907789e-06,7.749407357797638e-07,0.0061941305811331,0.0,0.0
0.001,0.001,0.001,0.001,7.0,1.0,6.678960129726265e-05,2.4792167214971927e-05,0.09672207629602386,2.370462361158922e-05,6.256717141146674e-06,2.363885749520239e-06,0.006680572332151157,0.0,0.0,4.827857155162864e-05,1.8621035425419868e-05,0.09067763824759625,1.6471726961857792e-05,3.5385135729203294e-06,5.795322990821045e-07,0.006057027759563335,0.0,0.0
0.001,0.001,0.001,0.001,8.0,1.0,6.392363772656431e-05,2.350198023036265e-05,0.09427599145251919,2.251720065055463e-05,6.040211239298822e-06,2.436646887392052e-06,0.006370628218563426,0.0,0.0,4.5204415655084756e-05,1.7502386891891835e-05,0.08789101011194643,1.5228485408081196e-05,3.0535701817873167e-06,6.308723682537649e-07,0.005698987059842541,0.0,0.0
0.001,0.001,0.001,0.001,9.0,1.0,5.657286281736168e-05,2.075587858223231e-05,0.09270372261558861,1.9822294240786512e-05,5.0643459692292115e-06,1.6599720721953465e-06,0.006069165912662667,0.0,0.0,4.393710982737268e-05,1.6976078751199844e-05,0.08637579922647237,1.4764032459555414e-05,2.794385666680335e-06,7.65033076048428e-07,0.005478060341463485,0.0,0.0
0.001,0.001,0.001,0.001,10.0,1.0,5.779525290021522e-05,2.108849588931994e-05,0.09149458922854518,2.0186887087031195e-05,5.289216037036755e-06,2.0811952294088387e-06,0.006026221537302799,0.0,0.0,4.395388926727723e-05,1.6759662345630724e-05,0.08743050928865925,1.494582105469888e-05,2.5523310652759757e-06,9.530238225275704e-07,0.005340359150371679,0.0,0.0
0.001,0.001,0.001,0.001,11.0,1.0,5.551524119060105e-05,2.0200639840681394e-05,0.0903693336692281,1.9365554999561803e-05,5.010756212534125e-06,1.9013569268713559e-06,0.005928807697973061,0.0,0.0,4.267788626166671e-05,1.640765119396368e-05,0.08474734992226755,1.415401683977822e-05,2.6906710712642418e-06,9.508125767846392e-07,0.005386675011717562,0.0,0.0
0.001,0.001,0.001,0.001,12.0,1.0,5.251301761453164e-05,1.8702567469015617e-05,0.09060213173689324,1.7890178705201427e-05,4.927074221251739e-06,1.932984267243351e-06,0.0057768019289120435,0.0,0.0,4.098005370205138e-05,1.5423499059226678e-05,0.08591575993992898,1.3504403826762304e-05,2.519949381768697e-06,9.406256679853738e-07,0.005160916223156112,0.0,0.0
0.001,0.001,0.001,0.001,13.0,1.0,4.962451527842714e-05,1.7599815887441835e-05,0.09011371232763829,1.6792110504304808e-05,4.531650281525121e-06,1.689567584869994e-06,0.005612724037904709,0.0,0.0,3.7421805725194266e-05,1.3703859627685352e-05,0.08592024564021811,1.1990119284114462e-05,2.2936932298112954e-06,8.421093824912384e-07,0.004887453628930946,0.0,0.0
0.001,0.001,0.001,0.001,14.0,1.0,4.8412041788275893e-05,1.720916709643328e-05,0.08814408756217566,1.6409661186683822e-05,4.325022370465387e-06,1.6537825710803992e-06,0.005446257121579831,0.0,0.0,3.880821067804443e-05,1.4650009852425938e-05,0.08208399810148088,1.2893542219696438e-05,2.3322656376040305e-06,7.239932922086261e-07,0.004912545365203323,0.0,0.0
0.001,0.001,0.001,0.001,15.0,1.0,5.164787934057146e-05,1.8407558556594225e-05,0.08587030844918841,1.7671636544697832e-05,4.931000296613214e-06,2.0506533131818386e-06,0.005580322790956037,0.0,0.0,3.627151280999556e-05,1.333514422153315e-05,0.08131958303414447,1.1850638300957308e-05,2.263727774967051e-06,6.900444577027285e-07,0.004960651218878264,0.0,0.0
0.001,0.001,0.001,0.001,16.0,1.0,4.6594825568284547e-05,1.6497477529986638e-05,0.08368058738019149,1.576806237783833e-05,4.4542788106816725e-06,1.506948318778675e-06,0.005437869346253551,0.0,0.0,3.625041238198704e-05,1.3527164053516592e-05,0.07953515131100561,1.1792021975854059e-05,2.22816874776825e-06,7.495426819685301e-07,0.004864259878158981,0.0,0.0
0.001,0.001,0.001,0.001,17.0,1.0,4.6091469238914194e-05,1.6170900421974448e-05,0.08359312123725005,1.54591773135224e-05,4.479665555044554e-06,1.6224139213135743e-06,0.005414570308653205,0.0,0.0,3.481915142714564e-05,1.259879685088436e-05,0.08031075103280867,1.101028718789663e-05,2.2828192168272838e-06,8.961734582558397e-07,0.004782698382023809,0.0,0.0
0.001,0.001,0.001,0.001,18.0,1.0,4.4609904222863624e-05,1.5582132215975602e-05,0.08355946882608106,1.491335485606285e-05,4.2365144824782295e-06,1.5219560702531069e-06,0.005297417729929585,0.0,0.0,3.5839855902401254e-05,1.3342457179938703e-05,0.07970840305527842,1.1619390523959779e-05,2.2031379419925134e-06,7.040302714352508e-07,0.00475762522229627,0.0,0.0
0.001,0.001,0.001,0.001,19.0,1.0,4.4808164800393664e-05,1.5544699045299062e-05,0.0839457698439068,1.4858259408043209e-05,4.504994601103231e-06,1.5056349177709634e-06,0.005311695838559952,0.0,0.0,3.3430046779588555e-05,1.2136108884913385e-05,0.07908003551236699,1.0332540459266564e-05,2.196355420038087e-06,8.570384964977234e-07,0.0047248487482322325,0.0,0.0
0.001,0.001,0.001,0.001,20.0,1.0,4.168424531469395e-05,1.4378378772252172e-05,0.08371177545542693,1.3673695983844134e-05,3.984357438702688e-06,1.2766357353191196e-06,0.005122366616332497,0.0,0.0,3.412079736834888e-05,1.255911813136832e-05,0.0789731017144054,1.0689137806749309e-05,2.1601808556980053e-06,8.150506575818178e-07,0.004577392590688598,0.0,0.0
0.001,0.001,0.001,0.001,21.0,1.0,4.2779791235634166e-05,1.471362090350335e-05,0.08381143541004524,1.4060722818442847e-05,4.165012158712093e-06,1.4592921469578685e-06,0.005112369052715798,0.0,0.0,3.3201226653833454e-05,1.2002552213465638e-05,0.07934489083784659,1.0386045622238042e-05,2.16441360114956e-06,7.137261397608923e-07,0.004617652573277441,0.0,0.0
0.001,0.001,0.001,0.001,22.0,1.0,4.164990622391436e-05,1.4357315741093066e-05,0.0841481430256651,1.3649646360464122e-05,3.941954189147922e-06,1.2861759797722148e-06,0.005065429847145006,0.0,0.0,3.428727932173321e-05,1.2364085134791026e-05,0.08033609539656775,1.0914140648821373e-05,2.059632148157594e-06,9.158118583992128e-07,0.004563947937506844,0.0,0.0
0.001,0.001,0.001,0.001,23.0,1.0,4.081609264299893e-05,1.3927153696311131e-05,0.08407917162712639,1.3263111569254993e-05,3.923739684814841e-06,1.2941707197754057e-06,0.0050422344340171925,0.0,0.0,3.24529059088504e-05,1.1809259181657171e-05,0.07812173915713021,9.880979100549696e-06,2.095858079689363e-06,8.546358357249943e-07,0.004544972377694828,0.0,0.0
0.001,0.001,0.001,0.001,24.0,1.0,3.985722099770926e-05,1.3554891335293686e-05,0.08410259941943747,1.286597990718576e-05,3.8092748451096093e-06,1.2168152272176314e-06,0.005042651845444376,0.0,0.0,3.281452883163333e-05,1.1613543982301213e-05,0.0799072702691384,1.0049382896419045e-05,2.1089182405484135e-06,1.051957004042532e-06,0.004567490361772587,0.0,0.0
0.001,0.001,0.001,0.001,25.0,1.0,4.0096952833997206e-05,1.3472327230268792e-05,0.08438036151741315,1.2801685978579241e-05,4.005980530507801e-06,1.3789231703793346e-06,0.005030451681624806,0.0,0.0,3.021128451442201e-05,1.0683429897395076e-05,0.07884149048590104,8.930420513327368e-06,1.982516859583902e-06,7.307681500783777e-07,0.00449687830279537,0.0,0.0
0.001,0.001,0.001,0.001,26.0,3.0,5.295361575157673e-05,1.563477981102603e-05,0.08918480998560867,1.8608278008240264e-05,7.870472571717133e-06,1.9216046716598133e-06,0.004021679035497541,0.0,0.0,3.5942585651047185e-05,1.1710735821638453e-05,0.08290972048698465,1.144433262352566e-05,3.650554647184807e-06,8.459907020297424e-07,0.0032587632047480926,0.0,0.0
0.001,0.001,0.001,0.001,27.0,3.0,4.910631010023133e-05,1.5246628790957527e-05,0.09146638022311222,1.755279032702394e-05,5.659062517910476e-06,1.5011906079075878e-06,0.003658016746585642,0.0,0.0,3.763499622616165e-05,1.2554716892344652e-05,0.08239186459197602,1.2074398267031152e-05,3.352401957434703e-06,1.4142929193799307e-06,0.00313474645382542,0.0,0.0
0.001,0.001,0.001,0.001,28.0,3.0,4.7620762668249946e-05,1.4875023691182516e-05,0.09195337740928865,1.7084357852474972e-05,5.0736743872216285e-06,1.3923690843569692e-06,0.003459830156572666,0.0,0.0,3.516070415852865e-05,1.125044014273735e-05,0.0857887932114696,1.1229927220793376e-05,3.0795264390280586e-06,1.0219310100237304e-06,0.003059839420889922,0.0,0.0
0.001,0.001,0.001,0.001,29.0,3.0,4.73722421771905e-05,1.4796047043235417e-05,0.0927007158405181,1.7208443468929343e-05,4.685882381836941e-06,1.4117977384160027e-06,0.0033735520367922356,0.0,0.0,3.418396876678362e-05,1.1104260063719616e-05,0.08519208006232384,1.0845022007147893e-05,2.824325286608312e-06,8.911536604480287e-07,0.0029314511311510152,0.0,0.0
0.001,0.001,0.001,0.001,30.0,3.0,4.7458297918581086e-05,1.510832837995449e-05,0.09307943260240477,1.719926856872642e-05,4.5039754006989285e-06,1.3387825722448015e-06,0.0033289949461209555,0.0,0.0,3.656331972484078e-05,1.2018110547074887e-05,0.08647662671661212,1.2137917402157538e-05,2.7888496516527804e-06,9.707795371950686e-07,0.0029837373594206887,0.0,0.0
0.001,0.001,0.001,0.001,31.0,3.0,4.521878648891121e-05,1.416564957359366e-05,0.09332899980840516,1.6246796967465227e-05,4.250549785569088e-06,1.2228904059221436e-06,0.0032472376949924764,0.0,0.0,3.4066103768571984e-05,1.1057772429805557e-05,0.08631979597470012,1.0818172046056574e-05,2.713822216056505e-06,8.443576197890959e-07,0.0029089815710174596,0.0,0.0
0.001,0.001,0.001,0.001,32.0,3.0,4.586482910758962e-05,1.4376540952345643e-05,0.09305922734750599,1.660251478295819e-05,4.321645101567535e-06,1.2582057406644562e-06,0.003262088793642063,0.0,0.0,3.456850798152405e-05,1.137201744520382e-05,0.08618126311174425,1.1193002307381643e-05,2.682777619586878e-06,7.025844352484725e-07,0.0029036180352085402,0.0,0.0
0.001,0.001,0.001,0.001,33.0,3.0,4.5543883267862226e-05,1.4392383127695151e-05,0.09350493884138773,1.6384218017052285e-05,4.136014415245747e-06,1.280773992243359e-06,0.003260838260148082,0.0,0.0,3.348609256294903e-05,1.0633292418008396e-05,0.08800344126638711,1.0771930220968993e-05,2.5935642330797623e-06,6.869616892513835e-07,0.0028816995846048035,0.0,0.0
0.001,0.001,0.001,0.001,34.0,3.0,4.4536227477880555e-05,1.3969459267102867e-05,0.09388311303533561,1.5873094613640004e-05,4.099864124682299e-06,1.205498464142265e-06,0.0032402356884129245,0.0,0.0,3.2401034613413607e-05,1.033813802812616e-05,0.08755610024197512,1.0247163382946863e-05,2.4568898138925994e-06,6.032336429693333e-07,0.002865806732297768,0.0,0.0
0.001,0.001,0.001,0.001,35.0,3.0,4.466628317645668e-05,1.4116944874631006e-05,0.09328369759929833,1.5969027953230458e-05,4.069177340121084e-06,1.182763343710216e-06,0.0032477549450247952,0.0,0.0,3.548991922403838e-05,1.1478525775664042e-05,0.08771340372547984,1.1859845484494934e-05,2.6179861695651627e-06,7.622215579067258e-07,0.0029205137239117097,0.0,0.0
0.001,0.001,0.001,0.001,36.0,3.0,4.5078555963537656e-05,1.418120407494109e-05,0.09343449633626587,1.6219132808873055e-05,4.057029839807452e-06,1.2777396515690323e-06,0.003210908879443018,0.0,0.0,3.4618554495718946e-05,1.1154569276458505e-05,0.08771679518855433,1.1455077914317447e-05,2.571170171535604e-06,6.660578685283954e-07,0.002877868503467369,0.0,0.0
0.001,0.001,0.001,0.001,37.0,3.0,4.383379704183749e-05,1.3796427289502486e-05,0.0937876422563476,1.565441078137199e-05,3.900594331688083e-06,1.1036005465668944e-06,0.0031887032918766667,0.0,0.0,3.344715575685776e-05,1.0523504809678275e-05,0.0893148952191929,1.0744098644682899e-05,2.4896192580915325e-06,7.584437871306032e-07,0.002849347707505564,0.0,0.0
0.001,0.001,0.001,0.001,38.0,3.0,4.377081901854282e-05,1.3770955202946188e-05,0.09392198797968726,1.562901828657126e-05,3.846120152541236e-06,1.1325267582801661e-06,0.003160652532843104,0.0,0.0,3.453359439638632e-05,1.1157331771106405e-05,0.08828103807638098,1.1352702635925487e-05,2.461329477937429e-06,7.34126906740784e-07,0.002835634318256852,0.0,0.0
0.001,0.001,0.001,0.001,39.0,3.0,4.317197281075738e-05,1.3530629008124166e-05,0.09375778005400126,1.5332001750125694e-05,3.7745599888391013e-06,1.1590042860886315e-06,0.003161958810952799,0.0,0.0,3.2183095050262095e-05,1.0240619489173513e-05,0.08785661006653835,1.0127786798252243e-05,2.4357837024756683e-06,5.932442666718995e-07,0.002824874083666886,0.0,0.0
0.001,0.001,0.001,0.001,40.0,3.0,4.234116868666287e-05,1.3054042316718674e-05,0.09422618760748604,1.4845093122991143e-05,3.819480474385478e-06,1.1999342850212037e-06,0.0031618526708200347,0.0,0.0,3.330478956880126e-05,1.0613617457475044e-05,0.08845395684345282,1.0812854651874253e-05,2.4426407889444577e-06,5.902812911321479e-07,0.002855953019894756,0.0,0.0
0.001,0.001,0.001,0.001,41.0,3.0,4.306090384238146e-05,1.3555532369348405e-05,0.09331607982825815,1.527424839936888e-05,3.7622958532307738e-06,1.137219471823407e-06,0.0032115237379979895,0.0,0.0,3.180154378580951e-05,1.0033055251348436e-05,0.08835243527087654,1.012020920518736e-05,2.418214815863933e-06,3.948211018670215e-07,0.0028574938556644664,0.0,0.0
0.001,0.001,0.001,0.001,42.0,3.0,4.200316231532343e-05,1.314429043536685e-05,0.09322239057464077,1.4816400762667862e-05,3.698885279947193e-06,1.0213468676948113e-06,0.003185038854091082,0.0,0.0,3.3086291923350274e-05,1.0398151017942803e-05,0.08788437127757917,1.0685418721767335e-05,2.48369485052948e-06,7.30590312027936e-07,0.002867268406453582,0.0,0.0
0.001,0.001,0.001,0.001,43.0,3.0,4.119228096636967e-05,1.2658240161723446e-05,0.09333106777932751,1.4526475705459973e-05,3.6101727371946468e-06,1.0642857344539184e-06,0.003152676467552283,0.0,0.0,3.1524120351232633e-05,9.988878925674347e-06,0.08860739491165148,9.936609209457852e-06,2.2568101923124614e-06,4.810827418661108e-07,0.0028081744588917975,0.0,0.0
0.001,0.001,0.001,0.001,44.0,3.0,4.2909965070400945e-05,1.3288540010187207e-05,0.0943602551414696,1.511776203212479e-05,3.8392653051153494e-06,1.2283724698212418e-06,0.0031765416295325677,0.0,0.0,3.10738607286214e-05,9.73101080787793e-06,0.0878886527147598,9.634703043769543e-06,2.373511231271094e-06,5.457704529923148e-07,0.0028628444197678626,0.0,0.0
0.001,0.001,0.001,0.001,45.0,3.0,4.1543229888391166e-05,1.2970869046533878e-05,0.09342760026192491,1.4625097628131224e-05,3.582741927095341e-06,1.0217614201077976e-06,0.003171170983935564,0.0,0.0,3.2271387676532115e-05,1.0223651107050705e-05,0.0885933063724686,1.0321022003648657e-05,2.324488406914748e-06,5.428956958838748e-07,0.002819838725165653,0.0,0.0
0.001,0.001,0.001,0.001,46.0,3.0,4.170461611712992e-05,1.3025860438984871e-05,0.09383538764891171,1.4552904775504473e-05,3.6330188170766143e-06,1.1092935431226018e-06,0.003168530975322322,0.0,0.0,3.209016668311841e-05,9.832653132586357e-06,0.08979438094610578,1.0251625529816666e-05,2.407739414603402e-06,6.187106723115079e-07,0.0028537271412326123,0.0,0.0
0.001,0.001,0.001,0.001,47.0,3.0,4.164090202580186e-05,1.2825015846803252e-05,0.09354424733583135,1.460322107667357e-05,3.77656100627488e-06,1.081679503275033e-06,0.0031789906511328725,0.0,0.0,3.3862045481108776e-05,1.0774820243753413e-05,0.08907413570244145,1.1301957030020493e-05,2.4024375327051344e-06,4.7541730461741684e-07,0.002851430952143288,0.0,0.0
0.001,0.001,0.001,0.001,48.0,3.0,4.31220325440924e-05,1.3462165083381612e-05,0.09360930506901836,1.5107063314170575e-05,3.9704379506069024e-06,1.2214358028033912e-06,0.0032351078196254358,0.0,0.0,3.128619959038403e-05,9.72038551693333e-06,0.08806396949981551,9.783262063002749e-06,2.3786435872529607e-06,5.975117720460424e-07,0.0029153372543439748,0.0,0.0
0.001,0.001,0.001,0.001,49.0,3.0,4.095978718455765e-05,1.2613741976063529e-05,0.09301728161036725,1.4289916365736066e-05,3.6044513266972854e-06,1.1499495217314472e-06,0.003212151958230719,0.0,0.0,3.127412649392542e-05,9.751617346461939e-06,0.08840573653127988,9.784584536295057e-06,2.294726103055446e-06,6.026251745061647e-07,0.0028499765699937,0.0,0.0
0.001,0.001,0.001,0.001,50.0,3.0,4.0823581054408885e-05,1.2620047258905234e-05,0.09338397371276606,1.4229360772502064e-05,3.5989137930013645e-06,1.0368619709532313e-06,0.003188840265853141,0.0,0.0,3.1122457340040524e-05,9.390488369701279e-06,0.09108055938701745,9.83774306269402e-06,2.2503172718063986e-06,5.358528915992355e-07,0.0028089010136567423,0.0,0.0
0.001,0.001,0.001,0.001,51.0,5.0,5.034170338869355e-05,1.3554273960433845e-05,0.09502025307591733,1.9686495093167456e-05,6.103523102100802e-06,1.4953862315883248e-06,0.0027809682640306845,0.0,0.0,3.850452677800957e-05,1.0476282321338948e-05,0.09329795407239178,1.4337506752061288e-05,3.7733955783121223e-06,5.875466248997055e-07,0.0023213095215206376,0.0,0.0
0.001,0.001,0.001,0.001,52.0,5.0,4.862094766666316e-05,1.3622364522480336e-05,0.09824156875803039,1.885329805949896e-05,4.912452282131001e-06,1.4086761676223333e-06,0.0026299939468591147,0.0,0.0,3.772360542261862e-05,1.0221780586950806e-05,0.09383871600147765,1.3923827147849785e-05,3.6610468521607727e-06,5.330794553055895e-07,0.0023249533331680112,0.0,0.0
0.001,0.001,0.001,0.001,53.0,5.0,4.869815309366381e-05,1.4103738479931503e-05,0.09762716418272711,1.9092948554271726e-05,4.685170124567567e-06,1.0535797038021488e-06,0.0026286084119681616,0.0,0.0,3.983274508029578e-05,1.1882657201069406e-05,0.09098539127289682,1.497041052448583e-05,3.3380588537788057e-06,5.430794924216451e-07,0.002302719761078973,0.0,0.0
0.001,0.001,0.001,0.001,54.0,5.0,4.7153551928416606e-05,1.3201109482098603e-05,0.09796482176317144,1.846028384525596e-05,4.4457546960641245e-06,1.2499219123864498e-06,0.002563383412230411,0.0,0.0,3.600686086318999e-05,9.791662476789012e-06,0.09343531295051838,1.323918010571369e-05,3.2110745623706696e-06,4.21412758110935e-07,0.002295663774692894,0.0,0.0
0.001,0.001,0.001,0.001,55.0,5.0,4.775238862464794e-05,1.357548127217564e-05,0.09791057376001691,1.8732928991030674e-05,4.492249393462486e-06,1.1606717896679657e-06,0.0025847869389893597,0.0,0.0,3.7137856121378644e-05,1.0578204089670132e-05,0.09235844909887223,1.3726295783476161e-05,3.058596844948703e-06,5.389148507410568e-07,0.002258124873975844,0.0,0.0
0.001,0.001,0.001,0.001,56.0,5.0,4.708925254593732e-05,1.3231642719936543e-05,0.09799374229552947,1.8520356190575734e-05,4.342065991738427e-06,1.1958136247472177e-06,0.002532517764336872,0.0,0.0,3.728280732762946e-05,9.843685974631287e-06,0.09647972282914118,1.3985396547224083e-05,3.269813082302458e-06,5.35939569903067e-07,0.002231527416497572,0.0,0.0
0.001,0.001,0.001,0.001,57.0,5.0,4.7577831302211884e-05,1.3354353351977721e-05,0.09862805818713487,1.872885307370857e-05,4.340491678570622e-06,1.2913274562030034e-06,0.0025004627522341658,0.0,0.0,3.916484008659106e-05,1.0806985071779458e-05,0.09383806624902974,1.4935143897401714e-05,3.2178769650774746e-06,8.210279324220812e-07,0.0022038882103239087,0.0,0.0
0.001,0.001,0.001,0.001,58.0,5.0,4.721447095535019e-05,1.3353687183725776e-05,0.098664813597982,1.8462826593646e-05,4.228829638072897e-06,1.3026465012757762e-06,0.0025313317426351426,0.0,0.0,3.756002229375784e-05,1.051904817087189e-05,0.09487414316257321,1.3719341724886076e-05,3.0235434106054893e-06,8.106749417936469e-07,0.002242235091330553,0.0,0.0
0.001,0.001,0.001,0.001,59.0,5.0,4.567343059474331e-05,1.3088229377306309e-05,0.09815293894875156,1.7851891365677306e-05,3.938211099839338e-06,9.798051058637764e-07,0.0024936484369513946,0.0,0.0,3.757348526791406e-05,1.0553939231669783e-05,0.09431852017792526,1.395420299272272e-05,3.0068730164724817e-06,6.266181678752561e-07,0.0021987904097430905,0.0,0.0
0.001,0.001,0.001,0.001,60.0,5.0,4.6022067819974945e-05,1.2852444479457673e-05,0.09886582724449974,1.788828466873975e-05,4.121174070454317e-06,1.273582150783703e-06,0.002479385937288384,0.0,0.0,3.614452736432702e-05,9.828033979575438e-06,0.09635717343851319,1.338886398044768e-05,2.9059925351940382e-06,3.859197421132488e-07,0.0021744530306695964,0.0,0.0
0.001,0.001,0.001,0.001,61.0,5.0,4.715587319336293e-05,1.33045270602476e-05,0.09889462749529322,1.8386417583107558e-05,4.1260265067081595e-06,1.4494394623558979e-06,0.0025017808161114236,0.0,0.0,3.818336568191018e-05,1.0955321346563062e-05,0.09429907708613133,1.4045549139367928e-05,3.0535830748032715e-06,6.990047094984213e-07,0.002246622158763423,0.0,0.0
0.001,0.001,0.001,0.001,62.0,5.0,4.568197897723373e-05,1.2937755565765888e-05,0.09820084610994127,1.7743519392022812e-05,4.000319919660469e-06,1.1802998244730496e-06,0.0024905053070587097,0.0,0.0,3.860216932424586e-05,1.0745904166961786e-05,0.09570818091118861,1.447549364294858e-05,2.95847909674642e-06,8.514746208008609e-07,0.0022068595020269515,0.0,0.0
0.001,0.001,0.001,0.001,63.0,5.0,4.6934313622621364e-05,1.3288252314566175e-05,0.09820358054003753,1.836123632957402e-05,4.1381577613612325e-06,1.3263092562176735e-06,0.002503768466228875,0.0,0.0,3.861461786514827e-05,1.084161529232677e-05,0.0942272999571023,1.45525181769754e-05,3.046501367511628e-06,7.512531938873265e-07,0.00222120707445716,0.0,0.0
0.001,0.001,0.001,0.001,64.0,5.0,4.498432064016357e-05,1.2750591171859185e-05,0.09807720393886707,1.7459476284514622e-05,3.85312585406182e-06,1.1134071161994756e-06,0.00243615328910182,0.0,0.0,3.871190301534038e-05,1.0619444514565611e-05,0.0971254596137341,1.4928718950128186e-05,2.8553816470863184e-06,5.958122340022768e-07,0.002196997070045902,0.0,0.0
0.001,0.001,0.001,0.001,65.0,5.0,4.652289179849346e-05,1.3105911165559868e-05,0.0989505479319105,1.8131886273820558e-05,4.002028878803851e-06,1.3880108827120004e-06,0.00247762058217922,0.0,0.0,3.6939328725100797e-05,1.0071754386900735e-05,0.096072591242341,1.3751766916798146e-05,2.7876338549110957e-06,7.209146078365578e-07,0.002196532976793491,0.0,0.0
0.001,0.001,0.001,0.001,66.0,5.0,4.667716102082367e-05,1.3029122991861438e-05,0.09857291331125946,1.8450442119977935e-05,4.084356462626775e-06,1.2559485598901084e-06,0.0024403076681197584,0.0,0.0,3.6124937511902456e-05,9.77403194793579e-06,0.09598488274997127,1.3544592609301372e-05,2.730187759130682e-06,4.776370433665119e-07,0.002187713139103653,0.0,0.0
0.001,0.001,0.001,0.001,67.0,5.0,4.511125519132133e-05,1.2804947357546544e-05,0.09855740165205547,1.757484727608378e-05,3.7590723402241937e-06,1.1166481844471041e-06,0.0024294741663055727,0.0,0.0,3.588488193037867e-05,1.0047315474253573e-05,0.09565715925798605,1.314109155569571e-05,2.6501500726942487e-06,4.806091692719298e-07,0.0021515782530497607,0.0,0.0
0.001,0.001,0.001,0.001,68.0,5.0,4.593917514083292e-05,1.290967184083984e-05,0.09906246302718459,1.793364899297482e-05,3.96741651752359e-06,1.2221917907385708e-06,0.0024631876377809703,0.0,0.0,3.553119720312563e-05,9.372010962144522e-06,0.09619560191213003,1.2908738299286337e-05,2.804350213015808e-06,8.265376835547067e-07,0.0021942236139571862,0.0,0.0
0.001,0.001,0.001,0.001,69.0,5.0,4.510882285447274e-05,1.2735573512601873e-05,0.09857941933509767,1.761949525142576e-05,3.841810949574781e-06,1.054001515098688e-06,0.002444652489459881,0.0,0.0,3.864132358525359e-05,1.0830533969576362e-05,0.0963476892164687,1.4737461883916927e-05,2.7473393732874723e-06,6.912194963620146e-07,0.0021741469764990236,0.0,0.0
0.001,0.001,0.001,0.001,70.0,5.0,4.4924160575343785e-05,1.2750848849561034e-05,0.0987100459965111,1.7486388359456642e-05,3.7869316353623113e-06,1.0289873442924087e-06,0.0024601055725216336,0.0,0.0,3.542891608612723e-05,9.716440095901675e-06,0.09575550653549135,1.2718058899774724e-05,2.6942777492943243e-06,7.245887176373617e-07,0.0021770482278342844,0.0,0.0
0.001,0.001,0.001,0.001,71.0,5.0,4.541672148026026e-05,1.2721380482051861e-05,0.0990287433267332,1.7628513161655348e-05,3.9227663948666085e-06,1.2411873133186816e-06,0.0024345239817030327,0.0,0.0,3.6665609872327636e-05,1.0072322608061631e-05,0.09678477867986997,1.3800393440924176e-05,2.657295390277228e-06,4.571205762011848e-07,0.002165493181872028,0.0,0.0
0.001,0.001,0.001,0.001,72.0,5.0,4.4528453252091734e-05,1.2502247560015251e-05,0.09896700484179294,1.7289493581428435e-05,3.7858567631636807e-06,1.0541549532312406e-06,0.0024263994075298142,0.0,0.0,3.5442528924886654e-05,9.561274192722742e-06,0.09711250286732857,1.301425389544845e-05,2.7366190852970132e-06,4.191314134765568e-07,0.0021761335386647524,0.0,0.0
0.001,0.001,0.001,0.001,73.0,5.0,4.622898207531287e-05,1.2798535189411504e-05,0.09919481115046745,1.8033294745533117e-05,3.995975755703614e-06,1.4816955848908222e-06,0.002450192631488842,0.0,0.0,3.5765408436154385e-05,9.759735524468848e-06,0.09728537462555135,1.3111405024482225e-05,2.6149378083566463e-06,5.507927090691889e-07,0.002193884969533597,0.0,0.0
0.001,0.001,0.001,0.001,74.0,5.0,4.434817147876091e-05,1.2496160892371529e-05,0.09819348375374995,1.7401797052281816e-05,3.7360579538377774e-06,8.9480747889691e-07,0.0024097921547480508,0.0,0.0,3.867823824739444e-05,1.1046499311366053e-05,0.0955465635350787,1.4585224506512895e-05,2.7219742584442234e-06,7.698840574508438e-07,0.0021435763556494113,0.0,0.0
0.001,0.001,0.001,0.001,75.0,5.0,4.503529799719307e-05,1.27415956484507e-05,0.09892903313619134,1.7537463603184208e-05,3.7419862919544057e-06,1.121349367971449e-06,0.002406875034588179,0.0,0.0,4.0191979872800537e-05,1.146052939568883e-05,0.09553252326690027,1.5412506243595507e-05,2.9625449607779308e-06,8.031472400550214e-07,0.002203310058631692,0.0,0.0
0.001,0.001,0.001,0.001,76.0,5.0,4.411652408690333e-05,1.238374123850182e-05,0.09881323763541137,1.709865902654151e-05,3.6849209037392956e-06,1.0678793688164859e-06,0.002424877092066346,0.0,0.0,3.7823534078510475e-05,1.0715457421592198e-05,0.09640723794003242,1.4165466366388423e-05,2.758358456817668e-06,5.435281930477091e-07,0.0021865323057934294,0.0,0.0
0.001,0.001,0.001,0.001,77.0,5.0,4.4691719605101475e-05,1.2352511608523068e-05,0.09885680454289493,1.7467652971523495e-05,3.816922310688546e-06,1.1689526257965986e-06,0.00241312964052523,0.0,0.0,3.569800832913343e-05,9.642026126100991e-06,0.09779320248984631,1.3202814311441114e-05,2.540066561599243e-06,5.337812729450296e-07,0.002125686614121356,0.0,0.0
0.001,0.001,0.001,0.001,78.0,5.0,4.297134457007261e-05,1.216572674107307e-05,0.09861188491814488,1.643282817396576e-05,3.5383694577768253e-06,9.732318252479028e-07,0.002400089040507677,0.0,0.0,3.770091660338267e-05,1.0934728353711727e-05,0.09517847247544094,1.4033159071821512e-05,2.640585078037563e-06,5.745974344802529e-07,0.002159026129832918,0.0,0.0
0.001,0.001,0.001,0.001,79.0,5.0,4.3777392344392677e-05,1.255926617328709e-05,0.09858093586041693,1.686873808395355e-05,3.539279584343231e-06,9.52015204064661e-07,0.0024261709363744034,0.0,0.0,3.758416998337161e-05,1.0386263257952928e-05,0.0981358833990946,1.434210585374044e-05,2.6949561587450955e-06,3.472564921011434e-07,0.0021915419398289408,0.0,0.0
0.001,0.001,0.001,0.001,80.0,5.0,4.4619965793065104e-05,1.2479632826583464e-05,0.09902465225299686,1.7205576559735327e-05,3.6482655316723446e-06,1.3840259418346347e-06,0.0024310142495753825,0.0,0.0,3.563893400545191e-05,9.70486392313685e-06,0.09709042707392133,1.3163953227661971e-05,2.587168388703222e-06,4.7390608189300594e-07,0.002175244412166787,0.0,0.0
0.001,0.001,0.001,0.001,81.0,5.0,4.3020514087969465e-05,1.2361768224249093e-05,0.09840719916439852,1.634603295375854e-05,3.4913946005768972e-06,9.805987250297244e-07,0.002442934750666968,0.0,0.0,3.995386983329139e-05,1.2149156819770028e-05,0.09460739396003782,1.4925621055530083e-05,2.803008509992852e-06,6.153444174273327e-07,0.002207737833393501,0.0,0.0
0.001,0.001,0.001,0.001,82.0,5.0,4.300604825313124e-05,1.2176903125516908e-05,0.09838084327559884,1.6574868333140035e-05,3.513856287667489e-06,9.023363228014602e-07,0.0024410569573187087,0.0,0.0,3.632785383876141e-05,1.0151449742125486e-05,0.09665354053419833,1.354657833966227e-05,2.550487296956547e-06,4.13984770439333e-07,0.0021729366898105233,0.0,0.0
0.001,0.001,0.001,0.001,83.0,5.0,4.628332523557977e-05,1.2972944622668181e-05,0.0991149074508796,1.8126154158318315e-05,3.93454349874301e-06,1.3381923957194838e-06,0.002443407533587141,0.0,0.0,3.545758935849061e-05,9.650029693626036e-06,0.0971467526647276,1.2962846214346332e-05,2.5933282797819516e-06,5.367101646402281e-07,0.0021833102886911963,0.0,0.0
0.001,0.001,0.001,0.001,84.0,5.0,4.335935628584882e-05,1.2355020093620742e-05,0.0983859561920063,1.6670076771378752e-05,3.57658975909222e-06,9.190741651110921e-07,0.002464670576822339,0.0,0.0,3.753819957760089e-05,1.0624512529545538e-05,0.09728719292783283,1.4155153517924046e-05,2.560072786122233e-06,4.6974176447046806e-07,0.0022038881205724246,0.0,0.0
0.001,0.001,0.001,0.001,85.0,5.0,4.384104544196612e-05,1.2262128365705839e-05,0.09827460974381624,1.7005941895470067e-05,3.647370959251667e-06,1.0981434313166533e-06,0.002447949814230847,0.0,0.0,3.641127820794616e-05,1.0343132638944244e-05,0.09760975263298022,1.3342265174366212e-05,2.4906693353624195e-06,4.742361127194515e-07,0.0021893806979317756,0.0,0.0
0.001,0.001,0.001,0.001,86.0,5.0,4.343387628878935e-05,1.2423238545151224e-05,0.09839390190444765,1.665116194385793e-05,3.4779826718945887e-06,1.0421029960687403e-06,0.0024284850436195795,0.0,0.0,3.837429241917411e-05,1.097973791173842e-05,0.09716874832414613,1.4588168867871865e-05,2.5701210062159192e-06,5.193899813985009e-07,0.00219397535772999,0.0,0.0
0.001,0.001,0.001,0.001,87.0,5.0,4.3520737412514166e-05,1.2212247536230706e-05,0.09880316829034812,1.6641437829724755e-05,3.5764302238646366e-06,1.2103052112617872e-06,0.0024506005421729656,0.0,0.0,3.936479496663958e-05,1.1201147392911148e-05,0.09702490379610448,1.517508635885154e-05,2.7831605303258596e-06,5.029108298980946e-07,0.0022288074209004666,0.0,0.0
0.001,0.001,0.001,0.001,88.0,5.0,4.296354821197675e-05,1.1963480643523331e-05,0.09900437943511185,1.6413611522148858e-05,3.5676546373430816e-06,1.1183636943350299e-06,0.0024344885843510353,0.0,0.0,3.494639868151546e-05,9.506512641821817e-06,0.09639695284174966,1.2554411912123031e-05,2.4882732096422243e-06,7.575060275423843e-07,0.0021608873397633496,0.0,0.0
0.001,0.001,0.001,0.001,89.0,5.0,4.396167802682642e-05,1.2112143891549697e-05,0.09904744073111423,1.6951022646454994e-05,3.6482731511533134e-06,1.345494402411907e-06,0.0024522225262835636,0.0,0.0,3.847781342349411e-05,1.0981841446424721e-05,0.09775619812844226,1.4356038311105525e-05,2.6380419684030354e-06,7.262720516220014e-07,0.0021874320905819833,0.0,0.0
0.001,0.001,0.001,0.001,90.0,5.0,4.2526902343819164e-05,1.2060819697299394e-05,0.0983046884040341,1.6108905660204467e-05,3.473804379963583e-06,1.0529039548829987e-06,0.0024852488945740644,0.0,0.0,3.64566064994523e-05,1.0255965949821255e-05,0.09763897585786409,1.3375204941401216e-05,2.598993089247408e-06,4.6254499489740856e-07,0.00222570468311809,0.0,0.0
0.001,0.001,0.001,0.001,91.0,5.0,4.331409842150501e-05,1.19215351203132e-05,0.0985175206593539,1.6599342550636743e-05,3.6657138642871643e-06,1.275754880868618e-06,0.002453720894875401,0.0,0.0,3.593323868045353e-05,1.0097992499384358e-05,0.09604154827271233,1.2969906629576997e-05,2.504487483928451e-06,7.56697331894724e-07,0.0021351883904292034,0.0,0.0
0.001,0.001,0.001,0.001,92.0,5.0,4.246434944666402e-05,1.1915248417980744e-05,0.09829220405090815,1.6192146200224826e-05,3.4659390325237326e-06,1.0617955754619812e-06,0.002476584303240919,0.0,0.0,3.512845803881281e-05,9.600089053418519e-06,0.0959956126936366,1.2745623898997504e-05,2.599880619740567e-06,5.83303358502661e-07,0.002175338948652625,0.0,0.0
0.001,0.001,0.001,0.001,93.0,5.0,4.5181138156369964e-05,1.2584129717112858e-05,0.09827638867061048,1.7290897069254738e-05,3.890568063089166e-06,1.5879046304025299e-06,0.0025274802044310527,0.0,0.0,3.9301144266855246e-05,1.1599649039823897e-05,0.09639342027485319,1.4796301632643005e-05,2.673554854737539e-06,5.922967186174748e-07,0.0022260497075440354,0.0,0.0
0.001,0.001,0.001,0.001,94.0,5.0,4.3646274121340944e-05,1.237688076300782e-05,0.09784341601645881,1.677049069916511e-05,3.5801559367937104e-06,1.1344053563941776e-06,0.002502977875423362,0.0,0.0,3.8054248858597404e-05,1.0511977878544486e-05,0.09628820324005911,1.4479447910525935e-05,2.8267006124765103e-06,6.073023783550118e-07,0.0022105276588649976,0.0,0.0
0.001,0.001,0.001,0.001,95.0,5.0,4.223588269837546e-05,1.1938268920922321e-05,0.09813995806467159,1.5958269512617914e-05,3.4579635243683712e-06,1.0673851793955278e-06,0.0025218010640235154,0.0,0.0,3.461076375624276e-05,9.32908397011686e-06,0.09672422216385732,1.2326455284377409e-05,2.5899852546462576e-06,6.928173612305714e-07,0.002223141508316983,0.0,0.0
0.001,0.001,0.001,0.001,96.0,5.0,4.37479908421498e-05,1.2050955706069879e-05,0.09863671006834625,1.6754075772935827e-05,3.6085329023740006e-06,1.4707556447481209e-06,0.0025079473545194454,0.0,0.0,3.5970443368427756e-05,9.94067069443352e-06,0.09515323096446776,1.2969558806416537e-05,2.5958166056012343e-06,9.49074486227344e-07,0.00218584758568436,0.0,0.0
0.001,0.001,0.001,0.001,97.0,5.0,4.337125013403595e-05,1.233155227680946e-05,0.09796368562821962,1.6550476962329125e-05,3.6077645979035917e-06,1.0850879239033925e-06,0.002529227906850487,0.0,0.0,3.6683186988608694e-05,1.0330782460247566e-05,0.0961550352072654,1.3677133677808084e-05,2.58366435765423e-06,4.761031243472431e-07,0.0022562788569995473,0.0,0.0
0.001,0.001,0.001,0.001,98.0,5.0,4.3314815456210314e-05,1.2132838723012293e-05,0.0980735616814565,1.6638740774961587e-05,3.5693314882891594e-06,1.1665486252195798e-06,0.0024980189039381893,0.0,0.0,3.7398394020388985e-05,1.0425512544256265e-05,0.09636164270502386,1.3906322668516369e-05,2.577109086550228e-06,8.532857517614219e-07,0.0022114695978730065,0.0,0.0
0.001,0.001,0.001,0.001,99.0,5.0,4.173692470533128e-05,1.161347025478413e-05,0.09813643442084223,1.586731587351993e-05,3.391960587544363e-06,1.0505347535948874e-06,0.002462016071264189,0.0,0.0,3.646092305406437e-05,1.0086620793134126e-05,0.09663763820043184,1.3447731533613772e-05,2.5257233612554907e-06,7.370840149785009e-07,0.0021197649138330024,0.0,0.0
0.001,0.001,0.001,0.001,100.0,5.0,4.3122196731015896e-05,1.203780657624831e-05,0.09843735565954648,1.6515433861085473e-05,3.5586748035396617e-06,1.1665461601366473e-06,0.0024963815643381593,0.0,0.0,3.5164689603615826e-05,9.683642911223618e-06,0.09711194496888381,1.245398361820273e-05,2.5400108198225437e-06,7.758581417884098e-07,0.002181199461772278,0.0,0.0
0.001,0.001,0.001,0.001,101.0,10.0,7.090395991709954e-05,1.5135746940141185e-05,0.10045242157584183,3.462858622099255e-05,8.749257213990934e-06,2.3451277111621395e-06,0.002123731281580671,0.0,0.0,5.1763144114639234e-05,1.241482906942576e-05,0.10112471592364426,2.4050396998290248e-05,4.7145694371374384e-06,4.708772238838946e-07,0.0017933917371233906,0.0,0.0
0.001,0.001,0.001,0.001,102.0,10.0,6.18871948215557e-05,1.3817762283382839e-05,0.10213859497748944,3.045576821109412e-05,6.105423864270086e-06,1.2943812924149946e-06,0.0019664018359092108,0.0,0.0,5.9161306283395224e-05,1.5827366177099e-05,0.10400028782010491,2.748852819164552e-05,4.538287309277397e-06,9.070960294779208e-07,0.0017175501765148346,0.0,0.0
0.001,0.001,0.001,0.001,103.0,10.0,6.23964314123819e-05,1.4101422819404495e-05,0.10356364613146589,3.0866993523047224e-05,5.7067931723995644e-06,1.3648576395333775e-06,0.0019024108406708237,0.0,0.0,5.514233225295328e-05,1.4500523240498938e-05,0.10528946167766842,2.5895645302968808e-05,3.8933551445434426e-06,3.2386267348808193e-07,0.001624304908778918,0.0,0.0
0.001,0.001,0.001,0.001,104.0,10.0,6.01182179289337e-05,1.3685480020514088e-05,0.10389230027905527,2.9410692241560838e-05,5.354710423020123e-06,1.278105642342659e-06,0.0018637489465779923,0.0,0.0,5.8744879286451455e-05,1.683854187513606e-05,0.10464883211574752,2.67297352025978e-05,4.0770579369384695e-06,6.346613190544304e-07,0.0015806595760213926,0.0,0.0
0.001,0.001,0.001,0.001,105.0,10.0,5.785920205404925e-05,1.2906601489908031e-05,0.10482567371810353,2.8248653253036603e-05,5.059394675354362e-06,1.1619856789815424e-06,0.001815900657472797,0.0,0.0,5.305932124545532e-05,1.434294123182522e-05,0.10369254973520457,2.414947593650669e-05,3.5807788871569534e-06,6.168704467404417e-07,0.0015210388006745583,0.0,0.0
0.001,0.001,0.001,0.001,106.0,10.0,6.177301395788805e-05,1.4586475729085715e-05,0.10449119150785093,2.978424924780967e-05,5.4208373208108245e-06,1.5323325445747417e-06,0.0018418445703820437,0.0,0.0,6.238243278990312e-05,1.6924028540916127e-05,0.10178735475845403,2.957150722835914e-05,4.0231991415787175e-06,1.6849623411132462e-06,0.0016141105370731398,0.0,0.0
0.001,0.001,0.001,0.001,107.0,10.0,6.0317025255341775e-05,1.3709661590862896e-05,0.10441006245874179,2.9641194116820406e-05,5.09223539292244e-06,1.4329283646039733e-06,0.0018330999358722518,0.0,0.0,5.303901621291799e-05,1.2991670931533197e-05,0.10536694297225417,2.4966136187619973e-05,3.6011573213650284e-06,9.433577154133081e-07,0.0015702752982971989,0.0,0.0
0.001,0.001,0.001,0.001,108.0,10.0,6.345575761828406e-05,1.4565448560628581e-05,0.1049207068124617,3.128746429269228e-05,5.499499236754135e-06,1.611275489983408e-06,0.0018297947654614059,0.0,0.0,5.994275395621894e-05,1.7994739116987944e-05,0.10287140913075642,2.7117481561060727e-05,3.757425943570345e-06,7.859665495690184e-07,0.0015753458107412377,0.0,0.0
0.001,0.001,0.001,0.001,109.0,10.0,6.165483291379763e-05,1.4578538135731797e-05,0.10485520903435175,2.9731786005254464e-05,5.388112857804303e-06,1.470875374329469e-06,0.0018383118742009022,0.0,0.0,5.734906646976518e-05,1.6458023384361586e-05,0.10408318934762355,2.611914974877562e-05,3.725734297882765e-06,6.378405860263776e-07,0.0015875745623511067,0.0,0.0
0.001,0.001,0.001,0.001,110.0,10.0,6.170704491598968e-05,1.4551891860045188e-05,0.10477169340373806,3.0132062640402897e-05,5.1711412509153265e-06,1.3747801066462512e-06,0.00182402196782843,0.0,0.0,5.907942063600521e-05,1.733761371781187e-05,0.10292587934583941,2.631191848280128e-05,3.873972662598742e-06,1.2633279386300212e-06,0.0015772074073469298,0.0,0.0
0.001,0.001,0.001,0.001,111.0,10.0,6.0886398347898964e-05,1.4279131011194952e-05,0.10506878400595344,2.961623518574258e-05,5.067578445519074e-06,1.4165754175544548e-06,0.001811205422271931,0.0,0.0,5.2658367931899604e-05,1.387267059389849e-05,0.10325144004450537,2.43449373074862e-05,3.6226517759872103e-06,4.929643824742576e-07,0.0015465881176789172,0.0,0.0
0.001,0.001,0.001,0.001,112.0,10.0,5.960709195227615e-05,1.3736314728602396e-05,0.10483935811119628,2.910545870248928e-05,4.902813977410947e-06,1.3785689875903333e-06,0.001800819536612327,0.0,0.0,5.063078875083856e-05,1.2971055137401787e-05,0.10472788135795032,2.2620063019911582e-05,3.3277449367876774e-06,1.2391374007496162e-06,0.001529183499370041,0.0,0.0
0.001,0.001,0.001,0.001,113.0,10.0,5.984531628388673e-05,1.313518111449547e-05,0.10538210208339799,2.9397590187112316e-05,4.9769409975078125e-06,1.79739390140369e-06,0.0017836790151807755,0.0,0.0,5.701314571571768e-05,1.506142040717542e-05,0.1036447870793227,2.6945363775182276e-05,3.5743601612447708e-06,1.0675229356118848e-06,0.0015237323652185937,0.0,0.0
0.001,0.001,0.001,0.001,114.0,10.0,6.421939875398334e-05,1.570970228108269e-05,0.10563083645693438,3.085433237411877e-05,5.2911695679877265e-06,1.8011110639699893e-06,0.0018109814358343295,0.0,0.0,5.998030751486386e-05,1.8170665838354054e-05,0.10647676243192185,2.6755266304984975e-05,3.85493042687048e-06,5.517687439989843e-07,0.0016042102626959913,0.0,0.0
0.001,0.001,0.001,0.001,115.0,10.0,5.90095183478216e-05,1.3894677031739717e-05,0.10441378566164602,2.9208683048943384e-05,4.595788200052801e-06,8.689918122856286e-07,0.0017708951863893566,0.0,0.0,5.949371979928577e-05,1.9735977310176424e-05,0.10358842475191532,2.565996744602627e-05,3.4506482021088643e-06,2.882845920152356e-07,0.0015713263888743458,0.0,0.0
0.001,0.001,0.001,0.001,116.0,10.0,5.9809013559136306e-05,1.4069916957747002e-05,0.10558985473045682,2.9035865344079046e-05,4.930265476145538e-06,1.2139802401428265e-06,0.0017764555346038095,0.0,0.0,6.232753860386359e-05,1.981195102485912e-05,0.10368404333772956,2.820069711494703e-05,3.5467159644568715e-06,3.9977051776130634e-07,0.0015352859571060508,0.0,0.0
0.001,0.001,0.001,0.001,117.0,10.0,6.143783047414525e-05,1.4749068120799799e-05,0.10522655057274688,2.9258346524784832e-05,5.124082001940689e-06,1.7836790981709325e-06,0.001821098081246918,0.0,0.0,5.369357163183009e-05,1.4021228998962401e-05,0.10446396998571277,2.4504312903439387e-05,3.6833344589549566e-06,1.0382988960760126e-06,0.0015587517886928518,0.0,0.0
0.001,0.001,0.001,0.001,118.0,10.0,5.949988636979485e-05,1.389781112910874e-05,0.1046023349257575,2.9257007816486998e-05,4.8022531849042426e-06,1.0825808646986445e-06,0.0017795461912453456,0.0,0.0,5.821409022907249e-05,1.8590971057602444e-05,0.1029552260742468,2.539027803552558e-05,3.432499870053714e-06,5.048186462347868e-07,0.0015271161900427205,0.0,0.0
0.001,0.001,0.001,0.001,119.0,10.0,5.99280149277966e-05,1.3769149926642412e-05,0.105595650515388,2.9135512805124405e-05,4.9004632856918155e-06,1.563324104973705e-06,0.0017655772306921608,0.0,0.0,5.403690304311885e-05,1.3680451028666315e-05,0.10501684243291307,2.4120166553166515e-05,3.5884565212179502e-06,2.14614491971374e-06,0.0014939777263855904,0.0,0.0
0.001,0.001,0.001,0.001,120.0,10.0,6.289008175619389e-05,1.534729043973768e-05,0.1051144142668147,3.0173281213079153e-05,5.218479580225334e-06,1.639589450234398e-06,0.0018116771037354274,0.0,0.0,5.296508858752176e-05,1.4544673337465979e-05,0.1040454787624336,2.415552312744077e-05,3.4637180995561475e-06,3.9662618343052937e-07,0.0015243817931266702,0.0,0.0
0.001,0.001,0.001,0.001,121.0,10.0,6.0820899182591074e-05,1.4515990513601703e-05,0.10487890010399008,2.9652633374492346e-05,4.863770569408757e-06,1.3006149288786345e-06,0.0017880402426506692,0.0,0.0,6.0874972990494476e-05,1.7893595680871687e-05,0.10421141059134659,2.68731918191614e-05,4.272912528463685e-06,1.414131945512998e-06,0.001517009425901882,0.0,0.0
0.001,0.001,0.001,0.001,122.0,10.0,6.084217243175292e-05,1.4114912308032165e-05,0.10541926569292204,2.973840804430975e-05,4.975489775648917e-06,1.471435937940929e-06,0.0017566888688656883,0.0,0.0,5.609960794808572e-05,1.6059868788987336e-05,0.1040088841401582,2.48348826336076e-05,3.645242394279798e-06,1.1587258239783406e-06,0.001453307336019062,0.0,0.0
0.001,0.001,0.001,0.001,123.0,10.0,6.0184450347880093e-05,1.4366091797320202e-05,0.10542203254243233,2.8852827387553186e-05,4.7741162796978146e-06,1.649211737129735e-06,0.0017717037589329574,0.0,0.0,5.397121919099295e-05,1.4464920793458473e-05,0.10381075234561643,2.4267672782220132e-05,3.295236371118225e-06,1.5623140121332242e-06,0.0014702251807796193,0.0,0.0
0.001,0.001,0.001,0.001,124.0,10.0,6.0569626130002916e-05,1.4838879044428483e-05,0.10532610793350833,2.8937610478444256e-05,4.77207712942698e-06,1.4884488625931744e-06,0.0017790513862354991,0.0,0.0,5.6353706927077e-05,1.7364462388494188e-05,0.1034420696457777,2.501639265325724e-05,3.402037102274448e-06,2.2660786079278362e-07,0.001537616667176587,0.0,0.0
0.001,0.001,0.001,0.001,125.0,10.0,5.985946686168764e-05,1.3937627901612944e-05,0.10529184347870754,2.944255001863343e-05,4.67125439923096e-06,1.2788506110657044e-06,0.0017522409055566663,0.0,0.0,6.49494210554804e-05,2.264542318764747e-05,0.10258548706769943,2.781511762603756e-05,3.4037911804274553e-06,8.265403245462583e-07,0.0015044596906635382,0.0,0.0
0.001,0.001,0.001,0.001,126.0,10.0,5.9161869718838775e-05,1.44995127121791e-05,0.10585624073432796,2.8130687714552274e-05,4.609062865189265e-06,1.336982449371736e-06,0.0017516437315899963,0.0,0.0,5.424557888589737e-05,1.4914662118713234e-05,0.1075872496079821,2.4271619992372866e-05,3.3541891447122065e-06,9.463828657150415e-07,0.0014959385297921804,0.0,0.0
0.001,0.001,0.001,0.001,127.0,10.0,5.730868664696992e-05,1.3665239568585337e-05,0.10523746508948695,2.7203766659162773e-05,4.506294229806251e-06,1.4096399373742481e-06,0.001761376198553961,0.0,0.0,5.8770386867858e-05,1.936867800861465e-05,0.10391392048358092,2.5129298545013522e-05,3.450304382821329e-06,4.3071396263654594e-07,0.001519344101746963,0.0,0.0
0.001,0.001,0.001,0.001,128.0,10.0,6.24128472447402e-05,1.5692216185842067e-05,0.10493586118190178,2.9619377743591424e-05,5.072071958957374e-06,1.5355956462042633e-06,0.0018123996038698165,0.0,0.0,5.3508333020636515e-05,1.571421113414708e-05,0.10142656263595634,2.3486996535564272e-05,3.714159618674593e-06,4.503098049771101e-07,0.0015613512501803752,0.0,0.0
0.001,0.001,0.001,0.001,129.0,10.0,5.9608473543442024e-05,1.4547165012493392e-05,0.10449397269944209,2.8949999499364726e-05,4.744974975641361e-06,9.169370316860241e-07,0.0017853244181762352,0.0,0.0,5.662056045835535e-05,1.7027605706178317e-05,0.10028932583888922,2.480239161986807e-05,3.5382628834904166e-06,1.2233678605446247e-06,0.0014582963319572661,0.0,0.0
0.001,0.001,0.001,0.001,130.0,10.0,5.868715099418659e-05,1.3794306467450081e-05,0.10544679324665113,2.855434059372803e-05,4.575725475865124e-06,1.2180994121052962e-06,0.0017350748651670915,0.0,0.0,5.4127326296655716e-05,1.543152019712894e-05,0.1032210327813782,2.3832835439481018e-05,3.2155095603624665e-06,1.3253583096273762e-06,0.0014099344650644384,0.0,0.0
0.001,0.001,0.001,0.001,131.0,10.0,5.7807385541160755e-05,1.4096422645368453e-05,0.10504398370806013,2.741367733332285e-05,4.432890078246738e-06,1.3599974145688252e-06,0.001732494525901406,0.0,0.0,4.9928479138763774e-05,1.1459505080688438e-05,0.10490516395304855,2.3585753061055973e-05,3.4693373933937737e-06,9.23367759259264e-07,0.0014708842723678707,0.0,0.0
0.001,0.001,0.001,0.001,132.0,10.0,6.009375397670649e-05,1.4639043102482837e-05,0.1048469014918829,2.858505205744585e-05,4.799261215665336e-06,1.5857077136447996e-06,0.0017795583174320504,0.0,0.0,5.337774482572606e-05,1.4325817166448463e-05,0.1017661310190973,2.4470618337108164e-05,3.4087915592850696e-06,9.959049218548483e-07,0.0014942506115535551,0.0,0.0
0.001,0.001,0.001,0.001,133.0,10.0,5.935760334082204e-05,1.4255225068864697e-05,0.1046447535265188,2.8643120259294957e-05,4.644670209830067e-06,1.3501127308055497e-06,0.0017518303408509976,0.0,0.0,5.873292773301596e-05,1.7635971563357147e-05,0.10166618771928404,2.64802484411794e-05,3.3097739468565966e-06,1.1403152771657865e-06,0.0014351776544855436,0.0,0.0
0.001,0.001,0.001,0.001,134.0,10.0,5.970494768650132e-05,1.5026921717034587e-05,0.10486228834857901,2.8191297099775606e-05,4.686122969162086e-06,1.3143774043150006e-06,0.0017671320582465927,0.0,0.0,5.201102818589405e-05,1.4362969680414954e-05,0.10298977681406642,2.354661541125676e-05,3.3309231056391834e-06,4.7154252594570254e-07,0.0014963479777862507,0.0,0.0
0.001,0.001,0.001,0.001,135.0,10.0,5.9514033008229064e-05,1.4373185300976492e-05,0.10472560844674869,2.8738292037878402e-05,4.557992620553338e-06,1.372002449300104e-06,0.001752737860349121,0.0,0.0,5.018916433850492e-05,1.2449683968468096e-05,0.10375832454349755,2.3455729583679307e-05,3.06772026199922e-06,8.401985274809125e-07,0.0014762259471136755,0.0,0.0
0.001,0.001,0.001,0.001,136.0,10.0,5.8361483591169644e-05,1.4325044771052836e-05,0.1045690483922127,2.7148155536073704e-05,4.721286947984312e-06,1.7100917129401146e-06,0.0017855989971573955,0.0,0.0,5.617980130592234e-05,1.6647426405001435e-05,0.10119003366846527,2.493739923048927e-05,3.1980338241271867e-06,1.277939137020389e-06,0.0015063656576196937,0.0,0.0
0.001,0.001,0.001,0.001,137.0,10.0,5.9930812937085836e-05,1.5038674103554241e-05,0.10448337930491941,2.824565782701583e-05,4.71423001170045e-06,1.4839133980699418e-06,0.0017840637061197018,0.0,0.0,5.75254000011879e-05,1.7848329419906818e-05,0.10218830517522191,2.5792041822154036e-05,3.3890433600599956e-06,2.771551439992313e-07,0.0015502472188175498,0.0,0.0
0.001,0.001,0.001,0.001,138.0,10.0,5.7739830254419743e-05,1.4271055659107495e-05,0.10437916768453409,2.7363691344336605e-05,4.497769771649995e-06,1.1693967965650318e-06,0.001778086964012316,0.0,0.0,5.5819239262598214e-05,1.7284721280831827e-05,0.10221243721906702,2.3601412528405868e-05,3.4976423444749374e-06,1.2142197002192406e-06,0.0015195098977091248,0.0,0.0
0.001,0.001,0.001,0.001,139.0,10.0,5.7199810269091717e-05,1.3802987081886432e-05,0.10387118610202685,2.7579161587615096e-05,4.399866933707611e-06,1.030676281794404e-06,0.001757204125488839,0.0,0.0,5.264955402818584e-05,1.404480101514451e-05,0.10372245517981506,2.4435215688587605e-05,3.3608008605221922e-06,4.364911644430718e-07,0.0014517623230260652,0.0,0.0
0.001,0.001,0.001,0.001,140.0,10.0,5.825736301864748e-05,1.4424701667298087e-05,0.10413557563929705,2.7157975207757346e-05,4.533114487633266e-06,1.7280143662517628e-06,0.0017748342918079685,0.0,0.0,5.415673037365749e-05,1.5823504804049165e-05,0.10143712815219556,2.4671957258590874e-05,3.2757157254416277e-06,2.4184008867933827e-07,0.001540298239734011,0.0,0.0
0.001,0.001,0.001,0.001,141.0,10.0,5.837569430504227e-05,1.4112829677632806e-05,0.10329737711827323,2.7745049932705265e-05,4.648489902336234e-06,1.5395873161902302e-06,0.0017772122740814776,0.0,0.0,6.052570320821124e-05,1.9295457354849983e-05,0.09874874510670203,2.678839360310609e-05,3.496889884143293e-06,1.0700879002800739e-06,0.001490649424822015,0.0,0.0
0.001,0.001,0.001,0.001,142.0,10.0,5.899639325061322e-05,1.4800088764676989e-05,0.1028536873103856,2.7831091200303662e-05,4.590212988608507e-06,1.4896317576337183e-06,0.0017811947972800396,0.0,0.0,5.72870413354432e-05,1.8057238788824936e-05,0.09951045214614242,2.5504883363764212e-05,3.2484284205507708e-06,5.254456631059665e-07,0.0015584824781600631,0.0,0.0
0.001,0.001,0.001,0.001,143.0,10.0,5.7575664177100196e-05,1.4328527385238947e-05,0.10261712811412509,2.7173119298005318e-05,4.5255687415566865e-06,1.2867361346441627e-06,0.0017832561410477108,0.0,0.0,5.2411299970067046e-05,1.4745138166092154e-05,0.09934009975112433,2.366519427778887e-05,3.300052635518979e-06,7.669052602807959e-07,0.0015238994985470825,0.0,0.0
0.001,0.001,0.001,0.001,144.0,10.0,5.7452207403575215e-05,1.4319788650600183e-05,0.10174831804762023,2.7253311806503134e-05,4.488777198006677e-06,1.2154983441639684e-06,0.0017970724156156216,0.0,0.0,5.340294912684053e-05,1.509344919776938e-05,0.0999801917884589,2.4245465053722768e-05,3.373409794918585e-06,6.926061883186335e-07,0.0015254981399297869,0.0,0.0
0.001,0.001,0.001,0.001,145.0,10.0,5.817188954018211e-05,1.4562856989955656e-05,0.10106902989848907,2.7816338388969466e-05,4.53001522580175e-06,1.1557762207703804e-06,0.0018073135322739557,0.0,0.0,5.056078230012909e-05,1.4069593142071851e-05,0.0983343672226457,2.228451194398995e-05,3.314575720906102e-06,1.0586648867876433e-06,0.0015015545821584324,0.0,0.0
0.001,0.001,0.001,0.001,146.0,10.0,5.8169090706228e-05,1.4415418753685444e-05,0.10105581589602422,2.804520585736605e-05,4.374533629852534e-06,1.2283513155876707e-06,0.0017787656091450066,0.0,0.0,5.3730416325898596e-05,1.5141011652769622e-05,0.09828985642293746,2.4522357617416173e-05,3.5114016582801327e-06,7.266600074173364e-07,0.0014583203687000645,0.0,0.0
0.001,0.001,0.001,0.001,147.0,10.0,5.718983185718379e-05,1.4211770865397378e-05,0.10020014794769745,2.718979091522768e-05,4.591348866446043e-06,1.1769065798598455e-06,0.0017922712207051428,0.0,0.0,5.175569440891957e-05,1.4744949749630942e-05,0.09616938107050826,2.3082263890730787e-05,3.4930867346862644e-06,8.184557500231569e-07,0.0014751983869331002,0.0,0.0
0.001,0.001,0.001,0.001,148.0,10.0,5.7313986097508185e-05,1.430766478950539e-05,0.09940546708678746,2.7104295995770503e-05,4.547430960000246e-06,1.414047850731713e-06,0.0017965297727101704,0.0,0.0,5.7346646785860956e-05,1.857172492394066e-05,0.09529033509505248,2.4986408460252554e-05,3.2747461744876883e-06,9.847340341013893e-07,0.0014945810272400252,0.0,0.0
0.001,0.001,0.001,0.001,149.0,10.0,5.795211252618785e-05,1.4264658420433254e-05,0.09892233414149053,2.8007122057159825e-05,4.449323086315199e-06,1.3387758590678962e-06,0.001772060384260694,0.0,0.0,5.586767511102524e-05,1.638598594701296e-05,0.09677615246145783,2.4105497848905263e-05,3.4800972170786355e-06,2.2184793149500967e-06,0.0014386125199760996,0.0,0.0
0.001,0.001,0.001,0.001,150.0,10.0,5.5309464209437954e-05,1.357891772478263e-05,0.09878177139336014,2.651043664710318e-05,4.073559615100574e-06,1.2683734185402011e-06,0.001726652709519933,0.0,0.0,6.217185092316925e-05,2.042681286454879e-05,0.09654821244078111,2.7866120842684953e-05,3.363249869139776e-06,8.608462300459266e-07,0.0014975865332854455,0.0,0.0
0.0002,0.0002,0.0002,0.0002,151.0,10.0,3.9103871739333444e-05,7.887242521479381e-06,0.09828618051862734,1.8191543603301705e-05,2.958799615315413e-06,2.3766812372416455e-07,0.0016684292520714819,0.0,0.0,3.0152757692159433e-05,6.17632343866377e-06,0.09797751671508935,1.2153372376642154e-05,1.9207804139531144e-06,1.045299517593329e-07,0.0015552049650968565,0.0,0.0
0.0002,0.0002,0.0002,0.0002,152.0,10.0,3.5019654005727474e-05,6.665934175178986e-06,0.09839871401068219,1.578854973720029e-05,2.5229480566133296e-06,2.0235084795897437e-07,0.001650084114284654,0.0,0.0,2.8982810127203654e-05,5.47302232079878e-06,0.09828535423559301,1.1734399726450785e-05,1.8493710926457891e-06,9.74818553168337e-08,0.0015101329960045002,0.0,0.0
0.0002,0.0002,0.0002,0.0002,153.0,10.0,3.393578400447304e-05,6.161190364263632e-06,0.09843424202405937,1.5318663301689238e-05,2.4038956567718375e-06,2.0861092860568421e-07,0.0016341582578622376,0.0,0.0,2.9433764601950084e-05,5.522722157583079e-06,0.0983117224332783,1.2070248707519334e-05,1.8675971958653032e-06,1.4202471545149977e-07,0.0014809350141527125,0.0,0.0
0.0002,0.0002,0.0002,0.0002,154.0,10.0,3.3094918766926605e-05,5.787750603504507e-06,0.09848509094116899,1.4893672933770386e-05,2.3430150880953932e-06,2.2197127144240285e-07,0.0016224822111230355,0.0,0.0,2.9234818332080544e-05,5.737474130693268e-06,0.09765997333097623,1.180622025914754e-05,1.8167319722966208e-06,1.083948972901944e-07,0.001451035622333315,0.0,0.0
0.0002,0.0002,0.0002,0.0002,155.0,10.0,3.243750267538614e-05,5.5057222237143405e-06,0.09835312798680049,1.4612091906911445e-05,2.268754298539533e-06,2.1562162210729737e-07,0.001608535394920612,0.0,0.0,2.965158096403967e-05,5.970060765415662e-06,0.09767162129540757,1.2015038775760356e-05,1.764272286378781e-06,1.3504706317468773e-07,0.0014307174302321765,0.0,0.0
0.0002,0.0002,0.0002,0.0002,156.0,10.0,3.1884304234910066e-05,5.254576164799288e-06,0.09847018539105366,1.4375070102852353e-05,2.2004983346671825e-06,2.0714134648678827e-07,0.0015944969360334638,0.0,0.0,2.9908712547688156e-05,6.097201930561071e-06,0.09774025622433032,1.2075188879361874e-05,1.8368021334820549e-06,1.2549413406641398e-07,0.0014254554319050434,0.0,0.0
0.0002,0.0002,0.0002,0.0002,157.0,10.0,3.143319059249745e-05,5.100308623441106e-06,0.09839891416224536,1.4139006829117702e-05,2.1431052657935396e-06,2.1087868897808387e-07,0.001582910698465183,0.0,0.0,2.9387731493761276e-05,5.888712675813241e-06,0.09739216236610314,1.1870506999956381e-05,1.7461548655387796e-06,1.431410554131472e-07,0.0014050812545074569,0.0,0.0
0.0002,0.0002,0.0002,0.0002,158.0,10.0,3.0861461011033826e-05,4.896402805197294e-06,0.09834330373224977,1.3829776983543596e-05,2.0938911206676275e-06,2.070599202830353e-07,0.0015719956462919922,0.0,0.0,2.9519846233043613e-05,6.035382484445275e-06,0.09639006788652249,1.1848973625196037e-05,1.7394102126410816e-06,2.570734293889139e-07,0.0013958920437075635,0.0,0.0
0.0002,0.0002,0.0002,0.0002,159.0,10.0,3.0409034175112477e-05,4.76558265525813e-06,0.09833983535727446,1.3561059089545456e-05,2.0415088400076578e-06,2.069003253177341e-07,0.0015637287018498488,0.0,0.0,2.873787374715953e-05,5.726522547800124e-06,0.09706668955335156,1.1416484240587807e-05,1.7143077651970522e-06,1.738904442568584e-07,0.0013939982427567707,0.0,0.0
0.0002,0.0002,0.0002,0.0002,160.0,10.0,3.0246649884905427e-05,4.676363651741918e-06,0.09825447618644159,1.3522966820506634e-05,2.012480264365984e-06,2.0939186298483322e-07,0.0015561433954716876,0.0,0.0,2.806999542044776e-05,5.502657041251069e-06,0.09768872476057198,1.099985922674243e-05,1.694567196266683e-06,1.0403962571428414e-07,0.001390389584095111,0.0,0.0
0.0002,0.0002,0.0002,0.0002,161.0,10.0,2.9837960444352737e-05,4.592729343876438e-06,0.09830177822387642,1.323757567459832e-05,1.972822524270547e-06,2.0465540814134915e-07,0.0015471073638864442,0.0,0.0,2.710075767335275e-05,5.062005998313272e-06,0.0974273607134819,1.0615097838151706e-05,1.5821059356012861e-06,9.881198539288943e-08,0.0013884046867451143,0.0,0.0
0.0002,0.0002,0.0002,0.0002,162.0,10.0,2.9593258444872643e-05,4.49913676687659e-06,0.09834067059833218,1.3105044440816228e-05,1.946403973525946e-06,2.0860640258530327e-07,0.0015402560281476939,0.0,0.0,2.688328240954081e-05,4.957402666543681e-06,0.09760705270775462,1.0493783347666165e-05,1.5885103645085199e-06,8.28810812645213e-08,0.0013787613856963892,0.0,0.0
0.0002,0.0002,0.0002,0.0002,163.0,10.0,2.9476937971297905e-05,4.436767320018367e-06,0.09842698608391842,1.306432510052001e-05,1.9292593709933385e-06,2.038880037641601e-07,0.0015361898316747704,0.0,0.0,2.677345029045191e-05,5.071052356599347e-06,0.0969711387703988,1.0357655960638034e-05,1.5468651685816258e-06,1.0076310228339519e-07,0.0013741426815191819,0.0,0.0
0.0002,0.0002,0.0002,0.0002,164.0,10.0,2.9372877890184456e-05,4.442077957776296e-06,0.09851462004273016,1.2972548653227284e-05,1.9106293184986193e-06,1.961601860596807e-07,0.0015313873870849146,0.0,0.0,2.6939314039865958e-05,5.287234882265611e-06,0.09718751616028354,1.0289613087353784e-05,1.5546803369172494e-06,8.903426955021447e-08,0.0013702563698980378,0.0,0.0
0.0002,0.0002,0.0002,0.0002,165.0,10.0,2.9172790448841263e-05,4.328821692303806e-06,0.09861425921195736,1.2866916624524957e-05,1.9096090769450916e-06,2.0601741290239039e-07,0.0015318990432951407,0.0,0.0,2.730833103546549e-05,5.524845136542952e-06,0.09699823575861313,1.03679302492782e-05,1.60583929238671e-06,1.0989311701917336e-07,0.0013659963481753394,0.0,0.0
0.0002,0.0002,0.0002,0.0002,166.0,10.0,2.902198732754963e-05,4.343578977779031e-06,0.09852997701740777,1.2741355121360756e-05,1.8886824570736205e-06,1.9537332169940978e-07,0.0015282976668727433,0.0,0.0,2.589096251773349e-05,4.749431057471503e-06,0.09755647205667099,9.785706390118972e-06,1.5273752851274785e-06,7.280297373185412e-08,0.0013716481283635778,0.0,0.0
0.0002,0.0002,0.0002,0.0002,167.0,10.0,2.8626993748990987e-05,4.234832857544812e-06,0.09856755590970795,1.2485775495280656e-05,1.8553016748322492e-06,1.9432842341587212e-07,0.0015244642083162376,0.0,0.0,2.602258894962515e-05,4.9999337063763014e-06,0.09744886128444573,9.689713498814586e-06,1.503669166715088e-06,8.438672263696153e-08,0.0013675229151807339,0.0,0.0
0.0002,0.0002,0.0002,0.0002,168.0,10.0,2.8689619907675105e-05,4.272572755401653e-06,0.09869953906019929,1.2511050308478398e-05,1.8426005379213238e-06,1.9344261103880177e-07,0.0015220616903053503,0.0,0.0,2.580309572792169e-05,4.78531778140004e-06,0.09757605140906304,9.672828737150394e-06,1.5070333240368937e-06,8.031112396411133e-08,0.0013708507913651401,0.0,0.0
0.0002,0.0002,0.0002,0.0002,169.0,10.0,2.8500160766828972e-05,4.228491552905281e-06,0.09861873136515079,1.2386364387736821e-05,1.8375181353910501e-06,1.8591380857877118e-07,0.00151836471245466,0.0,0.0,2.542579460769866e-05,4.546627906559048e-06,0.09788742625383358,9.528880160268867e-06,1.4879368833390142e-06,7.360734218528236e-08,0.0013713135696612427,0.0,0.0
0.0002,0.0002,0.0002,0.0002,170.0,10.0,2.852324417424773e-05,4.199683971805711e-06,0.09872342399587276,1.2424368427068288e-05,1.8387406511743457e-06,1.881090539517423e-07,0.0015171858837299199,0.0,0.0,2.569180441742149e-05,4.836953821471237e-06,0.09787206586360106,9.521932908280264e-06,1.4694590466542084e-06,7.625239919376708e-08,0.0013650018954649568,0.0,0.0
0.0002,0.0002,0.0002,0.0002,171.0,10.0,2.8277744389727302e-05,4.125835987894255e-06,0.09871189557753487,1.2277674919139222e-05,1.8194831232105656e-06,1.8356105339486208e-07,0.0015173868622409155,0.0,0.0,2.5164867583072138e-05,4.455997870039289e-06,0.09800290996949979,9.374859755663336e-06,1.4693866698368661e-06,6.433264545916352e-08,0.0013592939869787506,0.0,0.0
0.0002,0.0002,0.0002,0.0002,172.0,10.0,2.84947063319668e-05,4.185073031916463e-06,0.09875108743550495,1.2407466082579203e-05,1.8487639256999864e-06,1.782948809787079e-07,0.0015164662386686417,0.0,0.0,2.5130763287804247e-05,4.339433343875656e-06,0.09790746287594204,9.45934232552434e-06,1.4819149148034964e-06,5.93266823871822e-08,0.0013723033025158267,0.0,0.0
0.0002,0.0002,0.0002,0.0002,173.0,10.0,2.8252683441453496e-05,4.136812294018376e-06,0.09875334875081515,1.2221549161049006e-05,1.8397033369168426e-06,1.7928398451932276e-07,0.0015199045964841798,0.0,0.0,2.504345785133995e-05,4.4956534235714755e-06,0.09785564736202101,9.201004628379967e-06,1.4869352178203187e-06,7.430021927969748e-08,0.0013756845420336023,0.0,0.0
0.0002,0.0002,0.0002,0.0002,174.0,10.0,2.8086595221261787e-05,4.060262560591113e-06,0.0988663298484588,1.2159403313393199e-05,1.806934844210453e-06,1.7336167979704417e-07,0.0015167005698029977,0.0,0.0,2.4850757902965052e-05,4.4387053498791535e-06,0.0980883862784577,9.077630668965313e-06,1.4689014614943114e-06,5.66820773969742e-08,0.0013709771612040362,0.0,0.0
0.0002,0.0002,0.0002,0.0002,175.0,10.0,2.7647353584816338e-05,3.952350337110254e-06,0.09897340772114659,1.182660243641652e-05,1.7981994249113897e-06,1.7286096560346135e-07,0.0015163347638248092,0.0,0.0,2.5335901249692555e-05,4.630592641921973e-06,0.09801563509710932,9.345158467830449e-06,1.4952156579969892e-06,6.337111111144173e-08,0.0013726663696789101,0.0,0.0
0.0002,0.0002,0.0002,0.0002,176.0,10.0,2.7633776972192596e-05,4.025487761881339e-06,0.09883583445000445,1.1768147395892209e-05,1.7813422621338007e-06,1.7521640091134717e-07,0.0015171751289805473,0.0,0.0,2.508428136443588e-05,4.663041395628277e-06,0.09809871693383451,9.080508911286457e-06,1.4710062489374552e-06,5.985335783169213e-08,0.0013715744551889935,0.0,0.0
0.0002,0.0002,0.0002,0.0002,177.0,10.0,2.774151872441451e-05,4.020190496724636e-06,0.09881729650869674,1.1872179428081944e-05,1.7956117377306014e-06,1.7180770655139353e-07,0.0015187637777755276,0.0,0.0,2.5747753872225346e-05,4.846366055864885e-06,0.09805641429028296,9.508387999590028e-06,1.5161872590340605e-06,7.117159064786877e-08,0.0013691092294296024,0.0,0.0
0.0002,0.0002,0.0002,0.0002,178.0,10.0,2.7633151327492815e-05,3.963513120086745e-06,0.09892088468327057,1.1801248631389214e-05,1.8017302447741604e-06,1.745711543755849e-07,0.0015202031025135685,0.0,0.0,2.582231725959444e-05,4.828723112746126e-06,0.09815502097140547,9.540563910786502e-06,1.5737753413353523e-06,6.375298574024622e-08,0.0013733728982952898,0.0,0.0
0.0002,0.0002,0.0002,0.0002,179.0,10.0,2.7723091568242672e-05,4.049429308075712e-06,0.09878000163725434,1.1828942673469978e-05,1.792770844387966e-06,1.739488505137396e-07,0.001520419049806705,0.0,0.0,2.5929161811322593e-05,5.042352957823376e-06,0.09807355070299756,9.473914704776878e-06,1.5464847475413203e-06,5.9054578681985784e-08,0.0013724625623014765,0.0,0.0
0.0002,0.0002,0.0002,0.0002,180.0,10.0,2.7779439148408057e-05,4.0538327442151305e-06,0.09882917112052314,1.1894274944915518e-05,1.782784358185695e-06,1.6563018178482622e-07,0.0015176734047965034,0.0,0.0,2.6320178917290724e-05,5.224012355683702e-06,0.09796510634228432,9.670903046552254e-06,1.5659715967567096e-06,6.278150097909772e-08,0.0013642024464750578,0.0,0.0
0.0002,0.0002,0.0002,0.0002,181.0,10.0,2.7543982785172823e-05,3.986694505985868e-06,0.09887326368104857,1.1706048637661769e-05,1.7899234074705102e-06,1.7399016432469367e-07,0.0015194294870814243,0.0,0.0,2.6342463441443658e-05,5.162176104371686e-06,0.09761322446966667,9.73637111358594e-06,1.6148301143575232e-06,6.776375268679602e-08,0.0013638143318908283,0.0,0.0
0.0002,0.0002,0.0002,0.0002,182.0,10.0,2.7414883429770756e-05,3.978727451695662e-06,0.09878695509279893,1.1614902125940077e-05,1.788523469991009e-06,1.5403518043546258e-07,0.0015204152388833324,0.0,0.0,2.5832454056395855e-05,4.974990844863824e-06,0.09787620833485185,9.48932313467374e-06,1.525492469169741e-06,5.502694023008979e-08,0.001369072358401099,0.0,0.0
0.0002,0.0002,0.0002,0.0002,183.0,10.0,2.739429313440722e-05,3.937092487625625e-06,0.09871355767465288,1.163234435533808e-05,1.7924834575249188e-06,1.610174200080321e-07,0.0015244540772493499,0.0,0.0,2.5653345175140827e-05,4.882911580069577e-06,0.09800555121321167,9.352944181096393e-06,1.5502110226667657e-06,6.672342571420819e-08,0.0013742583073114904,0.0,0.0
0.0002,0.0002,0.0002,0.0002,184.0,10.0,2.7340847134835125e-05,3.9085599222368374e-06,0.0988920469189517,1.1614090007974706e-05,1.7704756882844842e-06,1.5851707011702917e-07,0.0015254521509563287,0.0,0.0,2.613760748270667e-05,5.036593108208045e-06,0.09799231300098261,9.65947821525056e-06,1.5725680428312e-06,6.973713653605153e-08,0.0013587019179873555,0.0,0.0
0.0002,0.0002,0.0002,0.0002,185.0,10.0,2.729182253940739e-05,3.9426913323911444e-06,0.09879935950508528,1.1516190665467284e-05,1.7943528596762697e-06,1.586520485024665e-07,0.0015297585078514987,0.0,0.0,2.5410229304520805e-05,4.6563926353162614e-06,0.0980710324067558,9.320109652938875e-06,1.5641202973276895e-06,6.250361900023245e-08,0.0013715225005213004,0.0,0.0
0.0002,0.0002,0.0002,0.0002,186.0,10.0,2.725655254035098e-05,3.942722235999615e-06,0.09867264084496422,1.1521037714458693e-05,1.7748100707320438e-06,1.5071869661250392e-07,0.0015273683637695358,0.0,0.0,2.580913694105236e-05,4.964408508951999e-06,0.09782954967970667,9.427429465607973e-06,1.568273487181233e-06,6.607065368016532e-08,0.0013669092428893058,0.0,0.0
0.0002,0.0002,0.0002,0.0002,187.0,10.0,2.69025900719884e-05,3.940447058145288e-06,0.09877331878785965,1.1191447346261771e-05,1.7373967437174585e-06,1.5596736435416116e-07,0.001527671299675341,0.0,0.0,2.4958188971776473e-05,4.5648936989501574e-06,0.09816017855203688,9.00270374688677e-06,1.518265047082558e-06,5.630885280233808e-08,0.001391349787740069,0.0,0.0
0.0002,0.0002,0.0002,0.0002,188.0,10.0,2.711773986152411e-05,3.9990677835901474e-06,0.09890552795975648,1.132790523410546e-05,1.7487047876747593e-06,1.5150951912400805e-07,0.0015292009508040467,0.0,0.0,2.5362188110706498e-05,4.644542481885648e-06,0.09779770195381039,9.346729758790924e-06,1.5325920381639511e-06,5.855384182132105e-08,0.0013832538110722875,0.0,0.0
0.0002,0.0002,0.0002,0.0002,189.0,10.0,2.696917876266762e-05,3.905318632585313e-06,0.09878241806213688,1.1303743701236072e-05,1.738402294121549e-06,1.4347255044113117e-07,0.0015293620630435821,0.0,0.0,2.492346083867214e-05,4.603450213105345e-06,0.09820583511698205,8.965941803461202e-06,1.4759391697528412e-06,5.7546261280212784e-08,0.0013850779517531188,0.0,0.0
0.0002,0.0002,0.0002,0.0002,190.0,10.0,2.6767355179294558e-05,3.873898438887262e-06,0.09877752638214789,1.1126126559935273e-05,1.7409251337785717e-06,1.4865271434095453e-07,0.0015329403006244151,0.0,0.0,2.417110506587466e-05,4.185266454369789e-06,0.09812577556058197,8.643622567855043e-06,1.4701139753329717e-06,5.952477398182841e-08,0.0013942276643247548,0.0,0.0
0.0002,0.0002,0.0002,0.0002,191.0,10.0,2.6861112471408285e-05,3.822348718055561e-06,0.09880359277601312,1.1258364346324188e-05,1.7512482089025706e-06,1.4879206972645528e-07,0.0015331502408227962,0.0,0.0,2.4966407165901694e-05,4.549648888408962e-06,0.09820675692653161,9.00229401126264e-06,1.538632261058662e-06,5.51565199173238e-08,0.0013953567249700427,0.0,0.0
0.0002,0.0002,0.0002,0.0002,192.0,10.0,2.7051145452434723e-05,3.909293268001577e-06,0.09871007802951974,1.1351676010699306e-05,1.7627706932587406e-06,1.5639791372220226e-07,0.0015403052760205455,0.0,0.0,2.4581171645370803e-05,4.4659246333583625e-06,0.09814520481857875,8.751729017912203e-06,1.4828133890611964e-06,6.618430165931276e-08,0.0013900149535471542,0.0,0.0
0.0002,0.0002,0.0002,0.0002,193.0,10.0,2.688456391677446e-05,3.881069602448944e-06,0.09870181914193231,1.1223494249344011e-05,1.7599065409006778e-06,1.499119380383115e-07,0.001540989555125266,0.0,0.0,2.5320362800211207e-05,4.680675748113257e-06,0.09776840204289215,9.252591591928234e-06,1.5325012362112968e-06,7.775432951705383e-08,0.0013986286988391648,0.0,0.0
0.0002,0.0002,0.0002,0.0002,194.0,10.0,2.671145926941487e-05,3.85707296388509e-06,0.09867090493797248,1.1078947031873969e-05,1.7614969893909917e-06,1.4685206328364988e-07,0.0015466538844322456,0.0,0.0,2.469973163438053e-05,4.4208456712619494e-06,0.0978430343540482,8.867494403102525e-06,1.5700793923705591e-06,5.700899960945891e-08,0.0014069363959036947,0.0,0.0
0.0002,0.0002,0.0002,0.0002,195.0,10.0,2.699583778253174e-05,3.864682497407341e-06,0.09867115116838099,1.1292749854179642e-05,1.8150425740481145e-06,1.562480334954093e-07,0.0015473872840167837,0.0,0.0,2.4890158670525602e-05,4.513490470640372e-06,0.09777034587101129,8.983746162220524e-06,1.5517439939345693e-06,6.414375372108014e-08,0.001406292290874728,0.0,0.0
0.0002,0.0002,0.0002,0.0002,196.0,10.0,2.6924725223294607e-05,3.893525148726776e-06,0.09868467688409144,1.1237731608234883e-05,1.7758789011428579e-06,1.4912214118347156e-07,0.0015464250517261463,0.0,0.0,2.438756142812217e-05,4.368963625855465e-06,0.09806405680711706,8.625465640642243e-06,1.5278373158610278e-06,5.88895905726904e-08,0.0014140632988040732,0.0,0.0
0.0002,0.0002,0.0002,0.0002,197.0,10.0,2.661664812477805e-05,3.822497143876361e-06,0.09867328615488191,1.0996488102476132e-05,1.7791409061063532e-06,1.5119360359297824e-07,0.0015519945745534666,0.0,0.0,2.4570760719313375e-05,4.425283170260731e-06,0.0981828494571072,8.701406733496596e-06,1.5641126329072649e-06,6.167333738514546e-08,0.0014164962940349866,0.0,0.0
0.0002,0.0002,0.0002,0.0002,198.0,10.0,2.662793018719485e-05,3.866195730469075e-06,0.09877182415240697,1.0969078616747584e-05,1.7651603630833632e-06,1.5031334848501516e-07,0.0015540465080412199,0.0,0.0,2.4262703361389892e-05,4.209051180198796e-06,0.09813653058968613,8.634483029633843e-06,1.5408271970010059e-06,6.468921796847576e-08,0.0014164596989389934,0.0,0.0
0.0002,0.0002,0.0002,0.0002,199.0,10.0,2.6593966851150436e-05,3.8024355639394436e-06,0.09861572301869828,1.0992920528007424e-05,1.7918577472588978e-06,1.4518094615431384e-07,0.0015517373569485808,0.0,0.0,2.4113856972224213e-05,4.169290084763057e-06,0.09798590648133038,8.53465807642137e-06,1.5560711166838805e-06,5.5247309970231243e-08,0.0014267833395877202,0.0,0.0
0.0002,0.0002,0.0002,0.0002,200.0,10.0,2.654024055985983e-05,3.851979141055789e-06,0.09866884148799343,1.0916970371192994e-05,1.7619257788363611e-06,1.424814099957302e-07,0.001554536767353653,0.0,0.0,2.5307731926615413e-05,4.541905494183253e-06,0.09804215864842326,9.272150556756603e-06,1.6164082843551299e-06,7.305197000950666e-08,0.0014170773204892977,0.0,0.0
0.0002,0.0002,0.0002,0.0002,201.0,10.0,2.615926195558185e-05,3.7063297269026106e-06,0.09854611693961073,1.0706030213346899e-05,1.7522974313149288e-06,1.399931490006507e-07,0.0015542877744483309,0.0,0.0,2.5247077013723026e-05,4.6672898129601644e-06,0.0980765672084782,9.128825036852101e-06,1.5848078215104487e-06,5.8497733900243646e-08,0.0014159438364646014,0.0,0.0
0.0002,0.0002,0.0002,0.0002,202.0,10.0,2.678019411229007e-05,3.894086956288e-06,0.09862642347328036,1.1108680233253937e-05,1.768493723246156e-06,1.462911037320819e-07,0.0015553676944565842,0.0,0.0,2.4858169224231858e-05,4.610221700128891e-06,0.09817133972801552,8.842897625959975e-06,1.533393597539534e-06,5.4522508276750314e-08,0.0014178157239430503,0.0,0.0
0.0002,0.0002,0.0002,0.0002,203.0,10.0,2.639646818141509e-05,3.8088712103580146e-06,0.09865112610720586,1.0855881636051311e-05,1.7270912921599263e-06,1.3951167217632946e-07,0.001557314695429111,0.0,0.0,2.394806149470657e-05,3.950398410014867e-06,0.09830145158879072,8.619123700649475e-06,1.4981909310015051e-06,5.020356308756764e-08,0.0014274562926556928,0.0,0.0
0.0002,0.0002,0.0002,0.0002,204.0,10.0,2.6119240652628926e-05,3.763885507826378e-06,0.09863272110868004,1.0620878244685708e-05,1.7368139691976295e-06,1.343911349393029e-07,0.0015589013177088344,0.0,0.0,2.4899654915558528e-05,4.582593970525393e-06,0.09807506592937819,8.847351659509494e-06,1.5758411021818553e-06,8.636187411493634e-08,0.001419299069846816,0.0,0.0
0.0002,0.0002,0.0002,0.0002,205.0,10.0,2.6107172998262484e-05,3.7623937328059526e-06,0.09858108250127066,1.0607217403384464e-05,1.7363942474648451e-06,1.4305961835040612e-07,0.001558557707904008,0.0,0.0,2.4713785335334753e-05,4.559796645172264e-06,0.09848356914664635,8.69077704996721e-06,1.543051151705368e-06,7.180388501237082e-08,0.0014100069845591552,0.0,0.0
0.0002,0.0002,0.0002,0.0002,206.0,10.0,2.6362331912597158e-05,3.852680989329534e-06,0.09874180451561575,1.074420987055068e-05,1.7434366836003586e-06,1.478240987390389e-07,0.0015607072571595154,0.0,0.0,2.496120561464431e-05,4.533504493196497e-06,0.09795622120266555,8.938956025665833e-06,1.6178286094229916e-06,7.529459871124231e-08,0.0014236463974213879,0.0,0.0
0.0002,0.0002,0.0002,0.0002,207.0,10.0,2.5949465958776143e-05,3.7395097692888447e-06,0.09853231076441238,1.0484514956107729e-05,1.7388869323065595e-06,1.3332345293030235e-07,0.001561006530968407,0.0,0.0,2.480611170496156e-05,4.607147457765715e-06,0.09808329196330998,8.832404961426508e-06,1.5043135251240863e-06,5.391689745958461e-08,0.0014333703682458214,0.0,0.0
0.0002,0.0002,0.0002,0.0002,208.0,10.0,2.571250035112726e-05,3.692290881659578e-06,0.09866382034287126,1.0299355112992459e-05,1.72225980062772e-06,1.3221291568806022e-07,0.0015559674960806801,0.0,0.0,2.43332964896817e-05,4.37654880301389e-06,0.09830384912890959,8.58507243262047e-06,1.4933076022827921e-06,4.7983004248877876e-08,0.001433479971055805,0.0,0.0
0.0002,0.0002,0.0002,0.0002,209.0,10.0,2.6533588458468235e-05,3.919809445964284e-06,0.09867027648821092,1.0868747844208477e-05,1.7461248500295373e-06,1.3187884184386633e-07,0.0015594214686999069,0.0,0.0,2.4191873188567214e-05,4.367640374791955e-06,0.09779743999758393,8.467262436859333e-06,1.5245737778322042e-06,5.265301084023122e-08,0.0014333259044408437,0.0,0.0
0.0002,0.0002,0.0002,0.0002,210.0,10.0,2.612809923096273e-05,3.831276291614078e-06,0.09846949551571182,1.0568788367971141e-05,1.748089103641382e-06,1.3299609312285845e-07,0.001561608855799716,0.0,0.0,2.5294175256648107e-05,4.747971165843693e-06,0.09774252132973456,9.125878817669601e-06,1.5874920357546342e-06,5.858129693447516e-08,0.0014256316649640514,0.0,0.0
0.0002,0.0002,0.0002,0.0002,211.0,10.0,2.5745305959893012e-05,3.7146591465229446e-06,0.09849864004728702,1.0273508846936666e-05,1.7779394523889428e-06,1.2933476503966624e-07,0.001569183905327978,0.0,0.0,2.4662566851676687e-05,4.407946420020021e-06,0.0982785271319551,8.803680067295384e-06,1.582378218355876e-06,4.070965698799667e-08,0.001452229341820759,0.0,0.0
0.0002,0.0002,0.0002,0.0002,212.0,10.0,2.6311740753437382e-05,3.7879891402696847e-06,0.09864275559353508,1.0739496301238284e-05,1.773893311390364e-06,1.4608672981503816e-07,0.0015700786398382951,0.0,0.0,2.3862945809927132e-05,4.1545676019070026e-06,0.09809981809871007,8.344916198983461e-06,1.5073879096941543e-06,4.609246642493336e-08,0.0014396771433308824,0.0,0.0
0.0002,0.0002,0.0002,0.0002,213.0,10.0,2.6194187969547242e-05,3.87885857157211e-06,0.09843307104177952,1.0568766946731192e-05,1.7686003736106994e-06,1.3465525918325176e-07,0.0015712383952296593,0.0,0.0,2.3888474413564157e-05,4.058240478380556e-06,0.09803722476567364,8.462672899613891e-06,1.5227886810467054e-06,4.1050186179923066e-08,0.0014492042683335634,0.0,0.0
0.0002,0.0002,0.0002,0.0002,214.0,10.0,2.5791755086838668e-05,3.7487019012730163e-06,0.09846262430011903,1.0330365524088474e-05,1.7356988134395046e-06,1.30726708779999e-07,0.001566334062073458,0.0,0.0,2.4339260685290444e-05,4.24914455079079e-06,0.09814501672364437,8.672534161736791e-06,1.5517947780220006e-06,5.128577675111855e-08,0.0014363452026807417,0.0,0.0
0.0002,0.0002,0.0002,0.0002,215.0,10.0,2.6071489934871215e-05,3.876139517261943e-06,0.09842481047332856,1.0461884984555423e-05,1.7624744943499003e-06,1.2851026323931895e-07,0.001565337621533102,0.0,0.0,2.4728593536099553e-05,4.312526680317939e-06,0.0981507634415346,8.965455577837809e-06,1.5948629581184534e-06,4.067218111399708e-08,0.0014442261159387788,0.0,0.0
0.0002,0.0002,0.0002,0.0002,216.0,10.0,2.5742680591717937e-05,3.7750392506402495e-06,0.0985312876466034,1.0234968497685316e-05,1.7509816417854037e-06,1.2856268539760492e-07,0.00156640021045363,0.0,0.0,2.5026834292856334e-05,4.478851256378337e-06,0.09763818816845805,9.157835094549958e-06,1.5649090141719281e-06,6.142028805125551e-08,0.0014335934852594736,0.0,0.0
0.0002,0.0002,0.0002,0.0002,217.0,10.0,2.595535486152488e-05,3.7525235106004998e-06,0.098576646032617,1.0471129980977482e-05,1.745309310077606e-06,1.2872775581470924e-07,0.001567128415401041,0.0,0.0,2.443654224325687e-05,4.39401405045825e-06,0.09734175936882884,8.716211813577367e-06,1.544037498070198e-06,4.810321592186596e-08,0.0014351716004859876,0.0,0.0
0.0002,0.0002,0.0002,0.0002,218.0,10.0,2.5802005516301372e-05,3.74633563991099e-06,0.09851071774735772,1.0306525099402036e-05,1.760899512803232e-06,1.3717376806915284e-07,0.0015703207371176675,0.0,0.0,2.409874716539288e-05,4.202646337947463e-06,0.0979585460673979,8.528714521071064e-06,1.527465117619558e-06,4.4066708390719636e-08,0.0014419587704459379,0.0,0.0
0.0002,0.0002,0.0002,0.0002,219.0,10.0,2.6190805805084603e-05,3.940251153168322e-06,0.0983381899657504,1.0498723987436034e-05,1.7829734435170082e-06,1.3503844958300514e-07,0.001572514217549065,0.0,0.0,2.4156139390350757e-05,4.2146200209783125e-06,0.0978525622287011,8.523501597196109e-06,1.5969278612734911e-06,3.583404113077494e-08,0.0014487872122558136,0.0,0.0
0.0002,0.0002,0.0002,0.0002,220.0,10.0,2.6294860261339e-05,3.862816385019914e-06,0.098414084780033,1.0655722822159918e-05,1.797839630045852e-06,1.3707325918221888e-07,0.001570637308908196,0.0,0.0,2.4147740471131284e-05,4.2990163528821355e-06,0.09732674678407326,8.507485581960036e-06,1.554542698052699e-06,5.402137876131876e-08,0.001437581564818596,0.0,0.0
0.0002,0.0002,0.0002,0.0002,221.0,10.0,2.5698719366266246e-05,3.712298556500723e-06,0.0984014666018328,1.0241405364985244e-05,1.770379997432743e-06,1.3448906811505745e-07,0.0015759579871535215,0.0,0.0,2.3162151334202442e-05,3.873217208939866e-06,0.09818836440780171,7.946047754120656e-06,1.487813761403453e-06,3.623628986567255e-08,0.0014694706963014283,0.0,0.0
0.0002,0.0002,0.0002,0.0002,222.0,10.0,2.5609476125346375e-05,3.752192983358177e-06,0.09843540886536123,1.0108479727760748e-05,1.771868288945481e-06,1.333944880539062e-07,0.0015770795112513237,0.0,0.0,2.4715911711918217e-05,4.59842833740421e-06,0.09778609023684036,8.772253223330837e-06,1.5237372885691116e-06,4.288409354499091e-08,0.0014464975629569028,0.0,0.0
0.0002,0.0002,0.0002,0.0002,223.0,10.0,2.599850763239228e-05,3.9029578511370705e-06,0.09834467336555176,1.0341013635778367e-05,1.7833262660338296e-06,1.36742808146713e-07,0.00157686727707269,0.0,0.0,2.4373183311351936e-05,4.300844552886437e-06,0.09810950875179165,8.623576814083031e-06,1.5867802905051991e-06,5.103119795555018e-08,0.001457752045614574,0.0,0.0
0.0002,0.0002,0.0002,0.0002,224.0,10.0,2.5476089191849014e-05,3.612350540290216e-06,0.09838718648107675,1.0099874173132798e-05,1.794006684459958e-06,1.311394624559977e-07,0.0015773960736835961,0.0,0.0,2.3333338758927145e-05,4.014926221206127e-06,0.09792563522872628,8.001322962186869e-06,1.4860816583949486e-06,3.844464418630487e-08,0.0014519343518403884,0.0,0.0
0.0002,0.0002,0.0002,0.0002,225.0,10.0,2.5725071064428798e-05,3.89602663802884e-06,0.09838084470529887,1.0137907426846195e-05,1.7229804159194948e-06,1.3007239643367442e-07,0.0015732038454505718,0.0,0.0,2.537702389528119e-05,4.720319930601391e-06,0.09787532785153306,9.175839656223886e-06,1.6374758993848055e-06,5.5855923604922535e-08,0.001453266657524739,0.0,0.0
0.0002,0.0002,0.0002,0.0002,226.0,10.0,2.5839464142904498e-05,3.8916589077556996e-06,0.09837810858789897,1.0226773555409639e-05,1.74891206929981e-06,1.3430898000479335e-07,0.001572331002819355,0.0,0.0,2.424192660007119e-05,4.500370991865195e-06,0.09800072921807378,8.397219147680637e-06,1.4891509604700381e-06,5.511280596368275e-08,0.001450985117419059,0.0,0.0
0.0002,0.0002,0.0002,0.0002,227.0,10.0,2.5484451109672294e-05,3.7638718442536694e-06,0.09840249507135673,1.0050039143438657e-05,1.6965291106122893e-06,1.3376173713363448e-07,0.0015690929613930394,0.0,0.0,2.391479407618113e-05,4.388152027452832e-06,0.09816736318042121,8.205586584569345e-06,1.4589498804172391e-06,4.536944508355808e-08,0.001452259138100829,0.0,0.0
0.0002,0.0002,0.0002,0.0002,228.0,10.0,2.55084611526762e-05,3.74379669567091e-06,0.09842405428437796,1.0083556687858042e-05,1.7062889478439575e-06,1.324135941625614e-07,0.0015751594793640045,0.0,0.0,2.3512082382074677e-05,4.087628638438291e-06,0.09808100337181949,8.10816402306036e-06,1.4602534625514415e-06,4.793615022494922e-08,0.0014514733926847473,0.0,0.0
0.0002,0.0002,0.0002,0.0002,229.0,10.0,2.6047894473459744e-05,4.022798455351688e-06,0.0982592277622684,1.0325200150428293e-05,1.7364909036962102e-06,1.3748244186439175e-07,0.0015722725037569385,0.0,0.0,2.4294445658005753e-05,4.315689016212046e-06,0.09821532326379862,8.55090546207431e-06,1.5659955931125539e-06,4.03234908470254e-08,0.0014658882117517629,0.0,0.0
0.0002,0.0002,0.0002,0.0002,230.0,10.0,2.5440417173778453e-05,3.714958003519168e-06,0.09836280315970329,1.000081344564061e-05,1.7538702475167253e-06,1.3449534024685288e-07,0.001572668701929526,0.0,0.0,2.3813449490677837e-05,3.957473386608682e-06,0.09822968024902277,8.518525270185514e-06,1.48486331006615e-06,2.961978311679935e-08,0.0014572622327804307,0.0,0.0
0.0002,0.0002,0.0002,0.0002,231.0,10.0,2.5449336838631846e-05,3.755506360383741e-06,0.09843139595499958,1.001146758786433e-05,1.7026230314707305e-06,1.366005358098735e-07,0.0015707166932837405,0.0,0.0,2.3813261527390456e-05,4.13993341045205e-06,0.09811475867837358,8.358864196354928e-06,1.4673975217733783e-06,3.55908755139516e-08,0.0014572845188623687,0.0,0.0
0.0002,0.0002,0.0002,0.0002,232.0,10.0,2.5356628223856433e-05,3.702665148968415e-06,0.09834605610443731,1.001215476526946e-05,1.67930184674418e-06,1.2790115048849315e-07,0.0015706607458051845,0.0,0.0,2.4197288150081384e-05,4.589054179446837e-06,0.09804852554336138,8.206382600924828e-06,1.542490001194458e-06,5.4509089173167284e-08,0.001452507518850602,0.0,0.0
0.0002,0.0002,0.0002,0.0002,233.0,10.0,2.575280506836196e-05,3.90748771011091e-06,0.09838194051240587,1.0168417807183988e-05,1.7081470443247255e-06,1.30558729412719e-07,0.0015724643403586497,0.0,0.0,2.4361313596704393e-05,4.5149263995217455e-06,0.09841080033139786,8.48066879119127e-06,1.4830049659624058e-06,4.16334726847554e-08,0.0014676317217305406,0.0,0.0
0.0002,0.0002,0.0002,0.0002,234.0,10.0,2.538412393266023e-05,3.718620917039489e-06,0.09824545445085033,9.976243967092495e-06,1.735904655952284e-06,1.2880926570285794e-07,0.0015741668758092612,0.0,0.0,2.4165154012307004e-05,4.425363329315827e-06,0.09797499847040869,8.395900757221163e-06,1.498073050830675e-06,4.831721589224386e-08,0.0014528385762312163,0.0,0.0
0.0002,0.0002,0.0002,0.0002,235.0,10.0,2.5619255869276606e-05,3.863709864006661e-06,0.09837426907052574,1.004875789483502e-05,1.727274626896008e-06,1.4208679163358247e-07,0.0015694066780098305,0.0,0.0,2.4077597593069505e-05,4.047682284203094e-06,0.09828940732565718,8.620895864844182e-06,1.5335475599555913e-06,4.6531358321999505e-08,0.0014582140678153163,0.0,0.0
0.0002,0.0002,0.0002,0.0002,236.0,10.0,2.520093922892717e-05,3.7220964189824357e-06,0.09826141938936259,9.77647961096113e-06,1.7475091910988676e-06,1.2871230581307713e-07,0.0015743970749213724,0.0,0.0,2.3743281763584344e-05,4.228765204826078e-06,0.09855027850008341,8.135515321347727e-06,1.4839368417523188e-06,4.003683874243491e-08,0.00146909050037601,0.0,0.0
0.0002,0.0002,0.0002,0.0002,237.0,10.0,2.5886699066983336e-05,3.907646768821714e-06,0.0982009938069698,1.028510845365166e-05,1.7323718173811926e-06,1.414728367527163e-07,0.0015783768159003439,0.0,0.0,2.5668836548043475e-05,5.247224158464221e-06,0.09789267342189605,9.014081627098005e-06,1.5432495448750037e-06,7.501408803158291e-08,0.0014622394441849323,0.0,0.0
0.0002,0.0002,0.0002,0.0002,238.0,10.0,2.568441139225218e-05,3.7637596648712946e-06,0.09835930809699421,1.019856686397962e-05,1.7522097006246486e-06,1.3394457284419643e-07,0.0015781985521912236,0.0,0.0,2.404022090754127e-05,4.229184652610541e-06,0.09776459549228213,8.513762659088013e-06,1.4815527869194924e-06,3.9261501915782457e-08,0.0014630452549297711,0.0,0.0
0.0002,0.0002,0.0002,0.0002,239.0,10.0,2.5325268834354072e-05,3.6727668020116936e-06,0.09815388465667639,9.97855607854865e-06,1.7237830237502686e-06,1.3477479775007618e-07,0.001574209512728275,0.0,0.0,2.3799276875651638e-05,4.28482280059555e-06,0.09781368783188527,8.14686522476238e-06,1.5324509113213284e-06,5.376944125470649e-08,0.001463951119205634,0.0,0.0
0.0002,0.0002,0.0002,0.0002,240.0,10.0,2.5430632216142392e-05,3.7496383618871207e-06,0.09827592110718215,1.0005530775865052e-05,1.7152631452180398e-06,1.3260817020485222e-07,0.0015723692965012909,0.0,0.0,2.398801350732057e-05,4.234888713458956e-06,0.097748103825485,8.376975258599619e-06,1.5660652777596876e-06,3.527406096242655e-08,0.001446398270355093,0.0,0.0
0.0002,0.0002,0.0002,0.0002,241.0,10.0,2.5653554380884362e-05,3.825406750998082e-06,0.09829816931969297,1.0099479326452681e-05,1.7585979033042147e-06,1.4025373342936054e-07,0.0015734667853774748,0.0,0.0,2.4436442664601665e-05,4.513109791641091e-06,0.09825693222993798,8.520212649962365e-06,1.5396564956274082e-06,3.777095587009936e-08,0.001457462964618134,0.0,0.0
0.0002,0.0002,0.0002,0.0002,242.0,10.0,2.591342041075742e-05,3.949067092240401e-06,0.09840745392792653,1.0259041162547698e-05,1.7306743267649197e-06,1.3389267600348836e-07,0.001566937689413009,0.0,0.0,2.442522291766776e-05,4.602600737973048e-06,0.09790618302603495,8.438972365772369e-06,1.5350230019955697e-06,5.800875803391036e-08,0.0014483175054353671,0.0,0.0
0.0002,0.0002,0.0002,0.0002,243.0,10.0,2.5644764363725618e-05,3.908409349948598e-06,0.09811307053354615,1.00758878839804e-05,1.7222892978179825e-06,1.268711162223523e-07,0.0015732172285617548,0.0,0.0,2.295507199765295e-05,3.645494183678817e-06,0.09799604808789224,7.9452705157624e-06,1.5308406559920215e-06,3.386201778031493e-08,0.0014664900471427346,0.0,0.0
0.0002,0.0002,0.0002,0.0002,244.0,10.0,2.4941996293061333e-05,3.5942697250858957e-06,0.09828624096531391,9.673362392424006e-06,1.7152191531148854e-06,1.3052119641921953e-07,0.001579927450553553,0.0,0.0,2.3488238408094494e-05,4.1030652669980874e-06,0.09810904477913074,7.983796229438925e-06,1.5424700340338915e-06,4.8002764528411254e-08,0.0014774875802384322,0.0,0.0
0.0002,0.0002,0.0002,0.0002,245.0,10.0,2.5952721346541372e-05,3.9764902544147645e-06,0.09832157410800188,1.0258077670771327e-05,1.74397453619775e-06,1.4202176202539588e-07,0.0015804583408981574,0.0,0.0,2.4297077962259598e-05,4.504169976410824e-06,0.09792817500017094,8.292368509667896e-06,1.6419365064872531e-06,6.578567637889279e-08,0.0014668633979277937,0.0,0.0
0.0002,0.0002,0.0002,0.0002,246.0,10.0,2.5615547261736204e-05,3.7988484128681306e-06,0.09814034671767476,1.0134713927590089e-05,1.7409869492569325e-06,1.2696353804624767e-07,0.0015808030447133057,0.0,0.0,2.485770691139563e-05,4.560839924105711e-06,0.09814119473048147,8.823266236715276e-06,1.60403377949565e-06,5.544768031722767e-08,0.001468255377542163,0.0,0.0
0.0002,0.0002,0.0002,0.0002,247.0,10.0,2.5214635031174285e-05,3.7061468244988003e-06,0.0982316811716327,9.80233606703772e-06,1.7475102801383775e-06,1.3547399693870576e-07,0.0015767038921857008,0.0,0.0,2.661455610908397e-05,5.651307022046215e-06,0.09776143051658122,9.548066535172158e-06,1.58499414973819e-06,5.404560502322267e-08,0.001476795206758416,0.0,0.0
0.0002,0.0002,0.0002,0.0002,248.0,10.0,2.6237526176805658e-05,4.02551093494453e-06,0.09830087725525817,1.051940098232711e-05,1.7226605427715638e-06,1.398661970653349e-07,0.0015771237199548507,0.0,0.0,2.3747282394749405e-05,4.151347780204393e-06,0.09738649244848832,8.297096724792974e-06,1.5177882103594335e-06,4.240059000098378e-08,0.0014682428840431788,0.0,0.0
0.0002,0.0002,0.0002,0.0002,249.0,10.0,2.52971759416153e-05,3.7141943242476315e-06,0.0980375448845538,9.891699914556074e-06,1.7551790711813012e-06,1.323484504683234e-07,0.0015798007167229947,0.0,0.0,2.3703401258024373e-05,4.046080707698459e-06,0.09797752573828383,8.221953442893946e-06,1.5942906853272068e-06,4.332403542261323e-08,0.0014888516081026579,0.0,0.0
0.0002,0.0002,0.0002,0.0002,250.0,10.0,2.510661764828058e-05,3.6735838433501564e-06,0.09820214542389843,9.776791473699652e-06,1.7095727955041733e-06,1.2645529117149405e-07,0.001581869078679582,0.0,0.0,2.4560650993354264e-05,4.604900150250703e-06,0.09757187207161762,8.526316815704248e-06,1.6077416102593327e-06,6.450546181938606e-08,0.0014678617128876768,0.0,0.0
0.0002,0.0002,0.0002,0.0002,251.0,10.0,2.5626263099347906e-05,3.91510227736119e-06,0.09807352163697566,1.0047517281072027e-05,1.7302824870887628e-06,1.2600908523792514e-07,0.0015841668170267584,0.0,0.0,2.4263285356175976e-05,4.290934036557276e-06,0.09850614066767445,8.445582902917345e-06,1.6103892740376732e-06,6.57654792876807e-08,0.0014745153452086046,0.0,0.0
0.0002,0.0002,0.0002,0.0002,252.0,10.0,2.5201751124462973e-05,3.7378452597996766e-06,0.09806390521057562,9.800306659803502e-06,1.7272542956744088e-06,1.2995469104369284e-07,0.001593951919753523,0.0,0.0,2.4236902494691867e-05,4.435100466136621e-06,0.09784351995659535,8.344410372411752e-06,1.617725838611523e-06,5.531399923718121e-08,0.0014830121043811722,0.0,0.0
0.0002,0.0002,0.0002,0.0002,253.0,10.0,2.5476749085690573e-05,3.908470116851592e-06,0.09811782688791988,9.887854344252753e-06,1.7276357897930574e-06,1.4100642209395655e-07,0.0015858093602196658,0.0,0.0,2.5404993507168803e-05,4.8688169746698165e-06,0.09733607836557508,9.112683167139631e-06,1.6351824960613462e-06,5.4703179527106027e-08,0.0014830108157562086,0.0,0.0
0.0002,0.0002,0.0002,0.0002,254.0,10.0,2.574193733361314e-05,3.881784205120066e-06,0.0980528515556869,1.0186503611011336e-05,1.739633111365579e-06,1.287315047841264e-07,0.0015915953524905605,0.0,0.0,2.459013090459074e-05,4.266713174974844e-06,0.09777095687018134,8.80635689509133e-06,1.6868332163634302e-06,5.3132053294532324e-08,0.0014920375083499044,0.0,0.0
0.0002,0.0002,0.0002,0.0002,255.0,10.0,2.5345072273648697e-05,3.7077570901624765e-06,0.09808658999036066,9.984613945051854e-06,1.7140057800844435e-06,1.300367516255893e-07,0.0015939538695914559,0.0,0.0,2.3862163320338437e-05,4.047275296732072e-06,0.09753139654760955,8.40851381542074e-06,1.6066948635823e-06,4.6539813842020685e-08,0.001498148987669124,0.0,0.0
0.0002,0.0002,0.0002,0.0002,256.0,10.0,2.52251502456686e-05,3.6480229813061536e-06,0.09804962589483085,9.859140425286321e-06,1.7827109974774626e-06,1.3031356247429492e-07,0.0016001375884494688,0.0,0.0,2.4596664362059743e-05,4.517213569811892e-06,0.09767442802450649,8.564902270830545e-06,1.6896494678384375e-06,5.745652941967029e-08,0.0014832743973661356,0.0,0.0
0.0002,0.0002,0.0002,0.0002,257.0,10.0,2.5155004401987125e-05,3.745519657901328e-06,0.09798798745669177,9.754386802417592e-06,1.7252850998212536e-06,1.3101426852866347e-07,0.0015983006142041391,0.0,0.0,2.408779302867638e-05,4.42267232410247e-06,0.09704171149479064,8.321988669157216e-06,1.6019683738467562e-06,3.699259215597882e-08,0.0014864280163294356,0.0,0.0
0.0002,0.0002,0.0002,0.0002,258.0,10.0,2.5206944249049226e-05,3.979104287673401e-06,0.097928089465808,9.598815277348392e-06,1.706815051350335e-06,1.2940100512662264e-07,0.0015994632069583662,0.0,0.0,2.4879345851662332e-05,4.8450985648515475e-06,0.09713427088252401,8.70413929380611e-06,1.5752192391133186e-06,4.146190936295944e-08,0.0015027109544827348,0.0,0.0
0.0002,0.0002,0.0002,0.0002,259.0,10.0,2.5617332454423744e-05,3.909790656432143e-06,0.0982300531490319,1.0084790454824246e-05,1.674029876908103e-06,1.2571634905923694e-07,0.0015983077168186127,0.0,0.0,2.451202337372086e-05,4.351853669841368e-06,0.09715554066595322,8.790539029719327e-06,1.6089519134987386e-06,4.512500497065514e-08,0.0014849094106818977,0.0,0.0
0.0002,0.0002,0.0002,0.0002,260.0,10.0,2.5196786377015616e-05,3.866810404335278e-06,0.09769040116073407,9.742811205566754e-06,1.6826477617965565e-06,1.3547716919025087e-07,0.0015991989402722566,0.0,0.0,2.597336762821504e-05,5.175078467643279e-06,0.09761337600777306,9.326384167589133e-06,1.67344320889077e-06,3.7124554202036694e-08,0.0014989569716342438,0.0,0.0
0.0002,0.0002,0.0002,0.0002,261.0,10.0,2.4982528194854752e-05,3.6973601598012533e-06,0.09807889205394947,9.678373743680946e-06,1.6763303888820167e-06,1.225749809684391e-07,0.0016038807500988476,0.0,0.0,2.4317252634938686e-05,4.2130207115229704e-06,0.09727629142649033,8.697791773323793e-06,1.6448977156628518e-06,3.391343874391892e-08,0.0015075037938262301,0.0,0.0
0.0002,0.0002,0.0002,0.0002,262.0,10.0,2.555936829605632e-05,3.848187233224604e-06,0.09798140111848873,1.0056221047615923e-05,1.729540819870362e-06,1.2727934133221525e-07,0.0016066636946020616,0.0,0.0,2.5286713157882986e-05,4.746589779894581e-06,0.0973875007260217,9.194069891384633e-06,1.5632328384247079e-06,4.407088487609786e-08,0.001500321246013303,0.0,0.0
0.0002,0.0002,0.0002,0.0002,263.0,10.0,2.5358376468570453e-05,3.853943805169828e-06,0.09788922518946576,9.851645906398709e-06,1.7456352741427362e-06,1.1822918745520322e-07,0.0016008142278965693,0.0,0.0,2.532776943238768e-05,4.8056088021329644e-06,0.09747929203365913,9.015765527034834e-06,1.69901959694474e-06,5.9446497139688417e-08,0.0014956893027151023,0.0,0.0
0.0002,0.0002,0.0002,0.0002,264.0,10.0,2.4801853251344642e-05,3.7082136340976676e-06,0.09784037774934726,9.50131702333107e-06,1.6774610148527331e-06,1.30824025890769e-07,0.0015990552908404167,0.0,0.0,2.4750916045031207e-05,4.822605013089091e-06,0.09762354919551565,8.538122344887465e-06,1.5768775416374527e-06,5.09564229089573e-08,0.001486905958426143,0.0,0.0
0.0002,0.0002,0.0002,0.0002,265.0,10.0,2.5244245818267184e-05,3.98944711065422e-06,0.09775983873486167,9.67204256130644e-06,1.6854372869111099e-06,1.2133525591032978e-07,0.0015953984522606352,0.0,0.0,2.514446637068334e-05,5.066239896773856e-06,0.09740343017046015,8.704761164348868e-06,1.565354179104142e-06,6.776837437391208e-08,0.0014875642548453799,0.0,0.0
0.0002,0.0002,0.0002,0.0002,266.0,10.0,2.540399434669168e-05,3.836231963768011e-06,0.0980600792817927,9.96212289037034e-06,1.6727587738613048e-06,1.268730385681724e-07,0.0016030394845379992,0.0,0.0,2.432708116968293e-05,4.2515329275428325e-06,0.09774089929451167,8.631943435619328e-06,1.6263763253636592e-06,4.313883602354417e-08,0.0014968124882134392,0.0,0.0
0.0002,0.0002,0.0002,0.0002,267.0,10.0,2.5034072861567817e-05,3.7694618527626225e-06,0.09789152479755225,9.662116910507622e-06,1.6892987106460331e-06,1.240431734337975e-07,0.0016061234943020694,0.0,0.0,2.384509383880547e-05,3.93962783820328e-06,0.09769375263922767,8.481766956477772e-06,1.599263149099737e-06,5.506099018786816e-08,0.0014976021140059746,0.0,0.0
0.0002,0.0002,0.0002,0.0002,268.0,10.0,2.4634647682579432e-05,3.608059553770111e-06,0.0980262507566972,9.379693667823122e-06,1.7137885743908988e-06,1.3048109081458827e-07,0.0016088546742659355,0.0,0.0,2.4118374621230347e-05,4.210314371961443e-06,0.09750543699751263,8.489193305256297e-06,1.615922166173666e-06,5.2401183898002436e-08,0.001508547414487363,0.0,0.0
0.0002,0.0002,0.0002,0.0002,269.0,10.0,2.4836435593104258e-05,3.833543995992155e-06,0.09772965217737269,9.389686459751018e-06,1.7091454468370246e-06,1.3109471937974428e-07,0.0016109117160533564,0.0,0.0,2.4571821775485174e-05,4.279497094657014e-06,0.09765196550366788,8.814239879445038e-06,1.64799819475508e-06,6.48903813205033e-08,0.0015138695975217748,0.0,0.0
0.0002,0.0002,0.0002,0.0002,270.0,10.0,2.6067058918546335e-05,4.1245104718759045e-06,0.09800613016966421,1.0273048648341679e-05,1.7420870317398404e-06,1.2680004359876687e-07,0.0016093015676210192,0.0,0.0,2.455287246281486e-05,4.4099706365883185e-06,0.09768708119858507,8.685698050760611e-06,1.6394992359127326e-06,4.899652055090392e-08,0.0015079219645101926,0.0,0.0
0.0002,0.0002,0.0002,0.0002,271.0,10.0,2.50214749563376e-05,3.715019726225648e-06,0.09763088660638042,9.655420870014625e-06,1.7608393265495968e-06,1.2710661465888713e-07,0.0016157300334530143,0.0,0.0,2.4240158781546022e-05,4.5695581975199445e-06,0.09676943611108721,8.306421328664023e-06,1.6324850040845373e-06,5.475085199054538e-08,0.0015118389775506044,0.0,0.0
0.0002,0.0002,0.0002,0.0002,272.0,10.0,2.5102584607832173e-05,3.7205500167931366e-06,0.097926391239784,9.718698562760593e-06,1.7371170531264305e-06,1.3357999388967813e-07,0.0016157852840936859,0.0,0.0,2.4829882069664667e-05,4.886288351762292e-06,0.09736412124237799,8.552509067633302e-06,1.590209903023823e-06,6.44628679171246e-08,0.0015154033931532947,0.0,0.0
0.0002,0.0002,0.0002,0.0002,273.0,10.0,2.4933021227080474e-05,3.802935930135408e-06,0.09758788254345961,9.523473333452591e-06,1.7179905612863258e-06,1.2983348051939125e-07,0.0016163701646325589,0.0,0.0,2.433133128877696e-05,4.256280440713579e-06,0.0974068618717903,8.771026761071135e-06,1.5232592275980634e-06,4.007894857823778e-08,0.0015163036553949684,0.0,0.0
0.0002,0.0002,0.0002,0.0002,274.0,10.0,2.5348448505870052e-05,3.841936452260102e-06,0.09779153595074774,9.881539332119669e-06,1.7175924130309338e-06,1.282269707944814e-07,0.0016180357301416488,0.0,0.0,2.436074923478618e-05,4.572271374813697e-06,0.09782415736711561,8.396979107953978e-06,1.5644154548378104e-06,4.466766070900074e-08,0.001512621331615148,0.0,0.0
0.0002,0.0002,0.0002,0.0002,275.0,10.0,2.5125849606612515e-05,3.866298720567173e-06,0.09776801721792303,9.687536441457721e-06,1.6781875329054e-06,1.1702540552833445e-07,0.001614252035570848,0.0,0.0,2.3842210463661286e-05,4.463932300637416e-06,0.09699395211303935,8.071218426416053e-06,1.5688887216973912e-06,3.877607933475837e-08,0.0015105262183613276,0.0,0.0
0.0002,0.0002,0.0002,0.0002,276.0,10.0,2.4328736882766596e-05,3.681084485192632e-06,0.09765990404277562,9.121552335322732e-06,1.6445516308223688e-06,1.1555822918150463e-07,0.0016155773742343653,0.0,0.0,2.4368968549257816e-05,4.48343239456609e-06,0.09709341393519438,8.556363705229725e-06,1.571301682539676e-06,4.852971755172696e-08,0.0015092939420387303,0.0,0.0
0.0002,0.0002,0.0002,0.0002,277.0,10.0,2.599574159400002e-05,4.082727824448774e-06,0.09776102431038591,1.0303860996815307e-05,1.7075147514872354e-06,1.2553582219780624e-07,0.0016245796628664064,0.0,0.0,2.4783250825519103e-05,4.477259310210983e-06,0.09770142794892862,8.948960192609362e-06,1.556754545895604e-06,3.013416067080634e-08,0.0015340754540740258,0.0,0.0
0.0002,0.0002,0.0002,0.0002,278.0,10.0,2.4894800593628524e-05,3.853595417673402e-06,0.09776040604884703,9.464015547516826e-06,1.6718718228362857e-06,1.2927751830138658e-07,0.0016242920571928044,0.0,0.0,2.3825742973209678e-05,4.309971631187575e-06,0.0970087890290884,8.251355011704451e-06,1.5289796287166376e-06,3.455800101598736e-08,0.0015238971641983283,0.0,0.0
0.0002,0.0002,0.0002,0.0002,279.0,10.0,2.5010258790854444e-05,3.853277913689644e-06,0.09749183917927241,9.59146428844809e-06,1.6917819400166315e-06,1.245510208000873e-07,0.0016254072911337616,0.0,0.0,2.5625134477922355e-05,5.015733152907075e-06,0.09744568375361419,9.213057097962878e-06,1.610183384814279e-06,4.15926859459094e-08,0.001531114906900817,0.0,0.0
0.0002,0.0002,0.0002,0.0002,280.0,10.0,2.490446903374406e-05,3.839897269376583e-06,0.09762369425569006,9.49316894994285e-06,1.687768444408005e-06,1.212651418478758e-07,0.0016279328800732826,0.0,0.0,2.412867435290612e-05,4.0680166829553795e-06,0.09742222311278116,8.717383945330039e-06,1.5561631625780475e-06,4.4888466179025735e-08,0.0015229170881759595,0.0,0.0
0.0002,0.0002,0.0002,0.0002,281.0,10.0,2.4619994617369987e-05,3.727189991621465e-06,0.09743185666220484,9.322534855627319e-06,1.7022917241134792e-06,1.2479262126501252e-07,0.0016301030658934343,0.0,0.0,2.6750831761450595e-05,5.54271908148146e-06,0.09705529426414661,9.845761178911773e-06,1.6113907928993648e-06,4.5431462716417324e-08,0.0015292550951957857,0.0,0.0
0.0002,0.0002,0.0002,0.0002,282.0,10.0,2.5152595849919893e-05,3.8852561946706815e-06,0.09752539588748106,9.692100540336146e-06,1.7026441897947061e-06,1.200556165799483e-07,0.0016270046516601265,0.0,0.0,2.439117052339164e-05,4.480453967784449e-06,0.0972291889075177,8.547967754062818e-06,1.5963736337845215e-06,4.3456582953426746e-08,0.0015244806353743978,0.0,0.0
0.0002,0.0002,0.0002,0.0002,283.0,10.0,2.4359080109053006e-05,3.57868514965913e-06,0.09754593129360367,9.237490493595555e-06,1.6709727051500576e-06,1.1733880750882256e-07,0.0016320715294727993,0.0,0.0,2.655751720550901e-05,5.444188183844486e-06,0.09700057021371221,9.780199788555928e-06,1.5849024058861515e-06,4.817008652473107e-08,0.0015385656542657104,0.0,0.0
0.0002,0.0002,0.0002,0.0002,284.0,10.0,2.5130622366732377e-05,3.9864559995803506e-06,0.09768078489533628,9.573980757043576e-06,1.679837461900248e-06,1.2226993902407764e-07,0.0016285489929364458,0.0,0.0,2.530610053229551e-05,4.972445640462875e-06,0.0968972287272912,9.009903127564696e-06,1.5924096956855763e-06,4.161946059760931e-08,0.001538159284228298,0.0,0.0
0.0002,0.0002,0.0002,0.0002,285.0,10.0,2.4761647750177222e-05,3.834912863223728e-06,0.0973188197225391,9.381265089088708e-06,1.6961646360444658e-06,1.1742353473202208e-07,0.001638998020560991,0.0,0.0,2.6232500364558827e-05,5.677458176773502e-06,0.09721034435252417,9.166627609599714e-06,1.612574559998319e-06,5.4805800485357684e-08,0.0015405762012545212,0.0,0.0
0.0002,0.0002,0.0002,0.0002,286.0,10.0,2.4723849747644306e-05,3.802064982669359e-06,0.0974021350277072,9.380732567817009e-06,1.6873377820747818e-06,1.135011984916705e-07,0.0016367533620409588,0.0,0.0,2.497710465831915e-05,4.820983128338789e-06,0.09698170619439914,8.789467324945958e-06,1.6353509541884557e-06,3.3132854337886594e-08,0.0015432390474607995,0.0,0.0
0.0002,0.0002,0.0002,0.0002,287.0,10.0,2.421908579081082e-05,3.5562021433215364e-06,0.0973943878374862,9.085966679695979e-06,1.7239640513860821e-06,1.1351439096462275e-07,0.0016413394031981646,0.0,0.0,2.458796456374009e-05,4.597405355308407e-06,0.09683475053021652,8.608744762685116e-06,1.6415432695425162e-06,5.679635798043274e-08,0.001527797547571851,0.0,0.0
0.0002,0.0002,0.0002,0.0002,288.0,10.0,2.4474026867836823e-05,3.7666343754126676e-06,0.09739037202908397,9.145112018174187e-06,1.7028959392689006e-06,1.203475836950168e-07,0.001644380294143347,0.0,0.0,2.515300295089499e-05,4.8169356188585795e-06,0.09699794407740596,9.046783170765515e-06,1.5541534298702283e-06,3.533657624564962e-08,0.001550581429482383,0.0,0.0
0.0002,0.0002,0.0002,0.0002,289.0,10.0,2.5046410042199265e-05,3.852430410997744e-06,0.09736340491776399,9.618183565671168e-06,1.724187869168724e-06,1.1526799597573156e-07,0.0016444859538856335,0.0,0.0,2.777749282941057e-05,5.837070205158182e-06,0.09751486203352885,1.0452616300286555e-05,1.678725394480121e-06,5.7595225357910975e-08,0.001542290778601845,0.0,0.0
0.0002,0.0002,0.0002,0.0002,290.0,10.0,2.539249063574096e-05,3.899872949665785e-06,0.09739021455599853,9.855353974374212e-06,1.7645039524232113e-06,1.3373855354655722e-07,0.0016446608164221196,0.0,0.0,2.4207013055929314e-05,4.448458677829892e-06,0.0965686096813027,8.409524023679193e-06,1.6410578201071564e-06,5.111192432615951e-08,0.001532940891294202,0.0,0.0
0.0002,0.0002,0.0002,0.0002,291.0,10.0,2.5447595730531446e-05,4.0147300031502945e-06,0.0973597105922242,9.844779483775824e-06,1.7337211909943964e-06,1.183942630451953e-07,0.0016402318801583252,0.0,0.0,2.5530179212286556e-05,4.927096893599848e-06,0.09672412268533839,9.276950508276285e-06,1.6092867438551823e-06,4.443310365548213e-08,0.001541731428358201,0.0,0.0
0.0002,0.0002,0.0002,0.0002,292.0,10.0,2.4294471497687235e-05,3.615576999240259e-06,0.09730963469202085,9.121090853839295e-06,1.714768947366764e-06,1.120714943119973e-07,0.001645953866385302,0.0,0.0,2.4527133130199546e-05,4.720089990907808e-06,0.09709338472582477,8.452405990390295e-06,1.5970026849148148e-06,4.829624775152533e-08,0.0015478976410056326,0.0,0.0
0.0002,0.0002,0.0002,0.0002,293.0,10.0,2.5495947033082308e-05,4.0229569595362935e-06,0.09730369567948374,9.90817451335158e-06,1.716007863684022e-06,1.1843837455622613e-07,0.0016551463727413817,0.0,0.0,2.4459112144188525e-05,4.286495341683108e-06,0.09724313902401181,8.800931235213013e-06,1.6046958896224679e-06,4.267617413627273e-08,0.001556981214770087,0.0,0.0
0.0002,0.0002,0.0002,0.0002,294.0,10.0,2.475596995534603e-05,3.7048755427248145e-06,0.09733094747499078,9.467860772580174e-06,1.7325760280198496e-06,1.1756311214787701e-07,0.001649010354927057,0.0,0.0,2.4167369421812986e-05,4.606838771251457e-06,0.09692321880156606,8.270302145639299e-06,1.5710879822634392e-06,2.6818973425744817e-08,0.0015579409366409105,0.0,0.0
0.0002,0.0002,0.0002,0.0002,295.0,10.0,2.4350405793397496e-05,3.743792853294709e-06,0.09723878986802442,9.076393813811892e-06,1.6875932388604478e-06,1.1874720581515142e-07,0.0016509991939455341,0.0,0.0,2.4046507958033942e-05,4.34383204930631e-06,0.09710755714805068,8.373522281714805e-06,1.574316321455722e-06,4.408160493761454e-08,0.0015494376759344526,0.0,0.0
0.0002,0.0002,0.0002,0.0002,296.0,10.0,2.4569064921882026e-05,3.6380506016763124e-06,0.09722110740253784,9.351761979107946e-06,1.7400577805183196e-06,1.1708409728340912e-07,0.001652674925539502,0.0,0.0,2.5261441431426003e-05,4.582916095689306e-06,0.09718503978322535,9.2952020874524e-06,1.627686540426593e-06,3.7133007859649144e-08,0.001556854942011096,0.0,0.0
0.0002,0.0002,0.0002,0.0002,297.0,10.0,2.4952030054211237e-05,3.821869749515232e-06,0.09735169591285696,9.580170612377733e-06,1.6931348622546445e-06,1.2168548182404613e-07,0.001647139873898708,0.0,0.0,2.4578727697784396e-05,4.440745340594529e-06,0.09666161014856352,8.794308940331383e-06,1.5987879287998705e-06,7.872467576254611e-08,0.0015444972118923512,0.0,0.0
0.0002,0.0002,0.0002,0.0002,298.0,10.0,2.5105762927560043e-05,3.89396951819306e-06,0.09722424432539109,9.67681292592324e-06,1.6951958472862924e-06,1.1736047678789696e-07,0.0016523120098536678,0.0,0.0,2.4448342619161283e-05,4.274060302122962e-06,0.09671104926242136,8.849038415975638e-06,1.6243604600819604e-06,2.977881192998548e-08,0.001569738295767134,0.0,0.0
0.0002,0.0002,0.0002,0.0002,299.0,10.0,2.5088739628505565e-05,3.835158274821779e-06,0.09712287351895195,9.630717121762093e-06,1.7661951574756846e-06,1.4438204307006394e-07,0.0016606444564531825,0.0,0.0,2.4844570764713875e-05,4.689444015806103e-06,0.09648072258102028,8.78387948567969e-06,1.6784203558037575e-06,4.475469534685966e-08,0.0015741000346723415,0.0,0.0
0.0002,0.0002,0.0002,0.0002,300.0,10.0,2.4931669684689927e-05,3.719197159773584e-06,0.0973096142254142,9.591047208515155e-06,1.7745848151714255e-06,1.1587935463504882e-07,0.0016536787889881925,0.0,0.0,2.3612745598694317e-05,3.9528904494939094e-06,0.09701348665882559,8.263986677961067e-06,1.6610656452062782e-06,3.345439755131813e-08,0.0015522353133592742,0.0,0.0
4e-05,4e-05,4e-05,4e-05,301.0,10.0,2.248993465887188e-05,2.8046810856947063e-06,0.09692011819512167,8.325332805633826e-06,1.6052855187914433e-06,6.262364241738535e-08,0.0016452804709323843,0.0,0.0,2.049121391373585e-05,2.5551212904284986e-06,0.09685396913529268,6.776055109973442e-06,1.4427450509635418e-06,3.189574072910067e-08,0.0015871684932211175,0.0,0.0
4e-05,4e-05,4e-05,4e-05,302.0,10.0,2.1421030130092842e-05,2.577756429267129e-06,0.0970362233289981,7.598122990126107e-06,1.477913118548678e-06,6.361546949492701e-08,0.0016454657254600373,0.0,0.0,2.0195262710759006e-05,2.5027454523397618e-06,0.09704892528098347,6.539016912521695e-06,1.4176903955581977e-06,3.091770644808685e-08,0.0015831778867647155,0.0,0.0
4e-05,4e-05,4e-05,4e-05,303.0,10.0,2.113578309392834e-05,2.519670783476205e-06,0.09718023656797332,7.384433585231928e-06,1.4531800036142028e-06,6.047531360105315e-08,0.0016444301062284756,0.0,0.0,2.036079036254274e-05,2.5196999056089982e-06,0.09726747633264139,6.655714811244768e-06,1.4305076786393009e-06,2.8120543445519833e-08,0.001579034912793101,0.0,0.0
4e-05,4e-05,4e-05,4e-05,304.0,10.0,2.0938095786624328e-05,2.4767059361623477e-06,0.09726755844645432,7.242858099776352e-06,1.4334366208264684e-06,5.8339556782913164e-08,0.001642130126126153,0.0,0.0,2.0279748364326312e-05,2.4648904953329736e-06,0.09735264698733095,6.637348342471395e-06,1.4176594196566153e-06,2.458567442672504e-08,0.0015798377293680882,0.0,0.0
4e-05,4e-05,4e-05,4e-05,305.0,10.0,2.075895213414523e-05,2.4520487011408937e-06,0.09734731921468039,7.100042280056479e-06,1.4165302794447691e-06,5.5599227220625365e-08,0.0016404242096281893,0.0,0.0,2.0229494826223462e-05,2.435083998789448e-06,0.09743836452494856,6.621038510094002e-06,1.4072563603644837e-06,2.2279736951156673e-08,0.0015792963264194223,0.0,0.0
4e-05,4e-05,4e-05,4e-05,306.0,10.0,2.0600201136541944e-05,2.435001758319613e-06,0.09745547694881185,6.964047525335266e-06,1.403297886470803e-06,5.230650035843389e-08,0.0016396032719101616,0.0,0.0,2.038708222420402e-05,2.4272472086629612e-06,0.09773170388590506,6.76844480409008e-06,1.3974168009719198e-06,2.080327231356235e-08,0.0015777701328292643,0.0,0.0
4e-05,4e-05,4e-05,4e-05,307.0,10.0,2.0510736507301756e-05,2.410165957656746e-06,0.09759244453591126,6.89650694943337e-06,1.3944997959405131e-06,5.031957854665019e-08,0.0016391711973032421,0.0,0.0,2.0198371942705116e-05,2.4092567351091684e-06,0.09776068909357988,6.607767781995878e-06,1.383171848786004e-06,2.2106992991305113e-08,0.0015774901531746283,0.0,0.0
4e-05,4e-05,4e-05,4e-05,308.0,10.0,2.044493103284555e-05,2.38958960735454e-06,0.09768010587154642,6.850422860412035e-06,1.3877083369800243e-06,4.919985610976846e-08,0.0016381524373221728,0.0,0.0,2.032911787672608e-05,2.406694624806704e-06,0.09785467143908504,6.723193608794799e-06,1.3970133786798076e-06,1.674933130906598e-08,0.0015737645639828488,0.0,0.0
4e-05,4e-05,4e-05,4e-05,309.0,10.0,2.0399330220334423e-05,2.3888156490559874e-06,0.0976375859552862,6.811439946066443e-06,1.3872247224095465e-06,4.8091548841251e-08,0.0016366720320537904,0.0,0.0,2.030672237848433e-05,2.399408969193869e-06,0.09785021524425197,6.694172488266169e-06,1.403637194024547e-06,2.4482449310457955e-08,0.0015726809661390717,0.0,0.0
4e-05,4e-05,4e-05,4e-05,310.0,10.0,2.0429369244337956e-05,2.378165459907344e-06,0.09766181304007153,6.851182768821891e-06,1.3864104912343037e-06,4.742949393331564e-08,0.001634851205026481,0.0,0.0,2.036506125839809e-05,2.41284088968937e-06,0.09790269086930166,6.731355731706219e-06,1.4085890043358213e-06,2.200670694655399e-08,0.001570682440542819,0.0,0.0
4e-05,4e-05,4e-05,4e-05,311.0,10.0,2.0324486526605655e-05,2.377486783861513e-06,0.09773112015085196,6.75225658822352e-06,1.3756363650410774e-06,4.599501294570489e-08,0.0016343852928775349,0.0,0.0,2.03465831111889e-05,2.4070957930064786e-06,0.09791402516171181,6.733529976545752e-06,1.3926792452339749e-06,2.1875787160968585e-08,0.0015724026412738544,0.0,0.0
4e-05,4e-05,4e-05,4e-05,312.0,10.0,2.0343692131824366e-05,2.3629578147955763e-06,0.0976876065093544,6.785334353863474e-06,1.382063120347287e-06,4.457641724003715e-08,0.001634754831290497,0.0,0.0,2.022708073461019e-05,2.3881088185224703e-06,0.09791060506163171,6.639343223705069e-06,1.3877369710454571e-06,2.0831455437985566e-08,0.001575144788469462,0.0,0.0
4e-05,4e-05,4e-05,4e-05,313.0,10.0,2.029098371282638e-05,2.3631563915314577e-06,0.09773359802707514,6.732406304952369e-06,1.3773473211364025e-06,4.471412888478933e-08,0.0016344346582820325,0.0,0.0,2.030545340678844e-05,2.4313909231709676e-06,0.097986340471205,6.6587185254801995e-06,1.3958401406932297e-06,2.087007266120713e-08,0.0015688714225676594,0.0,0.0
4e-05,4e-05,4e-05,4e-05,314.0,10.0,2.0225539126339523e-05,2.351274474894789e-06,0.09774966455157014,6.683226004208574e-06,1.3738647716881619e-06,4.220769621133302e-08,0.001632643125715623,0.0,0.0,2.024143785117923e-05,2.403659712582059e-06,0.09799618389985966,6.624927497244001e-06,1.3957534851631116e-06,1.7479029041522918e-08,0.0015707336987326869,0.0,0.0
4e-05,4e-05,4e-05,4e-05,315.0,10.0,2.0236955856765423e-05,2.347419332111212e-06,0.09784617521514195,6.6893323953163934e-06,1.3718686040887822e-06,4.371824290600246e-08,0.001632063514579299,0.0,0.0,2.0097515167360103e-05,2.398451327132871e-06,0.09804948290429726,6.490083990622703e-06,1.3845272723394837e-06,1.9504454752563425e-08,0.0015705053007333285,0.0,0.0
4e-05,4e-05,4e-05,4e-05,316.0,10.0,2.0161770694392008e-05,2.3336842340720507e-06,0.09788652567109846,6.6336601192540146e-06,1.3631391073800141e-06,4.2634891289470955e-08,0.001632887521604063,0.0,0.0,2.0028468922762865e-05,2.368369796165812e-06,0.09810120831517612,6.4727872347427574e-06,1.3598233758639222e-06,1.736796785897325e-08,0.0015700920823329874,0.0,0.0
4e-05,4e-05,4e-05,4e-05,317.0,10.0,2.0079995873244684e-05,2.320381445365059e-06,0.09789062018384295,6.5731104745983495e-06,1.35368871132283e-06,4.375349541450119e-08,0.0016317353947007873,0.0,0.0,2.0143964918533536e-05,2.386596046779918e-06,0.09809548286624434,6.563880877139004e-06,1.3637639789034923e-06,2.0176030577886982e-08,0.0015674301573787542,0.0,0.0
4e-05,4e-05,4e-05,4e-05,318.0,10.0,2.010948706427785e-05,2.32664062607977e-06,0.09790370674980302,6.596570037538236e-06,1.3540950514855155e-06,4.181099830761257e-08,0.001630419170374918,0.0,0.0,2.0157000828828627e-05,2.4076659722290386e-06,0.09812903888910288,6.560166659309128e-06,1.3588944519979894e-06,1.737016806131575e-08,0.0015680605048558653,0.0,0.0
4e-05,4e-05,4e-05,4e-05,319.0,10.0,1.9956174657594133e-05,2.3117244487527662e-06,0.0979687145851712,6.457300071034986e-06,1.3472509149099199e-06,4.302803382243861e-08,0.0016317783566431032,0.0,0.0,2.0207033740510845e-05,2.376947044401582e-06,0.09823232559184301,6.614877615013476e-06,1.3706505369462643e-06,2.132635246100185e-08,0.0015681341111621332,0.0,0.0
4e-05,4e-05,4e-05,4e-05,320.0,10.0,2.0039622853476246e-05,2.327584277846223e-06,0.0979499120205574,6.522907636265119e-06,1.3512415136229203e-06,4.289849722664796e-08,0.0016308185345562211,0.0,0.0,2.02650813303568e-05,2.3673447405637054e-06,0.09825949685383834,6.677316387879863e-06,1.372305932834298e-06,2.2164833179922235e-08,0.00156868697115088,0.0,0.0
4e-05,4e-05,4e-05,4e-05,321.0,10.0,1.9931699759886482e-05,2.3097073985202227e-06,0.09800206961551532,6.429557545892394e-06,1.349201819850326e-06,4.302630863289077e-08,0.0016308936157439988,0.0,0.0,2.036246087457594e-05,2.398411695665213e-06,0.09830946024107685,6.749534390217056e-06,1.3639792080759235e-06,1.95898052351081e-08,0.001566164349415259,0.0,0.0
4e-05,4e-05,4e-05,4e-05,322.0,10.0,1.9920790022259365e-05,2.3130291175635583e-06,0.0980315496435892,6.419923992825211e-06,1.34314357869585e-06,4.153861299720969e-08,0.0016295462077970215,0.0,0.0,2.032908676823083e-05,2.40677010460597e-06,0.09824359543286393,6.716821968017332e-06,1.363186809931899e-06,1.79486121805245e-08,0.0015672151906460936,0.0,0.0
4e-05,4e-05,4e-05,4e-05,323.0,10.0,1.9984445581249117e-05,2.302599993335316e-06,0.09808118627168047,6.483086958419508e-06,1.3481880717019774e-06,4.245216313781704e-08,0.0016309244371100332,0.0,0.0,2.0325147240003934e-05,2.3692211359195998e-06,0.09832598882562973,6.732724447867006e-06,1.3717990794176979e-06,1.8803933604361594e-08,0.0015692069536803297,0.0,0.0
4e-05,4e-05,4e-05,4e-05,324.0,10.0,1.990623351909565e-05,2.3086954277110097e-06,0.09805608380475522,6.400714428758177e-06,1.3498499709925123e-06,4.136552530114998e-08,0.0016320063725646383,0.0,0.0,2.014287476482536e-05,2.370902285343039e-06,0.09837621128167248,6.557344671123514e-06,1.3586430609454547e-06,1.8363807096266115e-08,0.0015711702654544251,0.0,0.0
4e-05,4e-05,4e-05,4e-05,325.0,10.0,1.9834616010247532e-05,2.291794101523846e-06,0.09808856073524136,6.3415179381861616e-06,1.3509851280298237e-06,4.146297814609979e-08,0.0016324650816739543,0.0,0.0,2.033107706993052e-05,2.392055267878167e-06,0.09838484493197042,6.720291121673717e-06,1.3614874072310619e-06,1.8759126764078153e-08,0.0015743121905187887,0.0,0.0
4e-05,4e-05,4e-05,4e-05,326.0,10.0,1.9885742450019257e-05,2.3138993955298746e-06,0.09821542705375041,6.359691698830691e-06,1.350411598764794e-06,4.0197293844339915e-08,0.0016321291221931473,0.0,0.0,2.0349848587401283e-05,2.4192658277611354e-06,0.09844443232955405,6.701429055783749e-06,1.3665456950511913e-06,1.816512007479787e-08,0.001574842706419347,0.0,0.0
4e-05,4e-05,4e-05,4e-05,327.0,10.0,1.983173311157604e-05,2.2967248097789604e-06,0.09817968253742106,6.327321895231289e-06,1.3499445447346492e-06,3.9773848099517756e-08,0.0016320953369768534,0.0,0.0,2.0240599640091612e-05,2.4000394606606708e-06,0.09843450000954335,6.614587556618641e-06,1.3658360260863062e-06,1.6686746993788715e-08,0.0015735106581377322,0.0,0.0
4e-05,4e-05,4e-05,4e-05,328.0,10.0,1.9818234041820533e-05,2.292504776227359e-06,0.0981455822662797,6.3193556228348155e-06,1.3522367180510957e-06,3.957894885615103e-08,0.0016323858243895647,0.0,0.0,2.0446853328539117e-05,2.4149288830001082e-06,0.09839636365847604,6.80622824381496e-06,1.3689130340342445e-06,1.7147032579674576e-08,0.001572994251049101,0.0,0.0
4e-05,4e-05,4e-05,4e-05,329.0,10.0,1.9691520517356934e-05,2.292600619983306e-06,0.09816644018567917,6.1967827429186555e-06,1.3455842039293862e-06,3.990916022680704e-08,0.0016341475571492467,0.0,0.0,2.040987739029399e-05,2.3486388916000995e-06,0.09847405686922964,6.820025841171033e-06,1.3779157888695965e-06,1.589147729517426e-08,0.001574875043695438,0.0,0.0
4e-05,4e-05,4e-05,4e-05,330.0,10.0,1.971390040859956e-05,2.284058657241608e-06,0.09811186992041132,6.225594985875661e-06,1.351831962791207e-06,4.1228057313384256e-08,0.001634870078012676,0.0,0.0,2.0457562376889256e-05,2.4252720619301333e-06,0.09851242297660934,6.773409653253936e-06,1.390780800974816e-06,1.6857694190210195e-08,0.0015753402393214584,0.0,0.0
4e-05,4e-05,4e-05,4e-05,331.0,10.0,1.9733653581072027e-05,2.2894047189349876e-06,0.09817148385179676,6.237560608846397e-06,1.348128229322544e-06,4.1411938529974196e-08,0.0016346520224956385,0.0,0.0,2.0379780143006723e-05,2.3459055657729858e-06,0.0984577139562389,6.795630473636429e-06,1.3767435821780218e-06,1.5729272079363925e-08,0.0015732908096151574,0.0,0.0
4e-05,4e-05,4e-05,4e-05,332.0,10.0,1.9694210216467157e-05,2.2880125870544693e-06,0.09814140727816813,6.207315116033716e-06,1.342989330159568e-06,4.1752719835408456e-08,0.001634938975103844,0.0,0.0,2.0418438791213993e-05,2.4323253247313227e-06,0.09849422605495552,6.742847575891429e-06,1.3774915030266897e-06,1.635188669128786e-08,0.001575578153165618,0.0,0.0
4e-05,4e-05,4e-05,4e-05,333.0,10.0,1.967926383628063e-05,2.282958442377915e-06,0.09815566005430121,6.190937259679382e-06,1.3482108431577621e-06,4.159157724004727e-08,0.0016362785681019963,0.0,0.0,2.0389309284053898e-05,2.3402452625556923e-06,0.09854588113647844,6.789289285786338e-06,1.3870710509589866e-06,1.8115849978144786e-08,0.0015787625605575611,0.0,0.0
4e-05,4e-05,4e-05,4e-05,334.0,10.0,1.9634748465123682e-05,2.2771249248372294e-06,0.09813877536786768,6.154686511908743e-06,1.3471674422448199e-06,4.189228650397102e-08,0.0016373933708587899,0.0,0.0,2.04799673099584e-05,2.4274472144941584e-06,0.09840331123465072,6.808353899332769e-06,1.3854091051208284e-06,1.8426233137534335e-08,0.0015818016167736537,0.0,0.0
4e-05,4e-05,4e-05,4e-05,335.0,10.0,1.9615998750210706e-05,2.283260059918171e-06,0.09808450504980064,6.139559330459744e-06,1.344005054404785e-06,4.072407575329869e-08,0.0016374186317100732,0.0,0.0,2.0289993199027767e-05,2.3466628912325386e-06,0.09849496804512908,6.707771706614288e-06,1.3630149512062632e-06,2.3047089514808285e-08,0.001581651511502204,0.0,0.0
4e-05,4e-05,4e-05,4e-05,336.0,10.0,1.961455724545182e-05,2.2778447896111624e-06,0.09813151923452403,6.141118589441654e-06,1.3423867444814517e-06,4.005547090001423e-08,0.0016380860118168697,0.0,0.0,2.0438106513434537e-05,2.4512468470672084e-06,0.09838983790375369,6.743833923485572e-06,1.3844985269766078e-06,1.9543721526171556e-08,0.0015828318355740353,0.0,0.0
4e-05,4e-05,4e-05,4e-05,337.0,10.0,1.9658190106490246e-05,2.281713280478105e-06,0.09818839916085917,6.1698044736840945e-06,1.3469437829300405e-06,4.088892735218337e-08,0.0016397364206743126,0.0,0.0,2.0365844452923856e-05,2.3450984856032773e-06,0.09850540679837594,6.763324147311817e-06,1.3859791052325292e-06,2.0902409854491634e-08,0.0015849362201601988,0.0,0.0
4e-05,4e-05,4e-05,4e-05,338.0,10.0,1.9570008038664746e-05,2.2816802086849717e-06,0.09820676587304879,6.085564613407216e-06,1.3412471997512926e-06,4.083969892313743e-08,0.0016398260768930915,0.0,0.0,2.0482262754998133e-05,2.4282359100467007e-06,0.09842065481991091,6.79668705530672e-06,1.3939520315854906e-06,2.1322489665489713e-08,0.0015853796014078864,0.0,0.0
4e-05,4e-05,4e-05,4e-05,339.0,10.0,1.950350432227131e-05,2.2696528018359388e-06,0.09814957526388246,6.037147601884786e-06,1.3423632359175656e-06,3.938343964271753e-08,0.0016401583448940737,0.0,0.0,2.0493307158277025e-05,2.338144717273957e-06,0.09861478132153878,6.879522248012621e-06,1.3926788055825839e-06,2.14835257557578e-08,0.0015879114985040625,0.0,0.0
4e-05,4e-05,4e-05,4e-05,340.0,10.0,1.956054750057225e-05,2.269732215923003e-06,0.09823707140476402,6.082415504277961e-06,1.3452051766770804e-06,3.948769634288449e-08,0.001641991116678672,0.0,0.0,2.0441749461418564e-05,2.3933158928359144e-06,0.09857223244789975,6.775071620678825e-06,1.3976284200955283e-06,1.8510548554159068e-08,0.0015872520073171976,0.0,0.0
4e-05,4e-05,4e-05,4e-05,341.0,10.0,1.9494638397423487e-05,2.270018580602545e-06,0.09821062598583045,6.024628139976848e-06,1.3394452706797826e-06,3.948403123520605e-08,0.0016428207969197656,0.0,0.0,2.039952447992801e-05,2.4133283100080094e-06,0.0985177359624305,6.72944646452895e-06,1.3880729528745128e-06,1.6903407839147176e-08,0.001590886177450006,0.0,0.0
4e-05,4e-05,4e-05,4e-05,342.0,10.0,1.9592865092478807e-05,2.263285307699369e-06,0.0982505314186743,6.121281596349463e-06,1.3413715620336596e-06,4.1873802565275754e-08,0.0016439849764518409,0.0,0.0,2.0449302607212116e-05,2.3614547608240898e-06,0.09843751269950174,6.8249639855327354e-06,1.3999975161597979e-06,1.9135395616370688e-08,0.0015913817224295804,0.0,0.0
4e-05,4e-05,4e-05,4e-05,343.0,10.0,1.966657736801808e-05,2.2743952880976646e-06,0.09820059855287419,6.182321306628821e-06,1.3489332788216016e-06,4.086785125163503e-08,0.0016464670912606227,0.0,0.0,2.0463697491414083e-05,2.351958240031743e-06,0.09846564292082736,6.846502554483409e-06,1.4006085088833414e-06,1.8064090302014872e-08,0.001596955954706277,0.0,0.0
4e-05,4e-05,4e-05,4e-05,344.0,10.0,1.9555306109899864e-05,2.2537333207388303e-06,0.09818756248366134,6.0961810066996984e-06,1.345725643629366e-06,4.091015872688474e-08,0.0016476399363365608,0.0,0.0,2.053646080309298e-05,2.36126577199489e-06,0.09846645199200686,6.91869898798853e-06,1.3903421254859562e-06,1.9508970506731564e-08,0.0015949537259748907,0.0,0.0
4e-05,4e-05,4e-05,4e-05,345.0,10.0,1.957573494704511e-05,2.271264264600121e-06,0.0981457017363929,6.101698067719569e-06,1.348583364821195e-06,3.9619259580599335e-08,0.0016487703300485837,0.0,0.0,2.0532148378891316e-05,2.3815504612757274e-06,0.09848052979959336,6.896456779728793e-06,1.3876209445306482e-06,1.8467525203801922e-08,0.0016013561380595277,0.0,0.0
4e-05,4e-05,4e-05,4e-05,346.0,10.0,1.952535136758941e-05,2.2708996118371384e-06,0.09828870137601246,6.03463196015139e-06,1.3505428959841836e-06,4.0407061925608404e-08,0.001648121073261233,0.0,0.0,2.054122161762374e-05,2.390624671263524e-06,0.09867109425340144,6.875938435869763e-06,1.3878437965727354e-06,1.9705521477540123e-08,0.0015979997457607703,0.0,0.0
4e-05,4e-05,4e-05,4e-05,347.0,10.0,1.9606753829356723e-05,2.2754960985144375e-06,0.09821465955600145,6.1150607785197495e-06,1.353298154059138e-06,4.1433046184523764e-08,0.0016490810393445068,0.0,0.0,2.0524472070521124e-05,2.3867551253495353e-06,0.09845628924538932,6.8804602549012384e-06,1.3935472727354476e-06,1.8080676274902188e-08,0.00160277656289172,0.0,0.0
4e-05,4e-05,4e-05,4e-05,348.0,10.0,1.9543750203716185e-05,2.260744058338199e-06,0.09821213147283511,6.064305497588148e-06,1.355328943250516e-06,4.215878506271733e-08,0.0016495466893616567,0.0,0.0,2.044626692160227e-05,2.38190119736488e-06,0.09847072731046115,6.808982411901172e-06,1.3883982180964205e-06,1.9912535005735844e-08,0.0015995682251017708,0.0,0.0
4e-05,4e-05,4e-05,4e-05,349.0,10.0,1.9581793281868933e-05,2.2580026404964423e-06,0.09822924077029437,6.103933779434312e-06,1.3562562497526026e-06,4.067681245502913e-08,0.0016477997199049878,0.0,0.0,2.0419577695726406e-05,2.346748318826795e-06,0.09859160911356289,6.8126771997063696e-06,1.3813364648996086e-06,1.965507355488422e-08,0.001600436333753813,0.0,0.0
4e-05,4e-05,4e-05,4e-05,350.0,10.0,1.9528084026314962e-05,2.2595589558119423e-06,0.0982312893243448,6.051024101991898e-06,1.3540554338320636e-06,4.0316901431367544e-08,0.0016484873287375917,0.0,0.0,2.0342164675781267e-05,2.394502727168379e-06,0.09847428765676426,6.704677164856498e-06,1.377607291595734e-06,1.794903377331209e-08,0.001601622825420774,0.0,0.0
4e-05,4e-05,4e-05,4e-05,351.0,10.0,1.9507163099299374e-05,2.2544038150419615e-06,0.09828078780606128,6.040638252229586e-06,1.3444360086645327e-06,3.960649142800762e-08,0.0016475883005990166,0.0,0.0,2.0319731954344594e-05,2.2926910232980305e-06,0.09863570683142718,6.781632528995265e-06,1.360497481623985e-06,2.1340526291892064e-08,0.001600620325954444,0.0,0.0
4e-05,4e-05,4e-05,4e-05,352.0,10.0,1.9417242716542476e-05,2.2594596500260027e-06,0.09825959332110813,5.950920828591876e-06,1.342145257401651e-06,3.875798133809495e-08,0.0016483742557471062,0.0,0.0,2.032544236946114e-05,2.3979863050881625e-06,0.09855313093810758,6.685989915295571e-06,1.3653562207205488e-06,2.0797231692271986e-08,0.0015997411421368021,0.0,0.0
4e-05,4e-05,4e-05,4e-05,353.0,10.0,1.9451551901624913e-05,2.258390575694875e-06,0.09820737895031506,5.996039913541792e-06,1.335849960515771e-06,4.0533800766814275e-08,0.0016487161958579231,0.0,0.0,2.0385545901977335e-05,2.3334121014061325e-06,0.09846408232066871,6.808409324616509e-06,1.375826126643948e-06,2.1490327585906518e-08,0.0016010886027596916,0.0,0.0
4e-05,4e-05,4e-05,4e-05,354.0,10.0,1.9411773819778546e-05,2.251951125863356e-06,0.09821742931643251,5.953064564525681e-06,1.3440970330853959e-06,4.0918414354820364e-08,0.0016502634810604728,0.0,0.0,2.0259627377010952e-05,2.3508321608894682e-06,0.09849377523037801,6.667655780396338e-06,1.3713673115843697e-06,2.039487080103095e-08,0.0016048505872481578,0.0,0.0
4e-05,4e-05,4e-05,4e-05,355.0,10.0,1.9534567351275426e-05,2.2768821550754943e-06,0.09820894085250982,6.056195598410407e-06,1.3393828623745109e-06,4.121290316822781e-08,0.0016494399648913334,0.0,0.0,2.032867945622126e-05,2.3474900160832716e-06,0.09856911276863521,6.726534570313772e-06,1.377387695142448e-06,2.0356143179383112e-08,0.0016030315225170507,0.0,0.0
4e-05,4e-05,4e-05,4e-05,356.0,10.0,1.9447345356876423e-05,2.2482167753064725e-06,0.09828558128111489,5.988872833358527e-06,1.3405512575772483e-06,4.1146566623574e-08,0.001649483202348758,0.0,0.0,2.0246819158242396e-05,2.3355734459366247e-06,0.09854160238921024,6.659271608601985e-06,1.3738126058828283e-06,2.4001417041461672e-08,0.001602581456854656,0.0,0.0
4e-05,4e-05,4e-05,4e-05,357.0,10.0,1.941851879069834e-05,2.2632121217384713e-06,0.09825827530512904,5.950909736765847e-06,1.3374524736774163e-06,4.111715885026185e-08,0.0016498342406969977,0.0,0.0,2.0362509046324728e-05,2.336089744678946e-06,0.09863175632219413,6.753421367391632e-06,1.3863002701311265e-06,2.3522320220806775e-08,0.0016026508814742254,0.0,0.0
4e-05,4e-05,4e-05,4e-05,358.0,10.0,1.9489704478606136e-05,2.264981578774722e-06,0.09829868888040953,6.0105876231463785e-06,1.3438232320059726e-06,4.0443398011299335e-08,0.001648811775651538,0.0,0.0,2.0288748519337424e-05,2.3008401253294207e-06,0.09869451276880647,6.72204729083844e-06,1.374494733965413e-06,2.191538511141584e-08,0.0016037278710364987,0.0,0.0
4e-05,4e-05,4e-05,4e-05,359.0,10.0,1.938397099995973e-05,2.2477854743020235e-06,0.0983395889014628,5.931179687952347e-06,1.3308694180778549e-06,4.0177785468885284e-08,0.0016491541773356944,0.0,0.0,2.0334566958453247e-05,2.3301188155836918e-06,0.09861992521269511,6.731217568957772e-06,1.3875098806774168e-06,2.3728497730320303e-08,0.0016018306453000097,0.0,0.0
4e-05,4e-05,4e-05,4e-05,360.0,10.0,1.933667271740565e-05,2.2462516764549e-06,0.09825690119596436,5.883963693160378e-06,1.3399560993414404e-06,4.081137732651259e-08,0.0016512802702733163,0.0,0.0,2.0470220286709903e-05,2.3722219786772742e-06,0.09854579536456963,6.833375104254669e-06,1.3886393229241803e-06,2.1404637103130876e-08,0.0016024068354832002,0.0,0.0
4e-05,4e-05,4e-05,4e-05,361.0,10.0,1.941530130607137e-05,2.249706956125494e-06,0.09828866894371824,5.951759471172657e-06,1.343468395925313e-06,4.149980804450138e-08,0.0016524136165654408,0.0,0.0,2.035878190241942e-05,2.3265489568282985e-06,0.09879494491951689,6.7358880834888365e-06,1.3916875748633948e-06,2.5163015360724323e-08,0.0016067185351354388,0.0,0.0
4e-05,4e-05,4e-05,4e-05,362.0,10.0,1.9446171634715544e-05,2.2492265324820834e-06,0.0983043066032869,5.9877950975404316e-06,1.3383334803173778e-06,4.0386050098459306e-08,0.0016525410106058706,0.0,0.0,2.015662235944515e-05,2.3008256217999398e-06,0.09868131737808043,6.590297583863446e-06,1.3732928569269206e-06,2.4074795515078104e-08,0.0016051345862525556,0.0,0.0
4e-05,4e-05,4e-05,4e-05,363.0,10.0,1.950757219832479e-05,2.2633733592468803e-06,0.09838122148277571,6.022947068771202e-06,1.3412113466711377e-06,4.1918549913115346e-08,0.0016517937383626682,0.0,0.0,2.0282592908137883e-05,2.301897247700606e-06,0.09882651779890886,6.693082387664303e-06,1.3764894100267986e-06,2.847237887213366e-08,0.0016009109284064915,0.0,0.0
4e-05,4e-05,4e-05,4e-05,364.0,10.0,1.940663967327415e-05,2.2423901822679784e-06,0.09830775509126369,5.952306933328809e-06,1.341556401230218e-06,3.9610944355438317e-08,0.001652019056892676,0.0,0.0,2.0246995449156595e-05,2.2869426796561134e-06,0.09875203640712586,6.68269380126718e-06,1.3749123978204712e-06,2.7242978063373454e-08,0.0016085941257490213,0.0,0.0
4e-05,4e-05,4e-05,4e-05,365.0,10.0,1.945625529555844e-05,2.258912881003033e-06,0.09835159659131297,5.976115346312493e-06,1.344138653052538e-06,4.192900184340659e-08,0.0016530573739182708,0.0,0.0,2.0446473512222312e-05,2.3459191503666434e-06,0.09862114342129354,6.8273348615926105e-06,1.3833555338931131e-06,2.7749824884710922e-08,0.0016047492120608326,0.0,0.0
4e-05,4e-05,4e-05,4e-05,366.0,10.0,1.9434215819527736e-05,2.265765208853322e-06,0.09829677907810236,5.952766205993775e-06,1.3438958772926176e-06,4.2110840214604063e-08,0.0016528499794674185,0.0,0.0,2.036333622388839e-05,2.3239152218511694e-06,0.09864671492246609,6.772604840920281e-06,1.3798668325422384e-06,2.2278080648994737e-08,0.001609970254752669,0.0,0.0
4e-05,4e-05,4e-05,4e-05,367.0,10.0,1.9364197530826053e-05,2.239650958799301e-06,0.09832005538017179,5.9184457906748644e-06,1.3316172611346453e-06,4.247820869990575e-08,0.001655113089852123,0.0,0.0,2.0557394718172657e-05,2.366398591101199e-06,0.0986499184143172,6.916081045647343e-06,1.3843420589016635e-06,2.5581467045407358e-08,0.0016096956322169428,0.0,0.0
4e-05,4e-05,4e-05,4e-05,368.0,10.0,1.9306445576260666e-05,2.2451448874143564e-06,0.09831401300418706,5.855507567704605e-06,1.3319467001965353e-06,4.244538169000199e-08,0.0016541260340325768,0.0,0.0,2.0599557117616014e-05,2.303748891189662e-06,0.09867626949371351,6.997245175194577e-06,1.4040075139991553e-06,2.692874176779624e-08,0.0016099385889794897,0.0,0.0
4e-05,4e-05,4e-05,4e-05,369.0,10.0,1.9388059969038112e-05,2.260343870449549e-06,0.09836621804972953,5.922326999506332e-06,1.3270157356984566e-06,4.175181425683914e-08,0.0016540658966715906,0.0,0.0,2.0598137745708044e-05,2.351200920079511e-06,0.09877882209513014,6.946989071073586e-06,1.3951112659057144e-06,2.6954498499414974e-08,0.0016131952242236134,0.0,0.0
4e-05,4e-05,4e-05,4e-05,370.0,10.0,1.9363938876930114e-05,2.2356374676841315e-06,0.09842919394648,5.9076457463485495e-06,1.33497993075978e-06,4.275658461509566e-08,0.0016547330032758067,0.0,0.0,2.0492121129980307e-05,2.285015642911405e-06,0.09882910178400653,6.896671636837445e-06,1.3952530784343702e-06,3.2270866627918165e-08,0.0016104789091448161,0.0,0.0
4e-05,4e-05,4e-05,4e-05,371.0,10.0,1.937970053542931e-05,2.2519853037608477e-06,0.09830966274258074,5.916339099336567e-06,1.3375903913294682e-06,4.281972350593209e-08,0.0016549965786584846,0.0,0.0,2.042554798400554e-05,2.273842275486729e-06,0.09874511860749301,6.849064416169674e-06,1.4000906003314643e-06,2.8038949309228046e-08,0.0016141006985685713,0.0,0.0
4e-05,4e-05,4e-05,4e-05,372.0,10.0,1.9282099614001363e-05,2.2344500962976696e-06,0.09844076079283608,5.825350745208325e-06,1.3369210007753348e-06,4.1301949505510105e-08,0.0016536621407512804,0.0,0.0,2.041816851393554e-05,2.322366506185654e-06,0.09880882568631617,6.789805777284889e-06,1.3971411956064006e-06,2.79727177276863e-08,0.0016117227923569744,0.0,0.0
4e-05,4e-05,4e-05,4e-05,373.0,10.0,1.9310472689184655e-05,2.238781528246892e-06,0.09837796501896827,5.858081429382412e-06,1.3338292423964078e-06,4.1984281601475834e-08,0.0016551097112198045,0.0,0.0,2.0508773109386596e-05,2.338598133426716e-06,0.09871308791699294,6.8618773690705806e-06,1.4068249244947547e-06,3.0164211108915006e-08,0.001614014856166055,0.0,0.0
4e-05,4e-05,4e-05,4e-05,374.0,10.0,1.9337289895336467e-05,2.225175610441609e-06,0.09842869822053725,5.8921182260467195e-06,1.333186592006958e-06,4.393996059447752e-08,0.001656446990816807,0.0,0.0,2.0508056402385272e-05,2.3062433232062366e-06,0.09877490058902226,6.880721946069782e-06,1.4138662202565127e-06,2.9735190715693887e-08,0.0016129745962420497,0.0,0.0
4e-05,4e-05,4e-05,4e-05,375.0,10.0,1.9468253041299317e-05,2.266488956342461e-06,0.09831013056361267,5.991180150786815e-06,1.3356939917117848e-06,4.387711329275304e-08,0.001655888139512479,0.0,0.0,2.0505700946430423e-05,2.2942569225913844e-06,0.09870092315554206,6.890822880967975e-06,1.4232204845170458e-06,2.7308626133206426e-08,0.0016194387245601024,0.0,0.0
4e-05,4e-05,4e-05,4e-05,376.0,10.0,1.9364100254175587e-05,2.244460917967364e-06,0.09834809494683172,5.9063315865462224e-06,1.3355306475536604e-06,4.296781028224768e-08,0.0016576102427746417,0.0,0.0,2.0662506594376803e-05,2.4106742404287505e-06,0.09888545006101107,6.932023095400695e-06,1.4007212865459825e-06,3.054317429500629e-08,0.0016152341253926597,0.0,0.0
4e-05,4e-05,4e-05,4e-05,377.0,10.0,1.9352654261118177e-05,2.2460167695071427e-06,0.09836901530934573,5.899252555797706e-06,1.327598374109459e-06,4.288530472682556e-08,0.0016563491317343954,0.0,0.0,2.046985544401175e-05,2.3481519519918947e-06,0.09874076151311603,6.818647131583168e-06,1.4015994800700349e-06,2.7381062258739404e-08,0.001615360916582513,0.0,0.0
4e-05,4e-05,4e-05,4e-05,378.0,10.0,1.9450481799509006e-05,2.2568996547214444e-06,0.09845026876167715,5.974454098681447e-06,1.3301003143617378e-06,4.4001122884822036e-08,0.0016555628025579426,0.0,0.0,2.0517053391473653e-05,2.3931488609082173e-06,0.09865180954698048,6.818781718703548e-06,1.4167288533305814e-06,2.3213236690794812e-08,0.0016138730993636185,0.0,0.0
4e-05,4e-05,4e-05,4e-05,379.0,10.0,1.9371298578515e-05,2.2365071052871704e-06,0.09841036743117075,5.9217319496816e-06,1.3272664322550679e-06,4.4756612675822817e-08,0.0016572231027901661,0.0,0.0,2.0295198105030313e-05,2.247471494310926e-06,0.09890882802360199,6.731570139574841e-06,1.3991576506631563e-06,2.6116429870695076e-08,0.0016147247660634426,0.0,0.0
4e-05,4e-05,4e-05,4e-05,380.0,10.0,1.9323633356256426e-05,2.2273037923233477e-06,0.09852247927764038,5.878075832666379e-06,1.3211094499340472e-06,4.489657954456367e-08,0.0016563881527440177,0.0,0.0,2.062238386425731e-05,2.3614095260508385e-06,0.09897169831714828,6.935142142376025e-06,1.4039287599501216e-06,2.473377111580862e-08,0.0016132615563849626,0.0,0.0
4e-05,4e-05,4e-05,4e-05,381.0,10.0,1.9409625081955536e-05,2.2551310778714713e-06,0.09838102880815727,5.9409714306237714e-06,1.3287981890240866e-06,4.662177779756136e-08,0.0016576973520383749,0.0,0.0,2.073935860400185e-05,2.3750453397593023e-06,0.09875264390014035,7.042727248984957e-06,1.4196035784160103e-06,2.671828834609399e-08,0.0016190304294402573,0.0,0.0
4e-05,4e-05,4e-05,4e-05,382.0,10.0,1.9324072809080976e-05,2.223240170192362e-06,0.09841467974776565,5.882030613995834e-06,1.3301890485354342e-06,4.714530640462171e-08,0.0016586063963284785,0.0,0.0,2.071036148654111e-05,2.3222202344973133e-06,0.09891187979688282,7.05041826190184e-06,1.4192240206728355e-06,2.7311126186427388e-08,0.0016183195362563622,0.0,0.0
4e-05,4e-05,4e-05,4e-05,383.0,10.0,1.9385908275314326e-05,2.2435455809886394e-06,0.09840497026206228,5.923760339203507e-06,1.3316868656023978e-06,4.641870775685859e-08,0.0016570868590595443,0.0,0.0,2.071422099182241e-05,2.394518274728543e-06,0.0986513389229362,7.012064252918069e-06,1.4224717908240748e-06,2.0032847777399694e-08,0.0016194218701189931,0.0,0.0
4e-05,4e-05,4e-05,4e-05,384.0,10.0,1.940995777959355e-05,2.248965560788485e-06,0.09840741945412372,5.929007232121075e-06,1.3410436408427544e-06,5.0199686113766734e-08,0.0016585581285568534,0.0,0.0,2.0601020554384937e-05,2.33612806776452e-06,0.09879292377551122,6.9415089235329055e-06,1.41738026162659e-06,2.6711199348500513e-08,0.0016214568756043807,0.0,0.0
4e-05,4e-05,4e-05,4e-05,385.0,10.0,1.9400973067627987e-05,2.240868618243621e-06,0.098438817295977,5.936346774226846e-06,1.3305787868721849e-06,4.929741670632368e-08,0.0016586468554907424,0.0,0.0,2.0899152675303987e-05,2.356203365559277e-06,0.09885272780710438,7.192984413720822e-06,1.4358478068743352e-06,2.8844583204847924e-08,0.0016215207429029126,0.0,0.0
4e-05,4e-05,4e-05,4e-05,386.0,10.0,1.9413252595616063e-05,2.244920112140783e-06,0.09844125224255894,5.9368982299444825e-06,1.337642945342652e-06,4.9666346291307754e-08,0.0016596914388247233,0.0,0.0,2.1263462919381345e-05,2.485194859517578e-06,0.09873903733533146,7.43290679982672e-06,1.4436285956119823e-06,2.7829214765001607e-08,0.0016220023615485554,0.0,0.0
4e-05,4e-05,4e-05,4e-05,387.0,10.0,1.945987158308518e-05,2.258785049595418e-06,0.09840819710145483,5.970283010223138e-06,1.341229954746856e-06,4.875410369596845e-08,0.0016604350211981234,0.0,0.0,2.070101033581e-05,2.266671147364807e-06,0.09884237634681912,7.080452034562554e-06,1.443567165430779e-06,2.60825379103304e-08,0.0016190547715215122,0.0,0.0
4e-05,4e-05,4e-05,4e-05,388.0,10.0,1.948663568993864e-05,2.2495294002366874e-06,0.0985133186937045,6.004181348240235e-06,1.3304180316676175e-06,5.117532513881623e-08,0.0016600633331031796,0.0,0.0,2.0996554796391604e-05,2.322676563236046e-06,0.09887019297346525,7.32508351476889e-06,1.4324789978087182e-06,2.929674687851758e-08,0.001623579885433573,0.0,0.0
4e-05,4e-05,4e-05,4e-05,389.0,10.0,1.947723572344153e-05,2.2326271637441112e-06,0.09841379343035259,6.012776948960775e-06,1.339690942922129e-06,5.0761485322213e-08,0.0016648044066522713,0.0,0.0,2.1026159371343035e-05,2.341266467753759e-06,0.0989110554378338,7.299290685808968e-06,1.4636778087928396e-06,3.081914985574938e-08,0.0016251434499533221,0.0,0.0
4e-05,4e-05,4e-05,4e-05,390.0,10.0,1.9373881437535156e-05,2.2347450791280008e-06,0.09835072075836676,5.924955179521324e-06,1.326506937581804e-06,5.260242528463628e-08,0.0016669111735836033,0.0,0.0,2.0923921561337305e-05,2.3640765390142552e-06,0.09874043080014754,7.204748495397329e-06,1.452794225970476e-06,2.825959137286351e-08,0.0016274930076241802,0.0,0.0
4e-05,4e-05,4e-05,4e-05,391.0,10.0,1.9321966203849994e-05,2.2175011994668525e-06,0.09844410668373597,5.885920387520312e-06,1.3234488967640267e-06,5.068528644515455e-08,0.0016663029670380448,0.0,0.0,2.0777974515399256e-05,2.261879893084901e-06,0.09888403063517541,7.150135187442152e-06,1.4494606780429667e-06,2.8095866468410662e-08,0.0016242137531650004,0.0,0.0
4e-05,4e-05,4e-05,4e-05,392.0,10.0,1.943267094707605e-05,2.225592233600416e-06,0.09856229266227508,5.988892119996895e-06,1.3127190844370935e-06,4.923849006467957e-08,0.0016638615114368286,0.0,0.0,2.0712911341481143e-05,2.267458222584877e-06,0.09880159898406495,7.098148036193914e-06,1.4382911166687296e-06,2.8854163601301014e-08,0.0016247917487927322,0.0,0.0
4e-05,4e-05,4e-05,4e-05,393.0,10.0,1.9361747568632963e-05,2.2291128416752664e-06,0.09839959553666815,5.935610183702614e-06,1.3080301729571512e-06,4.903510754639396e-08,0.0016656786478899508,0.0,0.0,2.0860437890188445e-05,2.286815557315777e-06,0.0989198287156214,7.19788852952708e-06,1.4514444174994052e-06,3.2306680735460904e-08,0.001624418657827336,0.0,0.0
4e-05,4e-05,4e-05,4e-05,394.0,10.0,1.9216630729381233e-05,2.221224546270383e-06,0.09835080907776368,5.810258510824846e-06,1.299934447548712e-06,5.0132570125938055e-08,0.0016680010348773364,0.0,0.0,2.0838390155656103e-05,2.303019387534946e-06,0.09871578030932733,7.194355830042349e-06,1.4436981026480183e-06,2.5738998783157934e-08,0.0016279389137550415,0.0,0.0
4e-05,4e-05,4e-05,4e-05,395.0,10.0,1.9267909940482006e-05,2.230447962700573e-06,0.09841473099156332,5.838597122617605e-06,1.3080617847414813e-06,4.933021708023141e-08,0.0016700529724907726,0.0,0.0,2.1879971685609255e-05,2.654582942992659e-06,0.09885658509384802,7.843101019548047e-06,1.469120486440127e-06,2.7508986301493765e-08,0.001628774504667103,0.0,0.0
4e-05,4e-05,4e-05,4e-05,396.0,10.0,1.93342080456755e-05,2.2397089312558097e-06,0.09840459766420398,5.89361896239428e-06,1.3106163899914123e-06,4.980426360479577e-08,0.0016688387416845937,0.0,0.0,2.0908794675517228e-05,2.2669390305322045e-06,0.09883320176890152,7.283626676689577e-06,1.450773361147819e-06,2.413582479897297e-08,0.0016269235457632058,0.0,0.0
4e-05,4e-05,4e-05,4e-05,397.0,10.0,1.936661289168493e-05,2.2289032685069966e-06,0.09838862792138442,5.939426040557794e-06,1.3081239524330031e-06,5.129712897138831e-08,0.0016701026302149893,0.0,0.0,2.0979136279744868e-05,2.2765378675116007e-06,0.09871943184145594,7.342349228241436e-06,1.4589689051621097e-06,2.9337492638225007e-08,0.001629953477273866,0.0,0.0
4e-05,4e-05,4e-05,4e-05,398.0,10.0,1.925604707343678e-05,2.238726911494424e-06,0.09836778320416983,5.824126348953651e-06,1.30507287743296e-06,5.1342852868005606e-08,0.001671338772019286,0.0,0.0,2.140548657826317e-05,2.473276953452243e-06,0.09872187472957228,7.575759800059235e-06,1.4497749187394834e-06,3.4487602420921684e-08,0.0016314551189129329,0.0,0.0
4e-05,4e-05,4e-05,4e-05,399.0,10.0,1.937522337796505e-05,2.2466453084936773e-06,0.09840957400561867,5.931643962850457e-06,1.3057783477208036e-06,5.0198640587010346e-08,0.0016709064635565915,0.0,0.0,2.0996223132941344e-05,2.3831673835365546e-06,0.09877540330985839,7.266712536615644e-06,1.4351731600199981e-06,3.3630001998871836e-08,0.0016286326640778605,0.0,0.0
4e-05,4e-05,4e-05,4e-05,400.0,10.0,1.9388792980544325e-05,2.223835285439001e-06,0.09828114582999548,5.972479397230483e-06,1.3161480691752505e-06,4.821589921630289e-08,0.0016730132726503891,0.0,0.0,2.127614789060317e-05,2.308605732547051e-06,0.09879876397369643,7.591457977187302e-06,1.460829588524975e-06,3.5378343152384034e-08,0.001631689133448043,0.0,0.0
