lr_enc,lr_dec,lr_dyn,lr_dyn_scale,epoch,n_steps,t_total,t_static_recon,t_kl,t_dyn_recon,t_dyn,t_steady,t_z_std,t_dyn_attn,t_attn_pos,v_total,v_static_recon,v_kl,v_dyn_recon,v_dyn,v_steady,v_z_std,v_dyn_attn,v_attn_pos
0.0001,0.001,0.0001,0.0001,1.0,1.0,0.0007399892603209427,0.0003545749687423621,0.07566437070047824,0.000350675472052922,1.0495990210853887e-05,9.952578213048766e-06,0.003183737971607188,0.0006723816181327533,0.0,0.00017362219568659118,7.468743771152626e-05,0.10183413176054365,7.317200191995143e-05,2.4891791015177105e-06,5.672556699327875e-06,0.002990424404018973,0.000741760800585558,0.0
0.00028000000000000003,0.001,0.00028000000000000003,0.00028000000000000003,2.0,1.0,0.00021894616712202615,9.77392124358846e-05,0.09367816744005013,9.48655535297162e-05,3.315514245587683e-06,6.3936791151482655e-06,0.0039625315036953615,0.000726439178235224,0.0,0.00014477520362828604,5.881857973301675e-05,0.10716338668182789,5.745415112153404e-05,3.2392390964402625e-06,7.357964204542694e-06,0.00394797640914611,0.0007188931774519474,0.0
0.00046000000000000007,0.001,0.00046000000000000007,0.00046000000000000007,3.0,1.0,0.00016570484975113846,7.085048384202321e-05,0.1006326111842746,6.860703400868445e-05,3.1802689703714495e-06,5.708591342319406e-06,0.0046285515578303625,0.0007295211112977951,0.0,0.00010976560624934534,4.4750278733145285e-05,0.11205667525195004,4.4054968247665844e-05,1.9523641830419907e-06,7.871098757042612e-07,0.004658001376832727,0.0007015218537271847,0.0
0.00064,0.001,0.00064,0.00064,4.0,1.0,0.0001414824632380066,5.93719180347935e-05,0.10221490359976748,5.7134225263167554e-05,2.48260464207926e-06,5.083538089193208e-06,0.005065455338632019,0.0007188687082109183,0.0,0.00010803059046488744,4.3911415084912954e-05,0.10862188081135499,4.346108831848197e-05,1.4021018024975824e-06,1.6780271475134815e-06,0.0050548692567913105,0.0006715770394886645,0.0
0.0008200000000000001,0.001,0.0008200000000000001,0.0008200000000000001,5.0,1.0,0.00013268655469701567,5.519777797665539e-05,0.09878113755324308,5.316498268700485e-05,2.9401208706845307e-06,4.544225672895238e-06,0.005499096862765096,0.0006961333973626993,0.0,8.726058316126453e-05,3.449706699819e-05,0.10361955533176016,3.389786395766308e-05,1.5237451871825928e-06,6.615124767562152e-07,0.005253398454488097,0.0006318439917617567,0.0
0.001,0.001,0.001,0.001,6.0,1.0,0.00011700672041474096,4.7433056866329806e-05,0.09668730304189724,4.573312325618108e-05,3.4073827722926062e-06,3.971829672215543e-06,0.00580492206995544,0.000679259781816847,0.0,9.669456441028249e-05,3.857580383219487e-05,0.10298447541461077,3.8360813207746874e-05,1.8293949652231206e-06,1.2970095292736806e-06,0.005559577605813458,0.0006333095976262206,0.0
0.001,0.001,0.001,0.001,7.0,1.0,0.00010946420957111579,4.399843985328009e-05,0.09480197638122702,4.245589987223223e-05,3.4077044350616345e-06,3.5140483191817934e-06,0.005927820515062359,0.00066079197212244,0.0,8.608008103602941e-05,3.3648473985971925e-05,0.10158518090676726,3.332303741266335e-05,1.844130324309498e-06,9.921851672963193e-07,0.0055934220275543015,0.0006113736433952616,0.0
0.001,0.001,0.001,0.001,8.0,1.0,0.00010486836063137407,4.172304930852789e-05,0.09341550991995717,4.0240361133514824e-05,3.4521903492621497e-06,3.6316827439605083e-06,0.006022215845477255,0.000647952649869783,0.0,7.023835175790621e-05,2.6959082775016968e-05,0.09495171106057426,2.600681565208127e-05,1.813539075919009e-06,2.2343765126249074e-07,0.00534577602029568,0.0005740306185759272,0.0
0.001,0.001,0.001,0.001,9.0,1.0,9.610902505285872e-05,3.78431944602305e-05,0.09218491007651158,3.6483316984130035e-05,3.3319921458417697e-06,2.9041717559927715e-06,0.006030770494609388,0.0006327859113186595,0.0,7.355649404534821e-05,2.828172712464871e-05,0.09594993343514004,2.7825993170889092e-05,1.766237121757494e-06,3.4830590356216665e-07,0.005485274991569533,0.0005739237280045744,0.0
0.001,0.001,0.001,0.001,10.0,1.0,9.483467319188888e-05,3.714642562642125e-05,0.09223274310582306,3.582783990885967e-05,3.243009157967956e-06,3.1546263775305807e-06,0.006048654682236138,0.0006239498333781908,0.0,7.056295499195527e-05,2.675443815039036e-05,0.09611100396310449,2.629028069724344e-05,1.818769444546604e-06,3.6332474311207813e-07,0.005510936084693634,0.000572504209803881,0.0
0.001,0.001,0.001,0.001,11.0,1.0,8.50906263199833e-05,3.2628129043272893e-05,0.0914667185596907,3.1405245192131953e-05,3.1133794480954218e-06,2.591972594187317e-06,0.006025256026704373,0.000620522822225652,0.0,6.324384525161102e-05,2.3631797753174427e-05,0.09313147943289814,2.292791395401361e-05,1.5980102035206316e-06,1.5829126263043764e-07,0.005333854869175493,0.0005614684774744016,0.0
0.001,0.001,0.001,0.001,12.0,1.0,7.992417139719487e-05,3.019236643737179e-05,0.09134804064198189,2.8877268619830848e-05,3.009298105975637e-06,2.516878301085127e-06,0.006002749699604852,0.0006193556246827247,0.0,6.0281808931395e-05,2.2086729737517465e-05,0.09356332592852896,2.144255971935193e-05,1.540960623553007e-06,2.9076263668392566e-07,0.00528519103253645,0.0005564464321518969,0.0
0.001,0.001,0.001,0.001,13.0,1.0,7.19357750867518e-05,2.6585954949713585e-05,0.08993025199703837,2.5347392040008357e-05,2.792335928963191e-06,2.081620028807339e-06,0.005925462720559709,0.0006135447459363856,0.0,5.754698932843199e-05,2.07377101012764e-05,0.09220169885156478,1.9945740936874985e-05,1.5845656113813403e-06,6.034105076560631e-07,0.005179339854003235,0.000545539271338805,0.0
0.001,0.001,0.001,0.001,14.0,1.0,7.262611457420081e-05,2.677619059272141e-05,0.09011293443558376,2.557731563622479e-05,2.916398915813136e-06,2.312728332316224e-06,0.005840254740906813,0.0006032187928512328,0.0,5.7559719179111374e-05,2.0801633992202198e-05,0.09290943435790112,2.012923313586513e-05,1.6039539482852234e-06,2.0743697160062906e-07,0.005267288946355842,0.0005526517859664919,0.0
0.001,0.001,0.001,0.001,15.0,1.0,6.796006727558413e-05,2.4704684076959496e-05,0.08923629179614209,2.3543205569378785e-05,2.7684182162987655e-06,2.056097936809416e-06,0.005854705221771289,0.0005964032822587911,0.0,5.7199883632733775e-05,2.06223729009148e-05,0.09233639113019022,2.0148247134290812e-05,1.5868304346013081e-06,2.1511208016469253e-07,0.0052159081535959615,0.0005393682182855041,0.0
0.001,0.001,0.001,0.001,16.0,1.0,6.518299108601221e-05,2.357861494092547e-05,0.08826666015341018,2.2448025453344455e-05,2.6648451901038785e-06,1.7646423363775464e-06,0.005855420062927787,0.0005900197451857862,0.0,5.9453785258877374e-05,2.1892009443612914e-05,0.0904353916542017,2.1386105378708572e-05,1.4372737641633923e-06,2.635736153094443e-07,0.005304833972309825,0.0005431284521973644,0.0
0.001,0.001,0.001,0.001,17.0,1.0,6.19025811789247e-05,2.202447845683386e-05,0.08705520144300012,2.093919373218561e-05,2.769261123256831e-06,1.6612126984752223e-06,0.005803644730793541,0.000580291533688693,0.0,5.1956159778984946e-05,1.8473805398048388e-05,0.08780798542674699,1.7531790964079212e-05,1.4690399408794528e-06,5.108903157603247e-07,0.0050824875400024136,0.0005189834907469835,0.0
0.001,0.001,0.001,0.001,18.0,1.0,6.376969189078469e-05,2.2766745809333903e-05,0.0861620807927205,2.1634474938964052e-05,2.5885763562685555e-06,2.434373117533595e-06,0.0058238218135177626,0.0005729313944402452,0.0,4.86993762017924e-05,1.7130177718047503e-05,0.08611175428203395,1.6386252165559818e-05,1.3438647315754505e-06,6.728977734719915e-08,0.005203015253900863,0.0005160616449174586,0.0
0.001,0.001,0.001,0.001,19.0,1.0,6.070733346152788e-05,2.166685400476257e-05,0.08430374245380731,2.0584086428516916e-05,2.6023157124449836e-06,1.7609685451386954e-06,0.005875617544235195,0.0005662735109820595,0.0,5.0939678949959555e-05,1.8183355056258142e-05,0.08410142816751294,1.7704024187783414e-05,1.4087669326712794e-06,1.240105630783885e-07,0.005241823024474657,0.0005109379932931532,0.0
0.001,0.001,0.001,0.001,20.0,1.0,5.783386344056344e-05,2.048636285666395e-05,0.08211433300467469,1.9425630003226912e-05,2.5798656193343933e-06,1.5551663499663553e-06,0.005813995730786439,0.0005575405438571831,0.0,4.725567456684981e-05,1.64143967471595e-05,0.08268045214815395,1.5883661409506035e-05,1.4391781356737776e-06,2.489636009974809e-07,0.005206638713694896,0.0005001429925049279,0.0
0.001,0.001,0.001,0.001,21.0,1.0,5.704862831373955e-05,2.0204129218259348e-05,0.08092986049401193,1.910999787429366e-05,2.4607232123051503e-06,1.6391251278114378e-06,0.0058220618566129515,0.0005541667411005004,0.0,4.677061584695422e-05,1.6309584886082765e-05,0.08077794218125174,1.5674592597032662e-05,1.3720602815048555e-06,3.3120759133676496e-07,0.0052611042673771195,0.0005005376212026798,0.0
0.001,0.001,0.001,0.001,22.0,1.0,5.5499906247824185e-05,1.9655636665365004e-05,0.07874757402935818,1.862611138408681e-05,2.297756254334914e-06,1.5637975244073107e-06,0.005823248546071533,0.0005481847329308908,0.0,4.598372042727075e-05,1.5963236589587734e-05,0.07966278512723093,1.5526149528547933e-05,1.3165849806612712e-06,1.8256715026837687e-07,0.00527977941005572,0.0005028904168900785,0.0
0.001,0.001,0.001,0.001,23.0,1.0,5.304377673443668e-05,1.848689744742955e-05,0.07700081860264678,1.7498314689730774e-05,2.4472041106638184e-06,1.487422269281616e-06,0.005816568215154616,0.0005423856717268679,0.0,4.572349537557189e-05,1.609974065902196e-05,0.0773192209062024,1.547019053943811e-05,1.3264012477943256e-06,1.3206847129057315e-07,0.005237516952725248,0.0004963172745972215,0.0
0.001,0.001,0.001,0.001,24.0,1.0,5.271425957490056e-05,1.847282991727245e-05,0.0752030031333489,1.7478859519421394e-05,2.2948290265840183e-06,1.5772551598323325e-06,0.0058180463124556745,0.0005370185925055128,0.0,4.5461600651960926e-05,1.6029331457730026e-05,0.0751060755632,1.5519528830030132e-05,1.271348519133307e-06,1.8044505524778261e-07,0.005270271735103252,0.0004950339514814485,0.0
0.001,0.001,0.001,0.001,25.0,1.0,5.23083249387449e-05,1.830760169597091e-05,0.07448005490150925,1.72722080568301e-05,2.4003134418960512e-06,1.5693808881707215e-06,0.005846517552726289,0.0005310815715395765,0.0,5.0385340636913234e-05,1.839882886214721e-05,0.07372015129932578,1.7888320380089925e-05,1.368493472402293e-06,4.727173973740926e-07,0.005247959335855399,0.000488496547384355,0.0
0.001,0.001,0.001,0.001,26.0,3.0,5.9213344643588764e-05,1.8858100132956605e-05,0.07496261651420454,1.9823644199097254e-05,5.992752800770631e-06,1.8055106333566066e-06,0.005264582727611079,0.0005237075639141965,0.0,4.701318290416037e-05,1.544099673582271e-05,0.07734633679521837,1.5662609421851433e-05,3.1353850672251767e-06,1.2281291132591236e-07,0.004477527883634706,0.0004916745274731779,0.0
0.001,0.001,0.001,0.001,27.0,3.0,5.649264664505039e-05,1.8720694944803848e-05,0.07586272441440205,1.9118524777566023e-05,4.359171227044311e-06,1.491804666246982e-06,0.004897699922468934,0.0005216178824603922,0.0,4.6335900515416924e-05,1.5249478488988178e-05,0.07792480626081534,1.5473201787568628e-05,2.8154331277749837e-06,1.9335871145572603e-07,0.00427491339317997,0.0004811948042794782,0.0
0.001,0.001,0.001,0.001,28.0,3.0,5.693348105604907e-05,1.9054477008475133e-05,0.07691493113833506,1.9503517629524333e-05,4.0129140459526065e-06,1.5080548942153434e-06,0.004736580977391,0.000516302471327972,0.0,4.5833759846831065e-05,1.5148435141611523e-05,0.07885462323858909,1.5414163601562495e-05,2.4518383958644696e-06,2.7484796283435066e-07,0.00414891192704027,0.00046590126325620233,0.0
0.001,0.001,0.001,0.001,29.0,3.0,5.4243090404979186e-05,1.8204275264712456e-05,0.07673340389740847,1.8372104086138332e-05,3.5883346880274003e-06,1.2765798595511782e-06,0.004627634528432176,0.0005128456480293924,0.0,4.574083253617906e-05,1.509332385344504e-05,0.07848141169177116,1.5329650942179938e-05,2.566313401414601e-06,3.115077203173697e-07,0.004045178268552342,0.0004591895528220191,0.0
0.001,0.001,0.001,0.001,30.0,3.0,5.4487720613019263e-05,1.8163476681118916e-05,0.07694432431535259,1.8582968787689305e-05,3.6040287506225316e-06,1.3578683086855747e-06,0.004539745337173356,0.0005084945892771725,0.0,4.709287302802191e-05,1.5884006039609038e-05,0.07785449382448979,1.5911681718126988e-05,2.595041682805179e-06,3.098408384983945e-07,0.003963586018648556,0.00046068533789970194,0.0
0.001,0.001,0.001,0.001,31.0,3.0,5.5853402543119825e-05,1.867472586734628e-05,0.07774055195712556,1.890376781938161e-05,3.563015580839599e-06,1.8829308299914658e-06,0.004488569608831685,0.0005054907430998601,0.0,4.501443740209668e-05,1.5137816092143095e-05,0.07783010187289173,1.5108475634275716e-05,2.2252027662826748e-06,2.137015211412232e-07,0.003899463137664873,0.00045462313045561634,0.0
0.001,0.001,0.001,0.001,32.0,3.0,5.7175800809406526e-05,1.9401069727548625e-05,0.07783263699715562,1.961496589873369e-05,3.646981540102359e-06,1.7044676518191997e-06,0.004516025148465952,0.0005025052290087748,0.0,4.479131787908107e-05,1.4828615854410257e-05,0.07864643766020739,1.5227362028838884e-05,2.196773663179158e-06,9.596395003024988e-08,0.003999582737323634,0.00045779588360213833,0.0
0.001,0.001,0.001,0.001,33.0,3.0,5.480209729503134e-05,1.8486588610435768e-05,0.07755674614788716,1.8909657879334056e-05,3.3190387188660784e-06,1.3410466242600966e-06,0.0044876640957235365,0.0004990091246001722,0.0,4.508658508718249e-05,1.4997321406786645e-05,0.07834643563424706,1.5305693965036864e-05,2.213608262325912e-06,2.3872520891232024e-07,0.003927802882747291,0.000449659273651402,0.0
0.001,0.001,0.001,0.001,34.0,3.0,5.491316931521759e-05,1.8281348430876386e-05,0.07819664986747123,1.9043400337924145e-05,3.4898146608779508e-06,1.3367433070495672e-06,0.004401053798908398,0.0004942197951305736,0.0,4.496762347575672e-05,1.5159009944202014e-05,0.07914590802085533,1.502267264166578e-05,2.1412145838321845e-06,1.4619132919992812e-07,0.0038900994723896167,0.0004583944399722803,0.0
0.001,0.001,0.001,0.001,35.0,3.0,5.2867851532755306e-05,1.7616281903291054e-05,0.0779988316971068,1.803588703493803e-05,3.256621911296847e-06,1.2301148693041305e-06,0.004331638328579114,0.0004929062977143602,0.0,4.6714480167470936e-05,1.587050705197808e-05,0.07765709532162395,1.6035542655668795e-05,2.2088108991538743e-06,3.844887894692505e-07,0.003809906857840028,0.0004449421536381048,0.0
0.001,0.001,0.001,0.001,36.0,3.0,5.277877591342129e-05,1.7559230863355355e-05,0.07797390217236363,1.793016910248225e-05,3.2165913303866167e-06,1.4073041689403878e-06,0.004276099068422777,0.0004868090628275732,0.0,4.680865130842243e-05,1.6030187377927126e-05,0.07870233805919373,1.6228558897660995e-05,2.0496078584554278e-06,2.178699976645594e-07,0.0037640097511605444,0.00044121936601751655,0.0
0.001,0.001,0.001,0.001,37.0,3.0,5.2391220062794214e-05,1.7232926049817104e-05,0.07858432366136298,1.7801983810849855e-05,3.2951123883103525e-06,1.365460101957347e-06,0.004242449994629281,0.00048373056771776807,0.0,4.4055508265844096e-05,1.4574672659820222e-05,0.07918854174988993,1.4622930671943049e-05,2.167984365045784e-06,3.3697890650324323e-07,0.003749064114282846,0.00044340876608446253,0.0
0.001,0.001,0.001,0.001,38.0,3.0,5.221178540581473e-05,1.7663609082526687e-05,0.0782235383002093,1.756712713541767e-05,2.9186624827761576e-06,1.3613766346328066e-06,0.0042610431258999345,0.0004878656413008351,0.0,4.621472707576285e-05,1.5760200019196754e-05,0.07721900496899103,1.588532430855181e-05,2.066289816465728e-06,3.8598848128260394e-07,0.0038361975145602702,0.00043950242442867735,0.0
0.001,0.001,0.001,0.001,39.0,3.0,5.1782256648622825e-05,1.7201249449513502e-05,0.07817190335721123,1.7582290671915776e-05,3.035280176250206e-06,1.3379453544145798e-06,0.004288694006551243,0.0004808300884872084,0.0,4.421618790400972e-05,1.4877036699886147e-05,0.07855776271741763,1.476192307014436e-05,2.012819181424943e-06,2.624814989157741e-07,0.0038283618614592735,0.00044461514194260127,0.0
0.001,0.001,0.001,0.001,40.0,3.0,5.378402651445901e-05,1.8049454131487335e-05,0.0784952486293287,1.837607728807047e-05,3.1778355827548944e-06,1.556050733944667e-06,0.00429187373728778,0.00047750842773329266,0.0,4.272320967318745e-05,1.402988335096417e-05,0.07927579833911015,1.4077392337209278e-05,2.0733414155130382e-06,2.4189967444516907e-07,0.0038266503497597568,0.00043731132129713567,0.0
0.001,0.001,0.001,0.001,41.0,3.0,5.373157068897423e-05,1.805611137524221e-05,0.07841578398932997,1.8398271217974537e-05,3.1794351489013413e-06,1.5013695270803341e-06,0.004318617727859155,0.00047548054090515717,0.0,4.599778163984342e-05,1.592449950444536e-05,0.07886210442001487,1.54695846351683e-05,2.026257046192285e-06,3.550419523614886e-07,0.0038183525666697538,0.00043361882404778425,0.0
0.001,0.001,0.001,0.001,42.0,3.0,5.181344917988498e-05,1.7367882116557593e-05,0.07836364085881464,1.7502934326918764e-05,2.943373164315117e-06,1.4198450789154342e-06,0.004297258148980081,0.0004743050882907859,0.0,4.474731598144185e-05,1.4954431454068276e-05,0.07994681408720586,1.530471530943375e-05,1.935255191365412e-06,2.0338822883635705e-07,0.003847425304475589,0.0004354844385675133,0.0
0.001,0.001,0.001,0.001,43.0,3.0,5.269853495871214e-05,1.7730739003354308e-05,0.07832681114220683,1.8074587030002218e-05,3.028193214494342e-06,1.3176707827691216e-06,0.004343325126042632,0.00047146641086024337,0.0,4.35794576782775e-05,1.4452886069809769e-05,0.07904416152703525,1.4790626877004019e-05,2.0429520107579877e-06,1.0602197861062026e-07,0.0038459909743369398,0.0004282554928209333,0.0
0.001,0.001,0.001,0.001,44.0,3.0,5.1270918829003255e-05,1.7154891334045118e-05,0.07807729096174504,1.7299855260854984e-05,2.915967433915765e-06,1.4146207276708743e-06,0.004336416839076893,0.00046778552719942097,0.0,4.3951515550564174e-05,1.463430204568139e-05,0.07969420213274844,1.4948209183404903e-05,1.973771942793966e-06,1.5465550680880245e-07,0.0038767241934827925,0.0004271156863026102,0.0
0.001,0.001,0.001,0.001,45.0,3.0,5.176566147484656e-05,1.7298004773223432e-05,0.07833577598604133,1.7347464800743136e-05,2.915372653417458e-06,1.73084711505227e-06,0.00435344617939508,0.0004640394688989636,0.0,4.506529281160359e-05,1.5119619142252457e-05,0.08081213569682326,1.5505542689681318e-05,1.9509159881112622e-06,1.569486430871888e-07,0.003922390879527082,0.00042510528636407254,0.0
0.001,0.001,0.001,0.001,46.0,3.0,5.2022882269117855e-05,1.7361846468861816e-05,0.07834878371241723,1.7639401190510414e-05,3.079197370767535e-06,1.5091433275714893e-06,0.004386306937244297,0.00045984157225255535,0.0,4.3387622785792334e-05,1.4335635388497417e-05,0.08013586520942616,1.479308331292837e-05,1.93879486702104e-06,7.063052468063062e-08,0.00388349747879297,0.000423589224821277,0.0
0.001,0.001,0.001,0.001,47.0,3.0,5.058604892069101e-05,1.675988141784555e-05,0.07810202215103047,1.71305376487089e-05,3.0533898266387564e-06,1.2719019059626166e-06,0.004327600871411191,0.0004560136074101948,0.0,4.409396819800119e-05,1.4943589148412087e-05,0.07976858069284681,1.4733874319572414e-05,2.0157460989290437e-06,2.3111744191628406e-07,0.003869721726349385,0.0004192783581843566,0.0
0.001,0.001,0.001,0.001,48.0,3.0,5.206881076917242e-05,1.7464804480500026e-05,0.07852600164427105,1.76132604898122e-05,2.9999362732072067e-06,1.6087672240601756e-06,0.004355307699339802,0.00045294424189984097,0.0,4.5173477321147176e-05,1.532567099493714e-05,0.08020185684992923,1.5396359957428206e-05,2.0322740047399398e-06,2.0099670102162336e-07,0.0039026087943654485,0.0004197990334085241,0.0
0.001,0.001,0.001,0.001,49.0,3.0,5.0546140136144984e-05,1.6689246957084074e-05,0.07805823485722035,1.709307471521684e-05,3.109084017094326e-06,1.3758927714669851e-06,0.004345265795903366,0.000447301849705891,0.0,4.917417235012217e-05,1.7307590860739637e-05,0.07998385404654382,1.73014098750043e-05,2.073448193074958e-06,3.4918011662979986e-07,0.003923584793210545,0.0004144158296233933,0.0
0.001,0.001,0.001,0.001,50.0,3.0,5.025885537195438e-05,1.6670117399291506e-05,0.07811656322424121,1.7053313713720773e-05,3.011433195706216e-06,1.2788646609114088e-06,0.004258062327939492,0.000443347026243253,0.0,4.567530324325197e-05,1.5708869125545323e-05,0.07995369389022128,1.5890536761823853e-05,1.927180320281133e-06,9.989622311034147e-08,0.0038105149205223485,0.00040534515394253677,0.0
0.001,0.001,0.001,0.001,51.0,5.0,5.744697867767981e-05,1.7149973589547308e-05,0.07930771889986306,2.052750518754e-05,5.528724424595128e-06,1.8928536308653844e-06,0.003955557201176311,0.00044171502526809395,0.0,4.94621715180084e-05,1.530419544006119e-05,0.08242875162444449,1.8067655834556914e-05,3.469169498083882e-06,3.5239073963743494e-07,0.003340629712648709,0.0004025885134282568,0.0
0.001,0.001,0.001,0.001,52.0,5.0,5.6807902535376947e-05,1.7520391559085474e-05,0.08023462894203011,2.047125607011957e-05,4.76066105626645e-06,1.6785938230143698e-06,0.0037301391866678473,0.00043535374617782984,0.0,4.7610241357752665e-05,1.4854065563118503e-05,0.08213820878348685,1.7372732932170527e-05,2.928576013085588e-06,1.6355801561519428e-07,0.0032012989348510577,0.000407748793292261,0.0
0.001,0.001,0.001,0.001,53.0,5.0,5.336712297549214e-05,1.671520578360546e-05,0.08104485097707746,1.8954766433740067e-05,3.904363365324313e-06,1.3208917621063267e-06,0.0035658985680652295,0.00043674108274454796,0.0,4.684896459740602e-05,1.4957770335677386e-05,0.08248142268292948,1.671483678852263e-05,2.706619309457669e-06,2.050765774226185e-07,0.00310806352194389,0.0004016519661500966,0.0
0.001,0.001,0.001,0.001,54.0,5.0,5.723276098978725e-05,1.8238302413230163e-05,0.08133055525188498,2.0443805199225232e-05,4.128496299210273e-06,1.97818694569113e-06,0.00356162611502489,0.0004310914969906832,0.0,4.5912729223261206e-05,1.403897374972231e-05,0.083034633559818,1.643969564325192e-05,2.882020365062828e-06,2.4349165742007894e-07,0.0031389091252417736,0.00040050846565890715,0.0
0.001,0.001,0.001,0.001,55.0,5.0,5.592334609941744e-05,1.770201930556747e-05,0.08124670354838451,2.060249932816707e-05,3.87586422607531e-06,1.361576732986907e-06,0.0035099634627337485,0.00042567165148975177,0.0,4.743396001636528e-05,1.502525139637368e-05,0.08352425939169235,1.7216180724028135e-05,2.7204405840432627e-06,1.5654808161478886e-07,0.00308332542100778,0.00039631136805853465,0.0
0.001,0.001,0.001,0.001,56.0,5.0,6.0686239583657466e-05,1.9827796021946538e-05,0.08255370340542811,2.209347433621039e-05,4.20943504802491e-06,2.063038102400664e-06,0.0034936904697521125,0.0004237125990813987,0.0,4.591237758132351e-05,1.4416601637974196e-05,0.08302898976755431,1.6393922534159003e-05,2.7502657161178734e-06,1.6296174323425675e-07,0.003106955289132346,0.00038857273460130785,0.0
0.001,0.001,0.001,0.001,57.0,5.0,5.5380036373411426e-05,1.7494919409441133e-05,0.0817629049206916,2.0310398058293982e-05,3.819691817964991e-06,1.3833363589583855e-06,0.003463230781396621,0.00041954002970166944,0.0,4.714682020384628e-05,1.5094841406276159e-05,0.08353157226855938,1.6868018764608467e-05,2.701828058402494e-06,2.0826431665528642e-07,0.0030432035397921745,0.000392071078663254,0.0
0.001,0.001,0.001,0.001,58.0,5.0,5.491791508230316e-05,1.7594890369750443e-05,0.08200372095861008,1.9941424619185737e-05,3.6783691211429075e-06,1.3310977840426096e-06,0.003387540570993303,0.00041717611282531274,0.0,4.624138691394357e-05,1.4468653918926236e-05,0.08467357055112629,1.667140768074198e-05,2.5203334275748974e-06,2.0841230915954565e-07,0.0030467083835418922,0.00039052229015238733,0.0
0.001,0.001,0.001,0.001,59.0,5.0,5.5407289496312874e-05,1.755376182921279e-05,0.08220923658881903,2.0252213085687772e-05,3.822376835014496e-06,1.4278180943438525e-06,0.0033666613451591725,0.0004130196205521529,0.0,4.867442062933782e-05,1.5648715683648866e-05,0.08496422961341377,1.7842122416701023e-05,2.652756922200507e-06,1.8785679410282176e-07,0.0029804640455218154,0.000384654610145309,0.0
0.001,0.001,0.001,0.001,60.0,5.0,5.3502803262685544e-05,1.6608149295855085e-05,0.08232296744820326,1.9370130037238446e-05,3.6542429627080127e-06,1.548281933973107e-06,0.003306361294815733,0.00040897027563258754,0.0,4.684279559782039e-05,1.4708032259409088e-05,0.08458716975478335,1.7099453221485657e-05,2.5963054618038476e-06,1.6159621092933623e-07,0.002891711834351256,0.00038186916501411014,0.0
0.001,0.001,0.001,0.001,61.0,5.0,5.3794091057856425e-05,1.707438555755213e-05,0.08287451982156845,1.95752261032707e-05,3.383351377686968e-06,1.4070384565538698e-06,0.003263173125212726,0.00040666378167069235,0.0,4.943868870753956e-05,1.584490245247033e-05,0.08402991506078682,1.84966470061056e-05,2.71130010050946e-06,1.8572147407024595e-07,0.0029443936694538994,0.0003797126339630577,0.0
0.001,0.001,0.001,0.001,62.0,5.0,5.3700672488386975e-05,1.717991276051053e-05,0.08222173119456856,1.9324691440198645e-05,3.4829096534840458e-06,1.4476570932942908e-06,0.0032870554723724425,0.00040433287140749855,0.0,4.7794064628535864e-05,1.5501409128233133e-05,0.08451437030563914,1.7476006852642087e-05,2.406624517583216e-06,2.156835787392683e-07,0.0029024536461410796,0.00037429037042261586,0.0
0.001,0.001,0.001,0.001,63.0,5.0,5.285069778885634e-05,1.6506782216048984e-05,0.08200511074295429,1.939098748687454e-05,3.4882703402193833e-06,1.305837487586302e-06,0.0032052366328501553,0.00039583095461200393,0.0,5.162382158570518e-05,1.683335605222537e-05,0.08556759287905054,1.965378198941758e-05,2.5879189712652333e-06,2.545840038633448e-07,0.0028924286549036732,0.00037374212944380256,0.0
0.001,0.001,0.001,0.001,64.0,5.0,5.337969408579631e-05,1.6779234294531126e-05,0.08267233988115652,1.9610453680434156e-05,3.3706685287338426e-06,1.4337551190748774e-06,0.003142675760467185,0.0003918348801641764,0.0,4.913874224116889e-05,1.6095166235542175e-05,0.08385336257407865,1.8259861599643898e-05,2.5218538907448437e-06,1.9136859378514454e-07,0.0028547128363027073,0.0003685155958291417,0.0
0.001,0.001,0.001,0.001,65.0,5.0,5.304645801787728e-05,1.709959939252159e-05,0.08301450544101603,1.9051247891474557e-05,3.2435000904104117e-06,1.447455115672595e-06,0.003201086608943211,0.00039032052449102943,0.0,5.071620104987176e-05,1.6790624002565538e-05,0.08462743794701691,1.8930621540451895e-05,2.6920793663769584e-06,1.9412617744660938e-07,0.0029136452376327332,0.0003646006451747819,0.0
0.001,0.001,0.001,0.001,66.0,5.0,5.345548206403904e-05,1.6894930510949927e-05,0.08306992801358062,1.9458517906314157e-05,3.372623647279232e-06,1.5889880751233642e-06,0.0031823724019643678,0.0003833429478720251,0.0,4.881641363371695e-05,1.567357969977941e-05,0.08489801495777911,1.8284504425405244e-05,2.6316305002418893e-06,1.3220586723826055e-07,0.0029042316882411465,0.0003604691804601193,0.0
0.001,0.001,0.001,0.001,67.0,5.0,5.405069567259956e-05,1.7279178135513168e-05,0.08281870946541285,1.9769173638131285e-05,3.394958768188526e-06,1.5253681587030303e-06,0.003228210688002804,0.00038001461875336747,0.0,4.7771632423583744e-05,1.521415109555235e-05,0.08435683453402441,1.7831752120715212e-05,2.528005733935279e-06,1.6556539118356594e-07,0.0028955377831527047,0.00035964748874474107,0.0
0.001,0.001,0.001,0.001,68.0,5.0,5.258940160692734e-05,1.6630781023161348e-05,0.08234130560503294,1.9308695385352106e-05,3.3082945288806794e-06,1.3512469855984937e-06,0.0031750935960819346,0.0003756253292126828,0.0,4.67954042610429e-05,1.4954593559511145e-05,0.08466055731682708,1.6871345510712646e-05,2.666416997226878e-06,2.88216985185627e-07,0.002827780388050947,0.00035487759209180844,0.0
0.001,0.001,0.001,0.001,69.0,5.0,5.329353973445534e-05,1.686811944065065e-05,0.08233844037026473,1.96743243378075e-05,3.427867357131914e-06,1.3513649415104012e-06,0.0031727574708727674,0.00037380197929576237,0.0,4.328468763126606e-05,1.3031793657202086e-05,0.0855064490744031,1.5620273094358247e-05,2.46403651927547e-06,1.290598596727878e-07,0.0028062866760825123,0.00034888800461603493,0.0
0.001,0.001,0.001,0.001,70.0,5.0,5.067160055836136e-05,1.5968056023182828e-05,0.08253881468970857,1.837659378750996e-05,3.1084515122194906e-06,1.2658232112574957e-06,0.0031546084524482565,0.0003698794881121629,0.0,4.6406870803406565e-05,1.4933183614026543e-05,0.08309140293991761,1.718997753865652e-05,2.3898336558853495e-06,9.699751608120317e-08,0.002805633327940619,0.0003487738445517909,0.0
0.001,0.001,0.001,0.001,71.0,5.0,5.206636876904396e-05,1.657536466553378e-05,0.08280690625486645,1.9154332113393552e-05,3.223004680161847e-06,1.1873414942246651e-06,0.0031107436280023086,0.00036456353821808586,0.0,4.658058895132816e-05,1.5041483355055293e-05,0.08454358186202515,1.7215958612373034e-05,2.263134027131557e-06,1.8891951139468916e-07,0.002787702805431062,0.0003416735819575531,0.0
0.001,0.001,0.001,0.001,72.0,5.0,5.081212403551355e-05,1.6147632780571644e-05,0.08304170016444376,1.827370466703068e-05,3.180942708633344e-06,1.3037257220243554e-06,0.003123990357999255,0.00036019484363066694,0.0,4.6745218843346026e-05,1.504111312075054e-05,0.08487553898383547,1.7178044630154804e-05,2.469245295436654e-06,1.702646100414548e-07,0.002808494198755035,0.0003398997426317166,0.0
0.001,0.001,0.001,0.001,73.0,5.0,5.143157089846582e-05,1.6282758459217612e-05,0.0829767215992855,1.872541897304736e-05,3.1780997708192883e-06,1.389246602385759e-06,0.003086757400980233,0.0003558374984428139,0.0,4.5267688350948404e-05,1.4431486409397489e-05,0.08618412143007474,1.6203986262565947e-05,2.4431003964813516e-06,2.2005463911530348e-07,0.0027476697588659817,0.00033506488836734246,0.0
0.001,0.001,0.001,0.001,74.0,5.0,5.320654598983993e-05,1.701072487113583e-05,0.08321149498429536,1.9313314580629e-05,3.220947871663588e-06,1.808037389646642e-06,0.0031373583599258893,0.00035323722052581295,0.0,4.552316427757672e-05,1.4466016649986177e-05,0.08503989825087986,1.675578794536598e-05,2.2969875311953647e-06,2.1501248243752713e-07,0.002781176647411252,0.00032853700251826837,0.0
0.001,0.001,0.001,0.001,75.0,5.0,5.132539365735442e-05,1.6129177695068218e-05,0.0831251361569021,1.883622777046631e-05,3.1009562662179373e-06,1.4639516085827725e-06,0.0031058910552597724,0.0003482566867645232,0.0,4.6686306055985365e-05,1.4998883192346257e-05,0.08456957966166523,1.7470591744770138e-05,2.321592864767008e-06,1.2313559728990795e-07,0.002800673019388882,0.00033151448195475793,0.0
0.001,0.001,0.001,0.001,76.0,5.0,5.6544837382838186e-05,1.8298442203007694e-05,0.0832111543421646,2.0731960712233174e-05,3.554277719087644e-06,2.1623579761175015e-06,0.00316265783243024,0.000347668371518479,0.0,4.657962192185006e-05,1.5050325192134366e-05,0.08443552090777542,1.7396397613280843e-05,2.2593050377328903e-06,1.971514862414075e-07,0.0028473620480868253,0.0003232890689979382,0.0
0.001,0.001,0.001,0.001,77.0,5.0,5.238166046822164e-05,1.682002414131529e-05,0.08304481744502192,1.9269983814614933e-05,3.265964733137681e-06,1.2928347059425284e-06,0.0031593841719719474,0.000342837172043825,0.0,4.497373770127941e-05,1.3882329515179972e-05,0.08552391490961007,1.6701964368063587e-05,2.5070540268816465e-06,9.475686939409396e-08,0.0028330463120776615,0.0003235241640931681,0.0
0.001,0.001,0.001,0.001,78.0,5.0,5.2236323243769106e-05,1.6606105176283163e-05,0.0824698467076377,1.924652458131498e-05,3.362119415040611e-06,1.3679567904940477e-06,0.0031402785316822493,0.00034066328660214984,0.0,4.624578864819772e-05,1.4768789384112928e-05,0.08475067938517783,1.7244626897844115e-05,2.416293311442497e-06,1.0474514503196619e-07,0.0028207654764516765,0.0003236266288447718,0.0
0.001,0.001,0.001,0.001,79.0,5.0,5.1891924834489876e-05,1.6484208082425307e-05,0.08286050846509649,1.907876220270136e-05,3.28570473071795e-06,1.40437722685911e-06,0.0031023514243090082,0.0003352822001024691,0.0,4.8629426484770166e-05,1.605817103477629e-05,0.08399158458619048,1.8021707346272178e-05,2.6733899092363173e-06,2.66884036642066e-07,0.0027927593984089748,0.00032101158493038674,0.0
0.001,0.001,0.001,0.001,80.0,5.0,5.326500452339778e-05,1.6955860871129397e-05,0.08293052082371408,1.968583611027005e-05,3.388945237893761e-06,1.601014958283918e-06,0.0031002828288991514,0.0003340295555356023,0.0,4.589139161286948e-05,1.449497574737075e-05,0.08685945689214543,1.7030561124959172e-05,2.388704570683947e-06,1.5675033605078648e-07,0.002821769585467508,0.00031344543973898777,0.0
0.001,0.001,0.001,0.001,81.0,5.0,5.176183365960147e-05,1.6356920300339036e-05,0.08287191287305759,1.9099854946657582e-05,3.318603232169358e-06,1.4075576280378684e-06,0.0031019311257088895,0.00032917063160630414,0.0,4.938796197620438e-05,1.6300542356459768e-05,0.08516586800536516,1.8625850743153203e-05,2.497521251659418e-06,3.005625873238316e-07,0.002789156478423184,0.0003146898445561399,0.0
0.001,0.001,0.001,0.001,82.0,5.0,5.113983807985526e-05,1.6381161468840642e-05,0.08291189130432379,1.8722047407179204e-05,3.1634702574960876e-06,1.294330128793126e-06,0.003088578176285568,0.00032876401823912175,0.0,4.5132901437382165e-05,1.4507506549985824e-05,0.08429689786510418,1.6759181283461655e-05,2.1955866999300633e-06,1.595589809222508e-07,0.0027752999093966333,0.00030813783449923756,0.0
0.001,0.001,0.001,0.001,83.0,5.0,5.089843154103561e-05,1.6267871484578653e-05,0.08289882953271098,1.8652423412056322e-05,3.1813881431279723e-06,1.2640178457478917e-06,0.003097175827308701,0.0003242847860053116,0.0,4.594771176963592e-05,1.4626852475983503e-05,0.0847602837438097,1.7153851108925575e-05,2.4487374982437784e-06,1.7812365757118085e-07,0.0027955379393418594,0.00030641189546247037,0.0
0.001,0.001,0.001,0.001,84.0,5.0,5.4796747778137597e-05,1.765309315460685e-05,0.08277151700611268,2.0232311343038846e-05,3.580780763103956e-06,1.8406648024244023e-06,0.003132365108041863,0.0003212746370625866,0.0,4.5622282799294295e-05,1.4459747379592277e-05,0.0846571520730763,1.6940243392788834e-05,2.530547280916218e-06,1.793179498874283e-07,0.0028560338791398625,0.00030467119933727424,0.0
0.001,0.001,0.001,0.001,85.0,5.0,5.434261101808285e-05,1.7501893825476206e-05,0.08264718561014574,2.0305678408380223e-05,3.5525182535708734e-06,1.5382910521843058e-06,0.003158772234400385,0.0003179511119536588,0.0,4.731707275718734e-05,1.535720729059097e-05,0.08405444708587594,1.7721923051375106e-05,2.583624754790267e-06,2.15328825545579e-07,0.0028299981045601897,0.00030335446177919814,0.0
0.001,0.001,0.001,0.001,86.0,5.0,5.249760670431877e-05,1.6673906686807063e-05,0.08246088500656722,1.9679270674454407e-05,3.3550587673164866e-06,1.386762494608455e-06,0.0031259428548843777,0.0003156519810835938,0.0,4.642862011225735e-05,1.493116507346741e-05,0.0840115750670536,1.7280621481500425e-05,2.5576084448848686e-06,2.531904022094088e-07,0.002800757378539394,0.0003004877370323981,0.0
0.001,0.001,0.001,0.001,87.0,5.0,5.091113889242267e-05,1.5978299989560633e-05,0.0825351160106678,1.8984601003354295e-05,3.3094214296021796e-06,1.2654246775904885e-06,0.0030717951712286077,0.00031198804188142717,0.0,4.786246261710757e-05,1.5513876596372735e-05,0.08525252321617502,1.8025658777672453e-05,2.569223315489786e-06,2.496832222708362e-07,0.002747815542644278,0.00029787685696555617,0.0
0.001,0.001,0.001,0.001,88.0,5.0,4.8743907750590296e-05,1.535393325971877e-05,0.08260251957246864,1.7738021928954263e-05,3.086265631766391e-06,1.1951676582296196e-06,0.0030543139474916996,0.0003110267616758158,0.0,4.602987563104531e-05,1.5006042357320156e-05,0.08466432768410408,1.6864455054651353e-05,2.525318138868394e-06,2.0073466922096757e-07,0.0027351104404838462,0.00029668928786682396,0.0
0.001,0.001,0.001,0.001,89.0,5.0,5.257417185098009e-05,1.704604971394374e-05,0.08308332427059797,1.9390675937488035e-05,3.2310028551621246e-06,1.515561145347537e-06,0.003092101710029638,0.0003082550177724373,0.0,4.5868183433640885e-05,1.4788884940746243e-05,0.08474848998345068,1.7293254656902016e-05,2.2361877024432176e-06,1.691087859807738e-07,0.0028049657217894225,0.0002905898567870889,0.0
0.001,0.001,0.001,0.001,90.0,5.0,5.106508092562463e-05,1.6217808616622636e-05,0.08284274933677623,1.8834288636765984e-05,3.2548171135980445e-06,1.4168290328918783e-06,0.0031079816425713808,0.0003057062720554807,0.0,4.470083149813692e-05,1.3922955605882407e-05,0.08360011951616332,1.681955821108127e-05,2.5841137422682605e-06,1.727056845354419e-07,0.00276751299175396,0.00028414866479679977,0.0
0.001,0.001,0.001,0.001,91.0,5.0,4.9596103467579276e-05,1.5646879941779932e-05,0.08245688236170935,1.8479655600792364e-05,3.0517588723090858e-06,1.1596733837397029e-06,0.0030542415206273464,0.000301244758797475,0.0,4.300790738631136e-05,1.3454189118147907e-05,0.08435536528210652,1.581860242517194e-05,2.3335146353977256e-06,1.2628241609006718e-07,0.0026930290086769606,0.0002839782558072257,0.0
0.001,0.001,0.001,0.001,92.0,5.0,4.987482023577723e-05,1.578310872191144e-05,0.08248777103715164,1.8404274422104366e-05,3.1974005732582124e-06,1.239805965148018e-06,0.0030547624915224017,0.0003001453867275215,0.0,4.412597245029629e-05,1.3967483864343836e-05,0.08497311794356013,1.5917956981595744e-05,2.676296849300184e-06,2.4601564794017106e-07,0.00271869280722472,0.0002820907476103149,0.0
0.001,0.001,0.001,0.001,93.0,5.0,5.1429904151709596e-05,1.6483615353763914e-05,0.08289829544959103,1.8950182051368338e-05,3.2479767650027177e-06,1.502300202529607e-06,0.0030488751701679973,0.0002956000473334186,0.0,4.552240636427714e-05,1.4388695285816446e-05,0.08537729709129861,1.694462542158647e-05,2.622216352911383e-06,2.0957206470169947e-07,0.002782874233544182,0.00028195677942120654,0.0
0.001,0.001,0.001,0.001,94.0,5.0,5.166780611010898e-05,1.6412458207790275e-05,0.08278762477938538,1.942918077588591e-05,3.2250687191825995e-06,1.3720680183687801e-06,0.003057164738143863,0.00029502681577858557,0.0,4.685051302432003e-05,1.508394522740485e-05,0.08527380449563754,1.7857990052400406e-05,2.3517550138077635e-06,2.4158964547657146e-07,0.0027371207147501827,0.00027878529569975286,0.0
0.001,0.001,0.001,0.001,95.0,5.0,5.068582126805269e-05,1.5939351091928484e-05,0.08266692036493507,1.881632297777589e-05,3.2389264234000887e-06,1.5073855452254937e-06,0.0030206024474889125,0.00029171435196048413,0.0,4.4894384510224314e-05,1.4477836399109931e-05,0.08436716465776917,1.6622830829804973e-05,2.3289119436906534e-06,2.583621223816616e-07,0.002703947849030781,0.00027697271584259874,0.0
0.001,0.001,0.001,0.001,96.0,5.0,5.011854566381657e-05,1.5886813254347847e-05,0.0832932496366462,1.8461851991102446e-05,3.0742162785103027e-06,1.4675270496733428e-06,0.002999464881662927,0.00028988125407163604,0.0,4.886372145734222e-05,1.6525503776825853e-05,0.08373599791176482,1.84853582666819e-05,2.459367528023268e-06,2.839128271553506e-07,0.002733243799984919,0.0002735979609702961,0.0
0.001,0.001,0.001,0.001,97.0,5.0,5.066436353216156e-05,1.6273483352995807e-05,0.08321909973260144,1.8756719155896548e-05,3.049104906500333e-06,1.3802694926489918e-06,0.00303219053446997,0.00028828767930339405,0.0,4.764864405069956e-05,1.5904687813921574e-05,0.08454251928172858,1.746195805227455e-05,2.7703238845697108e-06,3.2463939049212734e-07,0.0027431523026504078,0.00027327830185320845,0.0
0.001,0.001,0.001,0.001,98.0,5.0,5.075919927130787e-05,1.6243012182981485e-05,0.08250028154348388,1.88095471662374e-05,3.183028404081562e-06,1.4339937204256862e-06,0.0030377043613847576,0.0002839589997973858,0.0,4.610960661220729e-05,1.4923511898012666e-05,0.08456317357905692,1.75110019668658e-05,2.2823593067478025e-06,2.3758684182422047e-07,0.0027530368951985624,0.00026988297845872863,0.0
0.001,0.001,0.001,0.001,99.0,5.0,5.203204310717315e-05,1.6858259386036325e-05,0.08276454151257945,1.929590519956275e-05,3.2712461209452766e-06,1.4871714866814097e-06,0.0030643804903107163,0.00028430070211699163,0.0,4.893095863196401e-05,1.627103235840372e-05,0.08497156981980894,1.8626455628663177e-05,2.4968972636163902e-06,3.32454883238334e-07,0.002784835170655026,0.00027069618912422167,0.0
0.001,0.001,0.001,0.001,100.0,5.0,5.0692481800836784e-05,1.6317306120045958e-05,0.08240282331724123,1.886031868015453e-05,3.1991685269110955e-06,1.2464847260708159e-06,0.003056186805013957,0.0002828921688620863,0.0,4.519923211698394e-05,1.4691068084387095e-05,0.08476590708400426,1.6624291173296932e-05,2.492745523770593e-06,2.45123492593741e-07,0.0027932783205612734,0.00026694134793581577,0.0
0.001,0.001,0.001,0.001,101.0,10.0,7.367626078529501e-05,1.847783118385187e-05,0.08331911431400636,3.32409326359802e-05,8.340563758098118e-06,2.4873799122665232e-06,0.0027300343129764044,0.0002797642338056262,0.0,6.383701981032012e-05,1.8943684638426905e-05,0.08569242434002536,2.782742394534756e-05,4.8498324356017675e-06,9.42320949280156e-07,0.0022537880375736417,0.00027045158825294685,0.0
0.001,0.001,0.001,0.001,102.0,10.0,6.85946328210091e-05,1.8576684907220097e-05,0.08598200858391193,3.08589828579198e-05,5.522010823313549e-06,2.2318552824191127e-06,0.002413349882754768,0.00028068983766505227,0.0,6.223824416228029e-05,1.9012260291897906e-05,0.08781926880452047,2.612826476289704e-05,4.192000277416054e-06,1.3868290856861013e-06,0.0021158952965275434,0.00027369635517656186,0.0
0.001,0.001,0.001,0.001,103.0,10.0,6.800564054161572e-05,1.938360937576669e-05,0.08650917606452165,3.063001533434568e-05,5.005743109853157e-06,1.5240880063431744e-06,0.002300195685649935,0.00028112676089850797,0.0,5.045172744654167e-05,1.3143052154027891e-05,0.08859489623547426,2.2167667520045084e-05,3.287851589237258e-06,3.5027831720125346e-07,0.0019897550354940514,0.00026433885536679457,0.0
0.001,0.001,0.001,0.001,104.0,10.0,6.613593447576566e-05,1.851791009365529e-05,0.08727776133863753,2.980754127283888e-05,4.700963320196604e-06,1.5775071433194325e-06,0.0022069878609750526,0.00028042368305612487,0.0,4.901050494409369e-05,1.3777412870921703e-05,0.08993058435129046,2.0681816922944033e-05,2.861190142432272e-06,4.9804300236413285e-08,0.0019168209906499896,0.0002647222884513549,0.0
0.001,0.001,0.001,0.001,105.0,10.0,6.56119858691632e-05,1.8798439801487006e-05,0.08795419145946143,2.9222140938127033e-05,4.504658683850041e-06,1.490692942486467e-06,0.002162668994774531,0.00028006344165272735,0.0,5.494823581794886e-05,1.6237072975911617e-05,0.09074397098956223,2.3442312459781434e-05,2.967705017279476e-06,5.561650712504781e-07,0.0019013896813313235,0.00026705834584721125,0.0
0.001,0.001,0.001,0.001,106.0,10.0,6.331953533995505e-05,1.7942106965879332e-05,0.08831820516698877,2.7999287859112012e-05,4.239396127336308e-06,1.518390752809455e-06,0.0021174860302771333,0.00027885334281533555,0.0,5.4074413097076034e-05,1.6517761078141317e-05,0.08984198496003465,2.2882160170839224e-05,2.830199734468482e-06,2.2964949170301352e-07,0.0018508499174033997,0.0002630444413087666,0.0
0.001,0.001,0.001,0.001,107.0,10.0,6.842634485641088e-05,2.0103535924094962e-05,0.08842717408844107,3.0438999647499966e-05,4.500464146900289e-06,1.7733119927183038e-06,0.002118263244310927,0.00027673161461896987,0.0,4.987106916449753e-05,1.3754892646024188e-05,0.0894037721788182,2.0980385665834262e-05,3.287666344697827e-06,2.6282917605020534e-07,0.0018747682267458382,0.0002644918217764004,0.0
0.001,0.001,0.001,0.001,108.0,10.0,6.677969076022622e-05,1.8926496491192575e-05,0.08820617353828261,3.028474024941257e-05,4.527075701654418e-06,1.4618325810940364e-06,0.002076267511947,0.0002758928920030475,0.0,5.071039141546919e-05,1.4084878928260374e-05,0.08990900342233453,2.2167145632158855e-05,2.80989920190402e-06,7.350580439902956e-08,0.0018113910455810982,0.00025840619981325566,0.0
0.001,0.001,0.001,0.001,109.0,10.0,6.577515401001133e-05,1.864736448457902e-05,0.0881198579625351,2.985031302809664e-05,4.296953814278057e-06,1.4165032400195455e-06,0.002022538812106685,0.000275203370258079,0.0,4.9786211955594705e-05,1.4689125002600606e-05,0.08984985442310056,2.076973339508406e-05,2.4866985363131125e-06,2.624194367873098e-07,0.0017499386278145453,0.00025932506042223257,0.0
0.001,0.001,0.001,0.001,110.0,10.0,6.718808547310138e-05,2.0187197611875765e-05,0.08848501176566971,3.0098001822819286e-05,4.082113264831379e-06,1.2300739519952543e-06,0.0019773099396275867,0.00027421980218407624,0.0,4.857957539639869e-05,1.3942483095649572e-05,0.08929265834468458,2.0344131922262323e-05,2.511996654245028e-06,2.652999060329802e-07,0.0017518245270250164,0.00025863980776332255,0.0
0.001,0.001,0.001,0.001,111.0,10.0,6.515223427574987e-05,1.8325975315944965e-05,0.08841934906328998,2.974886358272476e-05,4.049709951538309e-06,1.4544625891813158e-06,0.0019475509331859152,0.00027312882810572763,0.0,5.324865335697883e-05,1.5151219121085811e-05,0.08974692421388461,2.377222433811282e-05,2.4831899605656073e-06,3.5611839392643036e-07,0.0017004968368071276,0.00025112093603528495,0.0
0.001,0.001,0.001,0.001,112.0,10.0,6.557712665226612e-05,1.9191933340393483e-05,0.08906456745442713,2.9365151242409385e-05,3.869390813737423e-06,1.5310009133401317e-06,0.0019558945995294397,0.00027131936737300095,0.0,5.2833238630785177e-05,1.4714732494675128e-05,0.09059187187249272,2.3428883589554927e-05,2.5834121959729177e-06,5.081754987347163e-07,0.0017248072075757446,0.0002538847836863594,0.0
0.001,0.001,0.001,0.001,113.0,10.0,6.549403738292452e-05,1.872317017778665e-05,0.08890900735269569,2.9954421917931993e-05,4.0318862572740405e-06,1.1934942090875474e-06,0.0019221763057346293,0.0002700164468654906,0.0,5.2335853173814806e-05,1.5562462432521062e-05,0.09120260096545038,2.2212800854740193e-05,2.5374189114179296e-06,3.622401924378373e-07,0.0016800292806255156,0.0002540671368453621,0.0
0.001,0.001,0.001,0.001,114.0,10.0,6.535077447127318e-05,1.86144939735481e-05,0.08988381891453344,2.960203905523094e-05,3.814078147755327e-06,1.6462204583431365e-06,0.001896869421793355,0.00026855613533533927,0.0,5.136004616851817e-05,1.4549061344139106e-05,0.09188705252219237,2.220585283920089e-05,2.666051638039745e-06,2.175124112811985e-07,0.0016864035645126007,0.00025328629646953,0.0
0.001,0.001,0.001,0.001,115.0,10.0,6.698782703840148e-05,1.9346707766259138e-05,0.08948626790922931,3.042811856540479e-05,4.026277220233704e-06,1.5597289625170487e-06,0.0018966782140060754,0.00026783682412968905,0.0,4.952236876366209e-05,1.3008385901315182e-05,0.09118921046747881,2.199648668522317e-05,2.3756009487744615e-06,5.534790637341106e-07,0.001628713515123101,0.00024694951872148384,0.0
0.001,0.001,0.001,0.001,116.0,10.0,6.500418200769643e-05,1.8296252946938998e-05,0.08953456606117492,2.9964900726204156e-05,3.862898744557567e-06,1.2693242897786069e-06,0.001872133560121866,0.0002657349219341595,0.0,5.1451601884575565e-05,1.4611277160791448e-05,0.08954937072876828,2.2498138893396567e-05,2.5950057886977484e-06,3.200008357580499e-07,0.0016139761599547723,0.00024722423463619545,0.0
0.001,0.001,0.001,0.001,117.0,10.0,6.533743221205368e-05,1.932929892222739e-05,0.08942892283449966,2.899544115617455e-05,3.7941830954421442e-06,1.6112971939219052e-06,0.0018808380476125156,0.0002664319769101696,0.0,5.1669831456228604e-05,1.4190570316235652e-05,0.09070835213553946,2.291858121031689e-05,2.5124999845252125e-06,4.667553324298251e-07,0.0016722091587234584,0.0002510589870971073,0.0
0.001,0.001,0.001,0.001,118.0,10.0,6.747721470679605e-05,1.974062968142024e-05,0.08958622458134319,3.089312642480564e-05,3.874290879930431e-06,1.3733062376605236e-06,0.0018775786986446584,0.0002637239204981568,0.0,5.12191144571576e-05,1.4681251569908167e-05,0.0906161105962773,2.185959212800607e-05,2.5632540643353385e-06,5.66226811332882e-07,0.0016768815597699742,0.0002487178999752573,0.0
0.001,0.001,0.001,0.001,119.0,10.0,6.505966839717761e-05,1.854072193967922e-05,0.08966467511965923,2.9655616381307817e-05,3.6739105310015614e-06,1.575441418657387e-06,0.0018611253848482172,0.00026475108163034314,0.0,5.049479880568992e-05,1.4190510601142344e-05,0.09054294684869608,2.22830466709229e-05,2.2782537888804555e-06,2.1769324239137665e-07,0.001642738800869681,0.0002470999908623258,0.0
0.001,0.001,0.001,0.001,120.0,10.0,6.573893929091728e-05,1.8951116989418396e-05,0.08966654592722027,3.0132081816809162e-05,3.761445156341326e-06,1.297414650065605e-06,0.0018397817393560432,0.00026302263423430756,0.0,5.3636262891562346e-05,1.5544457084087013e-05,0.09237139535403995,2.3218941939429735e-05,2.879313545206176e-06,2.950435057269167e-07,0.0016283789133188994,0.0002461367510156432,0.0
0.001,0.001,0.001,0.001,121.0,10.0,6.50657661366744e-05,1.9129813930410493e-05,0.08962338403056898,2.9548015973028346e-05,3.612175850942811e-06,1.18173178032371e-06,0.0018268998634114533,0.0002631690392276011,0.0,5.3850438552654825e-05,1.6407416384832515e-05,0.09324210281499942,2.3090555006504734e-05,2.3183477023861063e-06,2.0496462334063948e-07,0.0016694432873742907,0.0002504944876784009,0.0
0.001,0.001,0.001,0.001,122.0,10.0,6.397259712079568e-05,1.7641200579776173e-05,0.08980278552008397,2.922780148339047e-05,3.655364510493311e-06,1.877615808425345e-06,0.0018220443772324893,0.00025903366103031185,0.0,5.205119769047635e-05,1.5472573735281926e-05,0.09170549007126204,2.2015384737324456e-05,2.6725372989461915e-06,2.831150583544236e-07,0.0016290280713367833,0.00024370385374580624,0.0
0.001,0.001,0.001,0.001,123.0,10.0,6.536865132991377e-05,1.943722688165434e-05,0.08974699707955532,2.950801309846584e-05,3.5264738245058103e-06,1.3211245294039855e-06,0.001824165572280265,0.00026011138549255974,0.0,5.1622486063625636e-05,1.4473551537842163e-05,0.09070538291159798,2.3072657502427733e-05,2.3850358148147624e-06,1.8420106218493017e-07,0.0015995821582836624,0.00024365022471410248,0.0
0.001,0.001,0.001,0.001,124.0,10.0,6.651301006149434e-05,1.9371122059156823e-05,0.09006083780251962,3.0359633755081033e-05,3.787086291191724e-06,1.38606051540952e-06,0.0018295209808251204,0.000260302392607588,0.0,5.883007938429797e-05,1.709552248423757e-05,0.092726270942127,2.6507209115032777e-05,2.6701121996736995e-06,8.396856645200469e-07,0.001666700489219652,0.00024449234154332386,0.0
0.001,0.001,0.001,0.001,125.0,10.0,6.39828068893276e-05,1.7981941330709998e-05,0.08910155260261178,2.951342335007982e-05,3.622451315109486e-06,1.3999107539891658e-06,0.0017999153698855348,0.00025549251631323464,0.0,5.028570159307196e-05,1.4652450561849118e-05,0.08995405254582632,2.1624776606576798e-05,2.4747712561976064e-06,1.424027155325628e-07,0.0015876085040639686,0.0002395895546000889,0.0
0.001,0.001,0.001,0.001,126.0,10.0,6.457563715430871e-05,1.895380998561581e-05,0.08968394536362298,2.9042613689619464e-05,3.546462469396828e-06,1.480057706263173e-06,0.001807712055218477,0.0002584299021362745,0.0,5.5081506839701194e-05,1.5124541281202444e-05,0.09111248446583335,2.4837335301643204e-05,2.897713089178415e-06,6.897636100305396e-07,0.0016092415749994478,0.00024209054724253298,0.0
0.001,0.001,0.001,0.001,127.0,10.0,6.505337117211355e-05,1.859718709787315e-05,0.08968653668847502,2.9594586276379354e-05,3.6307446944330455e-06,1.721913220313953e-06,0.00181710605972033,0.00025402864948184277,0.0,5.1370692851966905e-05,1.4526566235771746e-05,0.09092000077855628,2.2661045272876894e-05,2.3059420675429914e-06,4.240883017984214e-07,0.0015620719850914081,0.00023610513828983644,0.0
0.001,0.001,0.001,0.001,128.0,10.0,6.556345487614651e-05,1.9067294497629054e-05,0.08967620337699486,2.986556383068631e-05,3.531795880783195e-06,1.5863762515798945e-06,0.001815829504941291,0.00025448043182683846,0.0,5.198559388017828e-05,1.3974334287734006e-05,0.09220689163900989,2.3873228413835036e-05,2.28388904824456e-06,2.596882089544083e-07,0.001587947588059471,0.00023737649298772524,0.0
0.001,0.001,0.001,0.001,129.0,10.0,6.5477302178066e-05,1.876587652371647e-05,0.08969723650548818,3.0110550570279737e-05,3.7127191760523608e-06,1.4005671766863774e-06,0.001792822228985878,0.0002517865520147733,0.0,5.186065219972721e-05,1.4320527609777282e-05,0.09211314539183382,2.3088066995630902e-05,2.5207583981229372e-06,3.2684973830579853e-07,0.001585595559886299,0.00023931353582320235,0.0
0.001,0.001,0.001,0.001,130.0,10.0,6.391388477913242e-05,1.8156530992154872e-05,0.09005599400460122,2.9446245921893122e-05,3.5430906902472353e-06,1.2313516088091045e-06,0.0017737189053173748,0.00025310665386926446,0.0,5.187426744241213e-05,1.4066770141325958e-05,0.08944714969107849,2.3670223017185315e-05,2.3741797709569716e-06,4.7071030446289504e-07,0.0015780966975452268,0.00023476695599830807,0.0
0.001,0.001,0.001,0.001,131.0,10.0,6.598404633606523e-05,1.9055435261192536e-05,0.08988785924679914,3.0291732112239232e-05,3.696380239897577e-06,1.4534820496980394e-06,0.0017617292376570968,0.000249823096046758,0.0,5.22331778874164e-05,1.4655605436896983e-05,0.09125389829020186,2.3426370636811687e-05,2.2675558265705167e-06,4.266662376824076e-07,0.0015701071268985221,0.00023315903386731543,0.0
0.001,0.001,0.001,0.001,132.0,10.0,6.69351400496841e-05,1.9824828284599073e-05,0.08971734122413892,3.030029153218892e-05,3.7256273003141297e-06,1.6063996424187332e-06,0.0018062895231162454,0.00025062594891233974,0.0,5.2749172877389405e-05,1.4678313458288732e-05,0.09084740301729487,2.3836135566182727e-05,2.5256761246826273e-06,2.3951595462842e-07,0.0016240242302295298,0.0002384791787776002,0.0
0.001,0.001,0.001,0.001,133.0,10.0,6.380002229978221e-05,1.823484929496374e-05,0.08977248564276792,2.9291257561726346e-05,3.536246340276584e-06,1.2668524320060403e-06,0.0017733814000136681,0.0002493568216712361,0.0,5.410866713482455e-05,1.619313645284747e-05,0.09215147128154662,2.3613394156533817e-05,2.213713091738528e-06,5.027891294602338e-07,0.0015829181283306343,0.00023704873272366853,0.0
0.001,0.001,0.001,0.001,134.0,10.0,6.697656628362685e-05,1.9183687753578107e-05,0.09008780594425403,3.075403178930591e-05,3.888402133349459e-06,1.6589931331841997e-06,0.0017478995710222523,0.00024826712483446697,0.0,5.451792470776882e-05,1.6670765559069484e-05,0.09248278223003896,2.3423710511146384e-05,2.405180096228798e-06,4.693010809737439e-07,0.0015400985765809058,0.00023006897288623142,0.0
0.001,0.001,0.001,0.001,135.0,10.0,6.54036014368289e-05,1.873238832867465e-05,0.08982780020213978,3.019038737355962e-05,3.6975547163619177e-06,1.3109631515742833e-06,0.001738162100309459,0.0002489528134353145,0.0,4.9351551547339575e-05,1.3857200814414166e-05,0.09177482009552754,2.1467031541867662e-05,2.1722145881216057e-06,3.493446419188362e-07,0.0015172172067074627,0.00023282780538840385,0.0
0.001,0.001,0.001,0.001,136.0,10.0,6.21767855263911e-05,1.7918996520026477e-05,0.09000102439578048,2.8264357106183988e-05,3.3134095413752997e-06,1.202868697775023e-06,0.001740002189143409,0.0002477051595185478,0.0,5.2639645136909716e-05,1.4464791029964407e-05,0.09250289503368953,2.3386212216105992e-05,2.755637303996387e-06,4.2737393116638354e-07,0.0015887000330540135,0.00023553414402155377,0.0
0.001,0.001,0.001,0.001,137.0,10.0,6.365786902463347e-05,1.8820763367490103e-05,0.09008923655877007,2.8568329872013438e-05,3.3923749238507117e-06,1.3835159931043717e-06,0.0017698758765855866,0.00024839616188286113,0.0,4.861439620355139e-05,1.3323136430586085e-05,0.09151155823861026,2.1055713730542876e-05,2.2958614139439293e-06,4.7469650890593347e-07,0.0015673944770896672,0.0002313832630855305,0.0
0.001,0.001,0.001,0.001,138.0,10.0,6.237276573024575e-05,1.773957713821454e-05,0.08963116022051612,2.8481413475990473e-05,3.4200784553522585e-06,1.309514239120347e-06,0.0017506628979038425,0.00024590669037477774,0.0,5.101266264048192e-05,1.3963875901158944e-05,0.09052822073747542,2.2489935600508072e-05,2.6119838637512523e-06,5.843055436372326e-07,0.00156735356898727,0.0002309739734631259,0.0
0.001,0.001,0.001,0.001,139.0,10.0,6.759193181488797e-05,1.961178488292558e-05,0.08982108466928736,3.097347861611419e-05,3.7849896327406548e-06,1.7878523207763333e-06,0.0017761562068591625,0.00024517183615727203,0.0,5.5385262360067224e-05,1.6120591954893884e-05,0.0899701677907297,2.487534919363589e-05,2.8007774324634996e-06,2.842262475696519e-07,0.0015682063515017706,0.00023073010232167038,0.0
0.001,0.001,0.001,0.001,140.0,10.0,6.417081515458049e-05,1.8780619145644045e-05,0.08961434105556024,2.936191838356075e-05,3.4150237028345207e-06,1.1900347099773092e-06,0.0017556945818311175,0.0002461785601408076,0.0,4.8501179974264735e-05,1.2920897385770346e-05,0.09166172597956905,2.1575183355333354e-05,2.3130642495474744e-06,2.3882203333121834e-07,0.001537305247328634,0.00022870409824066895,0.0
0.001,0.001,0.001,0.001,141.0,10.0,6.516158485354748e-05,1.943999920487339e-05,0.09012921332205293,2.914573758310725e-05,3.5745512443910287e-06,1.5380709063520183e-06,0.0017853088197746514,0.0002450304746386197,0.0,5.049424708543336e-05,1.3241301798295941e-05,0.09116394126910239,2.2984745234733802e-05,2.305932159676077e-06,5.306125447950951e-07,0.0016052646523786252,0.0002315261260223467,0.0
0.001,0.001,0.001,0.001,142.0,10.0,6.468822887147687e-05,1.8378131927229418e-05,0.08969668842161214,2.95629115137852e-05,3.5696729188150406e-06,1.7818877946093487e-06,0.001758017162524341,0.00024259561477935838,0.0,5.1221967595536744e-05,1.402313102774985e-05,0.09224178941088977,2.287378857579881e-05,2.356549312737909e-06,4.777406206183476e-07,0.001541011788717964,0.00022665794111659772,0.0
0.001,0.001,0.001,0.001,143.0,10.0,6.331953915039415e-05,1.820360841231885e-05,0.08999942810994416,2.8878663381264184e-05,3.3642592599678493e-06,1.437268296899105e-06,0.001749898043711276,0.00024357971494026376,0.0,5.9384349643711606e-05,1.8479604825509287e-05,0.09270252222936459,2.62244838217736e-05,2.4439912273005403e-06,6.511524890188301e-07,0.0015840902634506407,0.00023148654444786885,0.0
0.001,0.001,0.001,0.001,144.0,10.0,6.445407154801699e-05,1.8583956477169072e-05,0.08996258045768517,2.96089450406891e-05,3.443472581527482e-06,1.4121143983208228e-06,0.0017369341304764871,0.00024093253339355533,0.0,5.5098369412763034e-05,1.5520587008553003e-05,0.09037522505002038,2.5401810883091413e-05,2.4299497917399376e-06,4.1610418061108874e-07,0.0015738148525821297,0.0002292395774646667,0.0
0.001,0.001,0.001,0.001,145.0,10.0,6.586669382310004e-05,1.903170484089875e-05,0.08986810384508065,3.056139269030992e-05,3.5671058656709286e-06,1.3013433300628244e-06,0.0017338476835407838,0.00024183371176873675,0.0,5.028716008269323e-05,1.3471142084737671e-05,0.09095104335191753,2.2909473593314146e-05,2.312018675143024e-06,2.2839143177995593e-07,0.0015697958585113338,0.00022710302857634575,0.0
0.001,0.001,0.001,0.001,146.0,10.0,6.764390205977326e-05,1.9277339373614946e-05,0.08997952684018276,3.191256059249923e-05,3.778470986525564e-06,1.260187266672936e-06,0.0017450322433253593,0.00024173914441437462,0.0,4.787061311696111e-05,1.229931626373831e-05,0.09092845597584767,2.1581075549802714e-05,2.3025717467915574e-06,3.5057191178780427e-07,0.0015498028865090496,0.00022442325068799664,0.0
0.001,0.001,0.001,0.001,147.0,10.0,6.617178351141304e-05,1.9446739315852072e-05,0.09000862667753201,2.992370055980802e-05,3.5386931215966462e-06,1.8584169233390687e-06,0.001749468300115128,0.00024033711389785838,0.0,4.9509092450943924e-05,1.3620730519301184e-05,0.09152685270796185,2.204610044258245e-05,2.068363641646413e-06,3.880813087019409e-07,0.001543564439564299,0.0002233131773212754,0.0
0.001,0.001,0.001,0.001,148.0,10.0,6.661898701438562e-05,1.943679291906171e-05,0.0899696721304455,3.0567376788000276e-05,3.6079950229287233e-06,1.604434185693611e-06,0.0017339435026239999,0.00024054211776356737,0.0,5.322455887228152e-05,1.5004909761096644e-05,0.09086336989510019,2.4133369277850127e-05,2.497808584299668e-06,2.5876351886597173e-07,0.0015322828478466681,0.00022433708831957931,0.0
0.001,0.001,0.001,0.001,149.0,10.0,6.584725282205039e-05,1.922095562886836e-05,0.08970292509511806,3.061160951912885e-05,3.414434245216233e-06,1.2332950751722121e-06,0.001740483138399828,0.0002396666018583398,0.0,4.9600695536254784e-05,1.2860146014513403e-05,0.08956126634121767,2.301351619957081e-05,2.1838500093417365e-06,3.924450761807943e-07,0.0015208204973740406,0.00021946117760566027,0.0
0.001,0.001,0.001,0.001,150.0,10.0,6.600965071647629e-05,1.8897335826075115e-05,0.08964966440931112,3.0770443620290423e-05,3.5944630206089156e-06,1.3935448548340024e-06,0.0017473539086201373,0.0002388897576020335,0.0,5.074254005795319e-05,1.2996404098526487e-05,0.09157682968155323,2.3426857419461246e-05,2.5838978984991745e-06,3.279148256397754e-07,0.0015604923713700943,0.0002249782915632152,0.0
0.001,0.001,0.001,0.001,151.0,10.0,6.574101066747128e-05,1.8813928188925098e-05,0.09017258929374239,3.0384983529745496e-05,3.680168358741257e-06,1.4638612945993244e-06,0.001746279409658432,0.0002380810647540573,0.0,5.5972392851878346e-05,1.5593022228672595e-05,0.09203963930425348,2.547710977473468e-05,2.6549561992052175e-06,7.771903214372513e-07,0.001554141860377933,0.00022661503265455937,0.0
0.001,0.001,0.001,0.001,152.0,10.0,6.486287101883138e-05,1.852522221938832e-05,0.09017844848780161,2.9957448029897668e-05,3.433922145490516e-06,1.5636841720737856e-06,0.0017345995967746094,0.00023647497896048348,0.0,5.503333274321993e-05,1.558630412332337e-05,0.09295334396271557,2.510023571734734e-05,2.5250731703118433e-06,2.910378096952199e-07,0.0015443805504467816,0.00022353479731294237,0.0
0.001,0.001,0.001,0.001,153.0,10.0,6.436864128702213e-05,1.8213195177397688e-05,0.090332767262148,3.003706169136344e-05,3.5124083386788706e-06,1.2075593460508825e-06,0.0017126527436556376,0.0002365140240650209,0.0,5.077855690413841e-05,1.3700172486603237e-05,0.09155382512453106,2.2958688576584707e-05,2.4540831261603805e-06,2.947367958491215e-07,0.0015122520122644863,0.000221549362989721,0.0
0.001,0.001,0.001,0.001,154.0,10.0,6.43994213042501e-05,1.851603307013208e-05,0.09079901183727981,2.9751761006287785e-05,3.391714651149247e-06,1.2970603231543307e-06,0.0017139467393058145,0.00023629513428292148,0.0,5.42544846328408e-05,1.3957636725019735e-05,0.09176858509391236,2.561404381000121e-05,2.678039730680586e-06,6.509063867153575e-07,0.0015139482564141388,0.00021769999798899276,0.0
0.001,0.001,0.001,0.001,155.0,10.0,6.50826519714062e-05,1.8242732238743688e-05,0.09063854852779794,3.066189365315982e-05,3.4645760736051938e-06,1.2995101114929399e-06,0.0016917352038130363,0.0002350085132146562,0.0,5.265573270719218e-05,1.3990197867409557e-05,0.09318629301646177,2.415728033571893e-05,2.5401763735704305e-06,4.166466332267868e-07,0.0015198491388048886,0.00022328024690358088,0.0
0.0002,0.0002,0.0002,0.0002,156.0,10.0,4.457216675183276e-05,1.0569514147617495e-05,0.08967672770337816,2.0326081688677674e-05,2.1583229462968336e-06,2.1436033867934555e-07,0.0016393161883869974,0.00023362152661440442,0.0,3.445174578068416e-05,7.931445248642883e-06,0.0899390673400209,1.3842039841818398e-05,1.434916911657984e-06,6.793693684508276e-08,0.0014487342448956672,0.00021815002900876578,0.0
0.0002,0.0002,0.0002,0.0002,157.0,10.0,3.989739563251178e-05,9.045680510320992e-06,0.09070194248300341,1.734841274559187e-05,1.9188544788377166e-06,2.0500555145775928e-07,0.0016284128796176507,0.00023092484150176253,0.0,3.283166976358176e-05,7.166781439824817e-06,0.09135603737150509,1.29286580068957e-05,1.3250529578696565e-06,1.1336362734504492e-07,0.0014481292626656154,0.00021622103143124487,0.0
0.0002,0.0002,0.0002,0.0002,158.0,10.0,3.793843011152551e-05,8.362431756452243e-06,0.09142687106833833,1.615743372753778e-05,1.779140853508418e-06,2.1708594006282606e-07,0.0016208942036201616,0.00022796511657321116,0.0,3.1838443181085745e-05,6.776739516734618e-06,0.09219769736474773,1.237889254830202e-05,1.2558801452291766e-06,7.520815892550175e-08,0.0014406677950205842,0.00021319532424338792,0.0
0.0002,0.0002,0.0002,0.0002,159.0,10.0,3.6504633975513385e-05,7.710362364953941e-06,0.0921746174406411,1.542296669942572e-05,1.6791048614259554e-06,2.3045465979016494e-07,0.0016116882298279676,0.00022442839236957735,0.0,3.1398806832905994e-05,6.602956564858001e-06,0.09249577506293888,1.2164660920241464e-05,1.2030854238071912e-06,6.383553344824633e-08,0.0014364599547539048,0.0002114691072521058,0.0
0.0002,0.0002,0.0002,0.0002,160.0,10.0,3.521565213444744e-05,7.223313216772994e-06,0.09253714252775999,1.4747797485678241e-05,1.5719086811940648e-06,2.1908783393995136e-07,0.001600078878373472,0.00021998308871953778,0.0,3.107862209010072e-05,6.5471874472756555e-06,0.09297407709809735,1.189470584327002e-05,1.159244520519653e-06,9.021861199209469e-08,0.0014405489498813826,0.00020898581513890087,0.0
0.0002,0.0002,0.0002,0.0002,161.0,10.0,3.442316460445058e-05,6.845593479143196e-06,0.09301324433070432,1.4390689895507878e-05,1.5026532586025414e-06,2.2683006487283367e-07,0.0015844752421031905,0.00021560737903353398,0.0,3.096567527265638e-05,6.596436852088342e-06,0.0934336894420604,1.1778576286094552e-05,1.1127072886030785e-06,8.863156421785036e-08,0.0014280962812549928,0.000204595454857132,0.0
0.0002,0.0002,0.0002,0.0002,162.0,10.0,3.371669351730076e-05,6.7414016468107645e-06,0.09326217284075963,1.3893754840667806e-05,1.4232777267828586e-06,2.1229878047822097e-07,0.0015648608766493162,0.00021197436556113906,0.0,3.115461789386062e-05,6.72981327845459e-06,0.09396158447521367,1.1901092333554732e-05,1.0416351808223672e-06,7.706731737514545e-08,0.0014050772142109936,0.00020088516969808174,0.0
0.0002,0.0002,0.0002,0.0002,163.0,10.0,3.299538292857553e-05,6.5056292727245625e-06,0.09364551261495253,1.3464889258190432e-05,1.370338583242017e-06,2.0239983018834993e-07,0.0015550731513970727,0.0002087575014516408,0.0,3.250347518590807e-05,7.188611620234806e-06,0.09407705643494649,1.2756278531618918e-05,1.0627041254274777e-06,8.269709166895145e-08,0.0014207972585027037,0.00020054784891383712,0.0
0.0002,0.0002,0.0002,0.0002,164.0,10.0,3.388530688333617e-05,6.8570314344696265e-06,0.09376301710958732,1.402955563280147e-05,1.3645393936263875e-06,1.994141605839888e-07,0.001542672464904141,0.00020584647886421023,0.0,3.578293555280013e-05,9.118863468838722e-06,0.09418091036147312,1.4085129965320025e-05,1.0526044047460158e-06,1.0270225842855026e-07,0.0014205109730852723,0.0002005544426811901,0.0
0.0002,0.0002,0.0002,0.0002,165.0,10.0,3.392994556901314e-05,6.8998656427614745e-06,0.09379273723066377,1.4092458367544455e-05,1.3414560090856416e-06,1.8698897947059773e-07,0.0015347183083976573,0.0002029903062678997,0.0,3.5342309035535634e-05,9.079686532959543e-06,0.09429277255357756,1.3759295707352261e-05,1.003144534568855e-06,9.662170721798921e-08,0.001411041967928487,0.00019742834782213774,0.0
0.0002,0.0002,0.0002,0.0002,166.0,10.0,3.2824170961776057e-05,6.509313744961735e-06,0.09389746132122634,1.3469210621553512e-05,1.2753465645507173e-06,1.7746072396875082e-07,0.0015284426394412392,0.0002003093444320537,0.0,3.3180465469391415e-05,7.84450576027471e-06,0.09449297434627804,1.2865537237114392e-05,9.950467671848782e-07,8.474829044610308e-08,0.001407302873753733,0.00019413302257269537,0.0
0.0002,0.0002,0.0002,0.0002,167.0,10.0,3.253956602430155e-05,6.453311253829832e-06,0.09409666246875965,1.326915609511863e-05,1.2543480474000032e-06,1.7333175882228868e-07,0.0015208562652156224,0.00019797529744105364,0.0,3.66690685834303e-05,9.797716664182986e-06,0.09406087856907333,1.4462264046141138e-05,9.809464284428274e-07,8.854396703421063e-08,0.001411265397934198,0.0001933509674140576,0.0
0.0002,0.0002,0.0002,0.0002,168.0,10.0,3.2819571044023176e-05,6.626172774714928e-06,0.09419714823936368,1.3422382015811123e-05,1.2376424328322054e-06,1.6033045229755543e-07,0.0015137252542712126,0.00019533288912909939,0.0,3.791230735093094e-05,1.0304428945261475e-05,0.0946547576712902,1.5171840749043531e-05,9.60903416628188e-07,9.14429876410203e-08,0.0014072871637276043,0.00019182156573082352,0.0
0.0002,0.0002,0.0002,0.0002,169.0,10.0,3.28675870310771e-05,6.598683605251983e-06,0.09437786740997307,1.3490383584215e-05,1.2357129664898666e-06,1.7243314383511377e-07,0.0015136899831047327,0.00019325873993702693,0.0,3.8913616940133825e-05,1.1078585812733967e-05,0.09465339774697709,1.5414904355188604e-05,9.489341335779106e-07,1.1486140174320823e-07,0.0014098209556946241,0.00018909916179584964,0.0
0.0002,0.0002,0.0002,0.0002,170.0,10.0,3.203542854469415e-05,6.3170163797373854e-06,0.09421328599769632,1.3039535122657408e-05,1.1985695176156514e-06,1.4726673153922755e-07,0.0015069689576603798,0.00019117124693113555,0.0,3.333632709960184e-05,8.364554803998626e-06,0.09414324476335288,1.270322325810953e-05,9.133977210601635e-07,7.770504741616231e-08,0.001404480009652339,0.00018631220073106854,0.0
0.0002,0.0002,0.0002,0.0002,171.0,10.0,3.117220468030935e-05,6.087678289289439e-06,0.09435026066889494,1.2458730654895856e-05,1.1625472202242635e-06,1.3829044659477167e-07,0.0014988076914757822,0.00018899322907728824,0.0,3.345550333893339e-05,8.41458159547385e-06,0.09504265593409951,1.2672574722497007e-05,9.317202979122973e-07,8.505529732584461e-08,0.0013988116352454756,0.0001847306076849321,0.0
0.0002,0.0002,0.0002,0.0002,172.0,10.0,3.202226050988247e-05,6.495453585197914e-06,0.094497516332281,1.2902922606465561e-05,1.1516365778162352e-06,1.5645870081465936e-07,0.0014934863121662634,0.00018660376628721576,0.0,3.6109667603199606e-05,1.0403445631869973e-05,0.09528615106554593,1.3320362628310942e-05,9.230978641987151e-07,1.089027924017831e-07,0.0013983451594537363,0.0001825244024038036,0.0
0.0002,0.0002,0.0002,0.0002,173.0,10.0,3.153015644571961e-05,6.291733282450845e-06,0.09459862560665733,1.2642131829128284e-05,1.145222755247661e-06,1.411948143442931e-07,0.0014810124299225848,0.00018500115819069499,0.0,3.211179838787118e-05,7.819245042952124e-06,0.09498733539894791,1.2043172354358226e-05,8.88697164602599e-07,5.420500550066142e-08,0.001392569696243891,0.0001807745590815675,0.0
0.0002,0.0002,0.0002,0.0002,174.0,10.0,3.1144214321164784e-05,5.983960026949439e-06,0.09468628315551944,1.2584860770040005e-05,1.132211947769476e-06,1.4366386224537246e-07,0.0014801172538635838,0.0001830889672698272,0.0,3.856494202403228e-05,1.101906675959232e-05,0.09469907545197793,1.520743392332919e-05,9.278179638931289e-07,1.2463602062759167e-07,0.001418279150378436,0.00018160799330160438,0.0
0.0002,0.0002,0.0002,0.0002,175.0,10.0,3.26757759287268e-05,6.6342704474891355e-06,0.09483364332868918,1.3434546646914164e-05,1.1668313900390776e-06,1.458765749448672e-07,0.0014732707954868917,0.00018108868293064206,0.0,3.922024450629827e-05,1.1219769230687057e-05,0.09483832767987334,1.5689067688928096e-05,9.096319253018925e-07,1.280743904993819e-07,0.0013997502049759908,0.0001789868842414822,0.0
0.0002,0.0002,0.0002,0.0002,176.0,10.0,3.1367390229548375e-05,6.170536073767341e-06,0.09482422975869018,1.269128628785061e-05,1.1039785544916078e-06,1.2047879722847505e-07,0.001471538082377386,0.000179868786404015,0.0,3.470857912559944e-05,8.89629480810994e-06,0.09515138986201435,1.3548947113421236e-05,9.025582762428539e-07,7.567939780118144e-08,0.0013999004818492644,0.00017699608909843125,0.0
0.0002,0.0002,0.0002,0.0002,177.0,10.0,3.1537570571255194e-05,6.111543314995623e-06,0.09490161946602906,1.2903584923497186e-05,1.1207825906270103e-06,1.3407487700578785e-07,0.0014651329530172231,0.00017774232326222652,0.0,4.1146475961109605e-05,1.2014141152088694e-05,0.09531914581992634,1.678545867872316e-05,9.244761849058029e-07,1.1763089930951273e-07,0.0014071350648941208,0.0001772854753200345,0.0
0.0002,0.0002,0.0002,0.0002,178.0,10.0,3.227551559535148e-05,6.578020812786072e-06,0.09489571036127081,1.3191274149938678e-05,1.1046126364246918e-06,1.450169242887771e-07,0.0014588156828894221,0.0001767020267512498,0.0,4.12520366052877e-05,1.2098913483735969e-05,0.09521034460476113,1.6837092466300125e-05,9.243562589127911e-07,1.0325053803557912e-07,0.0014138691994171448,0.00017673897937727306,0.0
0.0002,0.0002,0.0002,0.0002,179.0,10.0,3.144215915628275e-05,6.221099917180784e-06,0.09492133478462617,1.27580702992054e-05,1.092226808166332e-06,1.250228827369138e-07,0.001458427820709207,0.000175360603695182,0.0,3.699938808375475e-05,1.0015773328777113e-05,0.09512993610853968,1.4797379511078346e-05,8.817374206580435e-07,5.349141747462224e-08,0.0014006712475540214,0.00017380129586863752,0.0
0.0002,0.0002,0.0002,0.0002,180.0,10.0,3.102176758443695e-05,6.081006815250426e-06,0.0949371953807971,1.2507046140734162e-05,1.0768612775313675e-06,1.2778998137923774e-07,0.001456023009422452,0.0001735344072411003,0.0,4.095503624509915e-05,1.200435365789949e-05,0.09460014594673698,1.678961885382645e-05,9.124913926990903e-07,6.118161906971468e-08,0.0014083972019481772,0.0001727376405435097,0.0
0.0002,0.0002,0.0002,0.0002,181.0,10.0,3.191986048937203e-05,6.456660039411909e-06,0.09527887627234874,1.2996627805643293e-05,1.0901470830320993e-06,1.2534849137521323e-07,0.0014508429141197698,0.0001723189777782439,0.0,4.3963154390773324e-05,1.35877926808852e-05,0.09522817152387955,1.816186992941782e-05,9.028226372818728e-07,8.114175180282479e-08,0.001393696700889862,0.00017067104313968904,0.0
0.0002,0.0002,0.0002,0.0002,182.0,10.0,3.091018621302045e-05,6.045745212504843e-06,0.09507980789371487,1.2470261419512213e-05,1.0710897652145279e-06,1.1240753839690241e-07,0.0014419876607969886,0.00017027018934493568,0.0,3.546266630881065e-05,9.535502514157506e-06,0.09544417081613442,1.3774905893621594e-05,8.559067438648347e-07,7.872835209590918e-08,0.0013751583596833283,0.00016732058659988248,0.0
0.0002,0.0002,0.0002,0.0002,183.0,10.0,3.0585312145469804e-05,5.909129837894057e-06,0.09526382057153053,1.2283551343033993e-05,1.0540646085175532e-06,1.2361310805090158e-07,0.0014401692977079371,0.00016885713309880892,0.0,4.1754160045010075e-05,1.2495916644656092e-05,0.09490879630238128,1.7109884305632147e-05,8.857853822057025e-07,8.77400743002078e-08,0.0014048983398534899,0.00016839545256440902,0.0
0.0002,0.0002,0.0002,0.0002,184.0,10.0,3.167027156596615e-05,6.406288020201116e-06,0.09538734977698263,1.2858507542543513e-05,1.0589419625303279e-06,1.2775845160107067e-07,0.0014362850091295463,0.00016800409077685516,0.0,4.889315974103669e-05,1.637899300904417e-05,0.09488465647280835,2.0363185354767272e-05,8.858361894533848e-07,1.0017827850460229e-07,0.0013931490477677242,0.00016765014096654655,0.0
0.0002,0.0002,0.0002,0.0002,185.0,10.0,3.0239822692775517e-05,5.951023295879765e-06,0.09516057599508886,1.1980183183614687e-05,1.0165607076460136e-06,1.1200392457024556e-07,0.001429693137681522,0.00016639941954885677,0.0,3.1902447467142956e-05,8.000227032479255e-06,0.09538380425281591,1.1851223833495622e-05,8.197485038548602e-07,7.148249587484549e-08,0.0013606067538216298,0.0001621385276203598,0.0
0.0002,0.0002,0.0002,0.0002,186.0,10.0,3.0573316686621304e-05,6.107983623141889e-06,0.09531813186145138,1.2137429313168717e-05,1.026930397208663e-06,1.2462535864440207e-07,0.001425895618249601,0.00016445350757066123,0.0,3.790569104447399e-05,1.1778105696148455e-05,0.0954096512707872,1.3950450464353614e-05,8.9557318647674e-07,1.287074834131153e-07,0.001366873023222655,0.0001611889333412443,0.0
0.0002,0.0002,0.0002,0.0002,187.0,10.0,3.0049222377695048e-05,5.987384636201473e-06,0.09534569876413157,1.1772068262019045e-05,9.973547154080839e-07,1.1915421730013385e-07,0.0014201314988394153,0.00016386909497996787,0.0,3.155490530308966e-05,7.776104143650158e-06,0.09566548265594099,1.1735324850535774e-05,8.179041257882086e-07,6.035451171210125e-08,0.001355344064656168,0.00015986696101469712,0.0
0.0002,0.0002,0.0002,0.0002,188.0,10.0,3.0165519505156687e-05,6.176399072487518e-06,0.09547694549674923,1.1705637843710272e-05,9.856668458034015e-07,1.2342054793778994e-07,0.0014254329402334496,0.00016267008758437645,0.0,6.537670079779015e-05,2.6550984947062436e-05,0.09632177418903497,2.6496738242574567e-05,9.433975961364072e-07,1.3989625589602716e-07,0.0014287886100218577,0.0001613506993166474,0.0
0.0002,0.0002,0.0002,0.0002,189.0,10.0,3.107064628257722e-05,6.389097230257194e-06,0.09531761526961641,1.2414433805582309e-05,9.999972755320997e-07,1.1802120810140742e-07,0.001421885768842705,0.00016173355543157758,0.0,2.9629388421586196e-05,6.989823612671257e-06,0.09556489195481303,1.0608187947827807e-05,8.578969987768838e-07,5.6305350674876544e-08,0.0013477079973920252,0.00015606855556228244,0.0
0.0002,0.0002,0.0002,0.0002,190.0,10.0,3.032036814457148e-05,5.989879636082817e-06,0.09550553556875911,1.2064455543298294e-05,9.902683602067066e-07,1.3046774761851874e-07,0.0014112880163914877,0.00015947436910459644,0.0,3.911796449447956e-05,1.0846010231991297e-05,0.09541622665307926,1.622725986638634e-05,8.634666145274142e-07,4.919494343302739e-08,0.0013516713352712793,0.00015904104681785264,0.0
0.0002,0.0002,0.0002,0.0002,191.0,10.0,3.0152644746014894e-05,5.8202694654265485e-06,0.09560856194850488,1.2058168219519146e-05,1.0072154748156983e-06,1.1602918683490306e-07,0.0014126941029183955,0.00015901064752536534,0.0,3.415409450866983e-05,9.089811001229835e-06,0.0951896184816905,1.3086806114260602e-05,8.486118797779547e-07,5.015489178298009e-08,0.001343306651899662,0.00015597489360755367,0.0
0.0002,0.0002,0.0002,0.0002,192.0,10.0,3.0977050598049105e-05,6.174532325338088e-06,0.09575795599875948,1.2505541276861295e-05,1.0126636396496209e-06,1.3116320249624747e-07,0.0014081336523652163,0.00015773548316628044,0.0,5.143082215874472e-05,1.7235019878394883e-05,0.09543896213844161,2.2121989527052275e-05,8.600131356035905e-07,8.550602113629138e-08,0.0013672485339348962,0.00015843973860022158,0.0
0.0002,0.0002,0.0002,0.0002,193.0,10.0,3.067233085644072e-05,6.125865680649847e-06,0.0956722537321215,1.2293951332723036e-05,1.0035086912364449e-06,1.1538182943848872e-07,0.001401868456907357,0.00015663982689099074,0.0,3.546330287957292e-05,9.301053300373732e-06,0.09581088053004552,1.4164130182548418e-05,8.350621878197448e-07,4.4940577506197655e-08,0.0013362481633433267,0.0001537028891667357,0.0
0.0002,0.0002,0.0002,0.0002,194.0,10.0,2.9987497628813098e-05,5.9263012777921975e-06,0.09560411287015462,1.1839424536254829e-05,9.857737112604264e-07,1.2157630276724754e-07,0.001396909567432708,0.0001554010748258446,0.0,4.16647701159242e-05,1.362880453491337e-05,0.09572527325586465,1.5957086356874867e-05,8.790720242654026e-07,9.99561819489229e-08,0.0013442739528510398,0.0001527323905704563,0.0
0.0002,0.0002,0.0002,0.0002,195.0,10.0,3.081965802867011e-05,6.421160190081342e-06,0.09556072731561095,1.2184941008515759e-05,9.85397799434672e-07,1.191102527918561e-07,0.001391745797859296,0.00015529763910624767,0.0,3.650863586431917e-05,1.104861674283236e-05,0.09555951658004708,1.3401140829005286e-05,8.926574051994164e-07,9.509403863965348e-08,0.0013362983319018952,0.00015151754265250702,0.0
0.0002,0.0002,0.0002,0.0002,196.0,10.0,2.994814332565575e-05,6.050780556944952e-06,0.0954482680971163,1.1717258135859166e-05,9.677630055076423e-07,1.2223827436082749e-07,0.0013908318783202886,0.00015452768070667831,0.0,3.467927120327281e-05,9.824020396480997e-06,0.09554118451672029,1.2844637527217806e-05,8.63486668637267e-07,7.292891389134704e-08,0.0013464922391548495,0.00015200797817896395,0.0
0.0002,0.0002,0.0002,0.0002,197.0,10.0,2.9830285911820492e-05,5.883459298763466e-06,0.09556125421803033,1.1771144001079584e-05,9.646698622089304e-07,1.2495324183016674e-07,0.0013870381065177293,0.00015299344445466028,0.0,3.511513240888568e-05,9.300783300821604e-06,0.09589399503073477,1.3778899170153029e-05,8.555285432705785e-07,7.359604434680061e-08,0.0013467795908399518,0.00015169260549709678,0.0
0.0002,0.0002,0.0002,0.0002,198.0,10.0,2.9928916327105193e-05,6.015170892952629e-06,0.09572616575577056,1.17176954040883e-05,9.503597452819598e-07,1.447096183576871e-07,0.0013929829732980692,0.000152836438662539,0.0,6.564108205811768e-05,2.6898806124578584e-05,0.09590154625862116,2.653413064127597e-05,9.355850966878096e-07,1.5224110454568554e-07,0.0014056564046063535,0.0001530164441382424,0.0
0.0002,0.0002,0.0002,0.0002,199.0,10.0,3.220850189724045e-05,6.796420463889009e-06,0.09578045810538616,1.3168101350400654e-05,1.0289793858667594e-06,1.159264477423934e-07,0.0013816309750928591,0.00015210286560750507,0.0,2.7113228881849254e-05,5.604990946924939e-06,0.09540298493469462,9.669619751888333e-06,7.968680205874967e-07,4.988631439811898e-08,0.001305617941108413,0.00014515655822777004,0.0
0.0002,0.0002,0.0002,0.0002,200.0,10.0,3.0280771046397524e-05,5.93640931233644e-06,0.09584228337698188,1.215117070566493e-05,9.740105484040858e-07,1.320474914724561e-07,0.0013774604574101454,0.00015029048776430694,0.0,3.7204166008475736e-05,9.711315443260038e-06,0.09612241214637525,1.547719884627969e-05,8.711777145489023e-07,4.952621824837309e-08,0.0013238431255020537,0.0001482706881521707,0.0
0.0002,0.0002,0.0002,0.0002,201.0,10.0,2.9853362265956874e-05,5.768133802713073e-06,0.09576932996441423,1.1927108228793594e-05,9.61893591780172e-07,1.2380665935932593e-07,0.0013785101400880437,0.0001495487230531031,0.0,4.891721182880451e-05,1.7990863125935032e-05,0.09587466324901911,1.8880362619733407e-05,8.745699539702142e-07,9.728575245508748e-08,0.0013553098969606226,0.00014866644095613946,0.0
0.0002,0.0002,0.0002,0.0002,202.0,10.0,3.069073659884098e-05,6.501747274383594e-06,0.09576840595959335,1.2054495483033494e-05,9.374811391131273e-07,1.2162099080882707e-07,0.0013723568380779,0.0001498551474070676,0.0,3.962469340137296e-05,1.2863033457207421e-05,0.09602231094065834,1.4710787695155407e-05,8.756671642528597e-07,1.0475120131856774e-07,0.0013318917771259961,0.00014682229313532947,0.0
0.0002,0.0002,0.0002,0.0002,203.0,10.0,2.987112835064371e-05,5.975759032570109e-06,0.09574616339504163,1.1770564113586192e-05,9.470008324800031e-07,1.1656565184775841e-07,0.0013699156280051225,0.00014866226944554035,0.0,3.1519930240600276e-05,7.411805156536635e-06,0.09583892201469844,1.2165716716135083e-05,8.515199341734758e-07,5.066113913613005e-08,0.0013178229887057804,0.00014563352968277905,0.0
0.0002,0.0002,0.0002,0.0002,204.0,10.0,3.0179510384129186e-05,6.1922434032468514e-06,0.09591604016504097,1.1830974936273365e-05,9.303555594683989e-07,1.534125214607833e-07,0.0013776483522741519,0.0001480920212070669,0.0,6.693122519196695e-05,2.7238080232797124e-05,0.09647164009124762,2.750419219545428e-05,9.089231187982056e-07,1.551714351812671e-07,0.0013718977800141828,0.0001477694300982306,0.0
0.0002,0.0002,0.0002,0.0002,205.0,10.0,3.0964954600053285e-05,6.320936103351578e-06,0.09584509938370064,1.2499127727815495e-05,9.659096143245134e-07,1.2034902860279577e-07,0.001365660030894604,0.00014741224769817033,0.0,2.741049950672809e-05,5.802855570323511e-06,0.0961189940571785,9.774827735168637e-06,7.798887018629288e-07,4.511037626026292e-08,0.0012869942860007544,0.00013959179988358924,0.0
0.0002,0.0002,0.0002,0.0002,206.0,10.0,2.9554749618956764e-05,5.644796673202601e-06,0.0961597906944576,1.1765814285969512e-05,9.485719042831654e-07,1.252396350058868e-07,0.0013599543214924624,0.00014543484242462976,0.0,3.815404386740987e-05,1.0242278181869873e-05,0.09610520048021857,1.5966363869218775e-05,8.455032219331647e-07,4.733232535326191e-08,0.0013211881729796736,0.00014420466430546276,0.0
0.0002,0.0002,0.0002,0.0002,207.0,10.0,2.979855472974782e-05,5.804160990146282e-06,0.09607259619452058,1.1863594076588656e-05,9.547456885375033e-07,1.192243577782486e-07,0.0013586218843401542,0.00014495702420315662,0.0,3.452839821129538e-05,8.94182948566557e-06,0.09575117258258345,1.3752873333331735e-05,8.005486963993053e-07,4.9426800792943924e-08,0.0013012225340059266,0.0001408602998255201,0.0
0.0002,0.0002,0.0002,0.0002,208.0,10.0,3.0520443351944505e-05,6.081138589955455e-06,0.09623309281858902,1.2285183364048744e-05,9.589546909466237e-07,1.337890878802566e-07,0.0013564091839627023,0.00014380685567435292,0.0,4.054308643566193e-05,1.1753006007380451e-05,0.09584331994547564,1.6855322629078944e-05,8.489973147052973e-07,7.53707400282538e-08,0.00132192052928183,0.0001426057814755179,0.0
0.0002,0.0002,0.0002,0.0002,209.0,10.0,2.9181017134204182e-05,5.555591865576734e-06,0.09602435320838756,1.151527453251794e-05,9.555399256984806e-07,1.189532239166851e-07,0.0013529251836179312,0.00014332225899498465,0.0,3.378874944844428e-05,9.162383409498774e-06,0.09616865235732089,1.2741355436339612e-05,7.974880974155199e-07,6.913871861184143e-08,0.0013124158273202893,0.00014015186928892606,0.0
0.0002,0.0002,0.0002,0.0002,210.0,10.0,3.1437380044906946e-05,6.774372546737275e-06,0.09598772929774212,1.2542944662857695e-05,9.542504078552577e-07,1.415984941839995e-07,0.0013496531226164143,0.00014254412812626454,0.0,5.548482244143667e-05,2.1441630206121595e-05,0.09597882561411412,2.20584723792602e-05,8.754958562101373e-07,1.0835245957211042e-07,0.001323750636952842,0.00014029891426490932,0.0
0.0002,0.0002,0.0002,0.0002,211.0,10.0,2.9665522215828433e-05,5.907179297639936e-06,0.09617647556421266,1.165728002451846e-05,9.351384027948344e-07,1.230733858845037e-07,0.0013448074716626945,0.00014252037856906822,0.0,2.846860380804611e-05,6.257970480590831e-06,0.095828016427149,1.0437330011948384e-05,7.86020953158687e-07,4.022428590288123e-08,0.001274149862495106,0.00013642563536296121,0.0
0.0002,0.0002,0.0002,0.0002,212.0,10.0,2.8148126894007047e-05,5.138500024331545e-06,0.09607529238336125,1.095190558598915e-05,9.120852613144248e-07,1.3187409162970027e-07,0.0013456097302009915,0.00014062329363680884,0.0,3.9882554774270084e-05,1.152263101200953e-05,0.09583875253332527,1.6497000745947495e-05,8.102121471847411e-07,7.587006418735957e-08,0.0013124134128101195,0.00013929657850133144,0.0
0.0002,0.0002,0.0002,0.0002,213.0,10.0,3.2196813606795476e-05,6.909696377945398e-06,0.09634842525756371,1.3156440314284525e-05,9.673091926299493e-07,1.221802887026303e-07,0.0013481105063786296,0.00014063451205361137,0.0,3.896917355302028e-05,1.1062266536088063e-05,0.0955469453365745,1.612708510349476e-05,8.235352136640913e-07,4.698111154090373e-08,0.0012829900492839902,0.00013546113734207862,0.0
0.0002,0.0002,0.0002,0.0002,214.0,10.0,3.0048815070291406e-05,5.863969683562497e-06,0.09614284324290504,1.2079458252409398e-05,9.520409022924403e-07,1.4615446831208111e-07,0.001343396254497056,0.0001392907715214174,0.0,5.300559346591506e-05,1.9817260333929944e-05,0.09599349951970948,2.1233759764960067e-05,8.771721719269005e-07,1.103789080313577e-07,0.0013185883239781723,0.00013676723269199885,0.0
0.0002,0.0002,0.0002,0.0002,215.0,10.0,2.907949759241663e-05,5.865676392957259e-06,0.09605618256204425,1.1194163497735873e-05,8.939258666498266e-07,1.2777314799939974e-07,0.0013347824437782284,0.0001392340710312667,0.0,4.289833963928207e-05,1.4604308536857492e-05,0.09630108802582565,1.6370661777945093e-05,8.416101492361937e-07,8.5289435146856e-08,0.0013090818048902759,0.00013663611540405294,0.0
0.0002,0.0002,0.0002,0.0002,216.0,10.0,3.0579669786857555e-05,6.346780325236897e-06,0.0959625062852086,1.2177569049818597e-05,9.320714918472118e-07,1.3753382989193587e-07,0.0013387446098516846,0.0001389464777885639,0.0,5.1608447940521845e-05,1.963528506368178e-05,0.09606800826466207,2.0057930683443314e-05,8.434305884911281e-07,1.010382737998792e-07,0.0013158879561871806,0.00013639629369177234,0.0
0.0002,0.0002,0.0002,0.0002,217.0,10.0,3.004103937755821e-05,6.192254300969057e-06,0.09603531583260139,1.178019396317896e-05,9.429184880083696e-07,1.33687327185191e-07,0.00133883529970494,0.00013884540085754065,0.0,5.04562835366474e-05,1.9279140873562794e-05,0.09560559192433901,1.923424421519482e-05,9.070605306153248e-07,9.576534756582527e-08,0.0013114773385568318,0.00013795136864180071,0.0
0.0002,0.0002,0.0002,0.0002,218.0,10.0,3.0381044384349897e-05,6.301233150041304e-06,0.09593325832578488,1.203010820026873e-05,9.387201548437995e-07,1.3189378682486426e-07,0.0013398173599263965,0.0001385763461585487,0.0,5.6046558746004195e-05,2.2115609011030554e-05,0.09601212960626015,2.200976862484973e-05,8.573495896461719e-07,9.576883669945166e-08,0.0013257171169155403,0.00013668501222467697,0.0
0.0002,0.0002,0.0002,0.0002,219.0,10.0,2.9877186256233004e-05,5.967153289685279e-06,0.09619470979086678,1.1869766849435187e-05,9.225513587403478e-07,1.1659916491478164e-07,0.0013388296902857538,0.00013816448551739005,0.0,3.255191164171391e-05,7.522442884947192e-06,0.09610220521791583,1.3194531163859449e-05,8.313902711436059e-07,4.177796703280682e-08,0.0012955174698400921,0.00013515490858776737,0.0
0.0002,0.0002,0.0002,0.0002,220.0,10.0,2.879461613828624e-05,5.238455589881181e-06,0.0961936064102137,1.148073077076642e-05,9.49123960104917e-07,1.392612560496567e-07,0.0013392992141177823,0.00013676841899214976,0.0,3.765475521882058e-05,1.0721210037760121e-05,0.09632885128672147,1.5079852434506223e-05,8.082035329793675e-07,5.533300125206013e-08,0.0013189710451895855,0.00013572709714532806,0.0
0.0002,0.0002,0.0002,0.0002,221.0,10.0,3.1428528121280606e-05,6.547752644367271e-06,0.09649872190577939,1.2756355799321893e-05,9.747924182022575e-07,1.3285089922376245e-07,0.0013393682299481131,0.00013669044575479006,0.0,4.837106340113628e-05,1.5497846684364137e-05,0.09591780440514476,2.1010303357152824e-05,8.503868488339643e-07,5.2491582980301435e-08,0.00131505372439379,0.00013682547342201378,0.0
0.0002,0.0002,0.0002,0.0002,222.0,10.0,3.029914999387173e-05,6.074487744526884e-06,0.09610919657951654,1.2183130618346417e-05,9.6057234916287e-07,1.1125570428188117e-07,0.0013343151217526618,0.00013587842107560253,0.0,4.566413098438659e-05,1.6336409200423367e-05,0.09624218801519863,1.7425231117252957e-05,8.532529692960354e-07,9.938538856174208e-08,0.0013041183824576824,0.00013256337384694937,0.0
0.0002,0.0002,0.0002,0.0002,223.0,10.0,2.9183395455896858e-05,5.791854379405251e-06,0.09624172645502489,1.1397756845330885e-05,8.92160756371669e-07,1.2101714188971413e-07,0.0013264994793098462,0.0001356433875579036,0.0,3.0406285480154632e-05,6.890637461866142e-06,0.09629565856345385,1.1745541832355367e-05,7.957886152027379e-07,3.2779759431247686e-08,0.0012757423411165348,0.00013119722733756077,0.0
0.0002,0.0002,0.0002,0.0002,224.0,10.0,2.9323312004075245e-05,5.957091089880862e-06,0.09627796166114645,1.1314039500041462e-05,9.047331575178505e-07,1.6767306293302157e-07,0.0013335239776528372,0.00013519792743479055,0.0,7.679849451620883e-05,3.243464281732961e-05,0.0963841911315093,3.233097300634242e-05,8.676747483273128e-07,1.712718310551489e-07,0.0013424422415488988,0.00013555132887273008,0.0
0.0002,0.0002,0.0002,0.0002,225.0,10.0,3.1498699444669517e-05,6.628004876211291e-06,0.09608783577279402,1.2812217492095167e-05,9.669933244640848e-07,1.3118659739172123e-07,0.0013272672968495398,0.0001351513867529457,0.0,5.0310074502735555e-05,1.9054542511760898e-05,0.09616857816088159,1.939032798240531e-05,8.618024324342454e-07,7.423580095896214e-08,0.0012952578225846573,0.0001312308246571938,0.0
0.0002,0.0002,0.0002,0.0002,226.0,10.0,3.0136927461403763e-05,6.063016655105422e-06,0.09614111071052056,1.2071962230586766e-05,9.163787292499071e-07,1.26744865424452e-07,0.0013191015607392149,0.00013447141828922524,0.0,3.0771689264155734e-05,7.015485836500469e-06,0.09661792187748483,1.1920349867370697e-05,8.095054520133088e-07,5.96721972902989e-08,0.0012698371876127838,0.00013048839327484688,0.0
0.0002,0.0002,0.0002,0.0002,227.0,10.0,2.7915851322135863e-05,5.033791703565634e-06,0.09635647935028295,1.0863249102280465e-05,9.201948022531816e-07,1.2922072919247332e-07,0.0013227607760141575,0.00013337473853702707,0.0,3.679611612490788e-05,1.0539090603160605e-05,0.09670537259030094,1.4398655613719072e-05,8.099567577435044e-07,5.298436962992688e-08,0.001304683507948624,0.000132489164467018,0.0
0.0002,0.0002,0.0002,0.0002,228.0,10.0,3.246986118765095e-05,7.538936054075875e-06,0.09637513785651919,1.2857295113510581e-05,9.55129443787735e-07,1.459384021301686e-07,0.0013276774398299272,0.0001335048696896873,0.0,7.858152192648521e-05,3.438908404412951e-05,0.09605059654139317,3.217876511217082e-05,9.641469117953697e-07,1.1307488913369614e-07,0.0013291054054011936,0.00013313915660168981,0.0
0.0002,0.0002,0.0002,0.0002,229.0,10.0,2.9137112374318695e-05,5.774329707595914e-06,0.09666298242124191,1.131560168839179e-05,9.175101582734477e-07,1.3081139380785012e-07,0.0013208830320734649,0.00013325615233504676,0.0,3.21440987617654e-05,9.038513652737074e-06,0.09650818361646164,1.1341829328233505e-05,8.06775037776426e-07,5.107109508997376e-08,0.0012552668135065365,0.00012550915511332856,0.0
0.0002,0.0002,0.0002,0.0002,230.0,10.0,2.9442677314087493e-05,5.755976147850315e-06,0.09641604686149827,1.1663807177291839e-05,9.148278986372189e-07,1.5051964487378485e-07,0.001314599349833569,0.00013159420954414016,0.0,3.109453660147958e-05,6.96928264257455e-06,0.09621940140699432,1.2369443007710256e-05,8.075520561368834e-07,4.697542048697035e-08,0.0012640837981981131,0.0001279343892136894,0.0
0.0002,0.0002,0.0002,0.0002,231.0,10.0,2.9038290410374753e-05,5.553543844962629e-06,0.0962570062516616,1.1475381347128982e-05,9.294861762013121e-07,1.4696724986421752e-07,0.001318407330387,0.00013072113512509952,0.0,7.293874258245986e-05,3.082461398190361e-05,0.09636256482877534,3.0160837205651355e-05,8.666524401898993e-07,1.4245578439597647e-07,0.0013350137581107783,0.00013079270306457226,0.0
0.0002,0.0002,0.0002,0.0002,232.0,10.0,3.0207994270214996e-05,6.347370615771494e-06,0.09643849188960554,1.1867252104077718e-05,9.135574622396147e-07,1.1955604403762945e-07,0.0013136661894182142,0.0001316409157652724,0.0,2.7578329926714783e-05,5.972086476041431e-06,0.09605572684619666,9.937560955040051e-06,7.651095874231759e-07,4.7739277223387967e-08,0.0012440264376466868,0.00012502612543543502,0.0
0.0002,0.0002,0.0002,0.0002,233.0,10.0,3.0142859955041324e-05,6.040008702753436e-06,0.09645018565725917,1.2093762870129818e-05,9.312962593937752e-07,1.3366935698610977e-07,0.001311082447168619,0.00012991044510311244,0.0,3.419422178626283e-05,8.429035896587042e-06,0.09612611036709023,1.400555762085101e-05,8.271631763509929e-07,4.3349754820005524e-08,0.0012694528978156848,0.00012765045652372858,0.0
0.0002,0.0002,0.0002,0.0002,234.0,10.0,2.848462158231471e-05,5.298936478226151e-06,0.09638056256989343,1.1195000661064218e-05,9.251866145349417e-07,1.3285924211673325e-07,0.0013160762704093976,0.00012945825754814483,0.0,3.985936528400665e-05,1.3248455978031303e-05,0.09642637013151571,1.4831871794740437e-05,8.044389868912064e-07,6.241165240902723e-08,0.001280264855220682,0.00012695500664798676,0.0
0.0002,0.0002,0.0002,0.0002,235.0,10.0,2.998341126029848e-05,6.19558193318969e-06,0.09640332769624373,1.1813403609284856e-05,9.03266495243057e-07,1.3337925634076791e-07,0.0013090049574910711,0.00012974474992515512,0.0,3.083578708340337e-05,7.991257159078501e-06,0.09646121049009805,1.1083824612362597e-05,7.92512778121711e-07,6.64062247343851e-08,0.0012619173134899469,0.0001255665389734528,0.0
0.0002,0.0002,0.0002,0.0002,236.0,10.0,2.920579670352257e-05,5.797892317629325e-06,0.09653951958091928,1.1395500531685457e-05,9.245182543359102e-07,1.4590790445136002e-07,0.0013066045435784022,0.00012880259641557623,0.0,3.664797061627689e-05,1.0053215566372006e-05,0.09660092202437377,1.4823451087772889e-05,7.866225289782188e-07,6.18519815480452e-08,0.0012801114999879293,0.00012627373006073782,0.0
0.0002,0.0002,0.0002,0.0002,237.0,10.0,2.9882954080254758e-05,5.981065078363702e-06,0.09656814811314779,1.1916354221933944e-05,9.384673967455452e-07,1.0784111006992116e-07,0.0013077731273271596,0.00012824117427197383,0.0,2.8251947640197854e-05,5.88668272297689e-06,0.09615883192492192,1.0742360641526018e-05,7.496874353111013e-07,4.670981613338831e-08,0.001229411179190147,0.00012106240656287095,0.0
0.0002,0.0002,0.0002,0.0002,238.0,10.0,3.0494661079764694e-05,6.1671875665784464e-06,0.09643328445843438,1.2285269167224923e-05,9.593042773154506e-07,1.6899670828068879e-07,0.0013099303507551454,0.00012705751896063223,0.0,7.359226234181693e-05,3.1049658189652365e-05,0.09648232919947086,3.0540587953868875e-05,9.026404894794569e-07,1.7595651439843445e-07,0.001327515258711592,0.00012751867720546284,0.0
0.0002,0.0002,0.0002,0.0002,239.0,10.0,3.0233702520664756e-05,6.170572042795265e-06,0.09655109767167283,1.2074142339773821e-05,9.301032701529265e-07,1.233088270246657e-07,0.0013028080559696821,0.00012804666021514578,0.0,2.7991054556403022e-05,5.651617173114441e-06,0.09603213379642955,1.0677618217121744e-05,7.991812728854e-07,4.556372173983524e-08,0.0012376217323010561,0.00012138609753363318,0.0
0.0002,0.0002,0.0002,0.0002,240.0,10.0,2.8469223524767192e-05,5.227890807741363e-06,0.09664903336620251,1.124451675208669e-05,9.330070121304298e-07,1.32764471586829e-07,0.0013090515139093533,0.0001266141475514925,0.0,3.501556954553244e-05,9.204004526632114e-06,0.0962901574826983,1.410756762052943e-05,7.892175138311313e-07,5.32110337460845e-08,0.0012729386335793096,0.00012325532663774486,0.0
0.0002,0.0002,0.0002,0.0002,241.0,10.0,3.0340797542237277e-05,6.180097468805809e-06,0.09650772538371497,1.2176465486522693e-05,9.515700923465606e-07,1.237532367746791e-07,0.001304702053792389,0.00012581390440471378,0.0,3.294339313756499e-05,7.925847156122007e-06,0.09618409604452885,1.333877756406484e-05,7.82050694843573e-07,4.9898954400197446e-08,0.0012645522115597417,0.00012284095034050186,0.0
0.0002,0.0002,0.0002,0.0002,242.0,10.0,2.9009310826018464e-05,5.690052804688887e-06,0.0964290070793288,1.136937777845418e-05,9.1580785703584e-07,1.3874162655089697e-07,0.0013061177086833037,0.00012524303175873438,0.0,7.660364798410348e-05,3.2250610762577874e-05,0.09609164331095442,3.245621773420457e-05,8.576388024705647e-07,1.7597697158762584e-07,0.001321667529784375,0.00012540392657003937,0.0
0.0002,0.0002,0.0002,0.0002,243.0,10.0,3.048245033778881e-05,6.432874063022055e-06,0.09647894374478215,1.2081266077440581e-05,9.27875097512915e-07,1.268143712311548e-07,0.0013028646690919357,0.0001265726589112912,0.0,2.9031028584367675e-05,6.554786237744483e-06,0.09645495687492166,1.0787525770771203e-05,7.848454562608656e-07,3.930029038840853e-08,0.001247342269880549,0.00012190751832982189,0.0
0.0002,0.0002,0.0002,0.0002,244.0,10.0,2.8739004835268505e-05,5.441361055931869e-06,0.0966225131005407,1.133177641486176e-05,9.276832235743838e-07,1.2306228205596335e-07,0.0013028342651242469,0.00012528707692882,0.0,4.120760903533413e-05,1.184838556016223e-05,0.09657199371438538,1.7549089591087737e-05,8.427070701263385e-07,6.618968346734543e-08,0.0012881103625108576,0.00012440380642996622,0.0
0.0002,0.0002,0.0002,0.0002,245.0,10.0,3.018202330307802e-05,6.150331078693813e-06,0.09662542632686104,1.2048106241210752e-05,9.595724007298361e-07,1.0896684189843122e-07,0.0012979308840951303,0.0001252504363658371,0.0,2.9357497498123573e-05,6.225950260961647e-06,0.09638538863832151,1.1504365079968498e-05,7.745932907990368e-07,4.550636965596889e-08,0.0012187686604592679,0.00011685438743729231,0.0
0.0002,0.0002,0.0002,0.0002,246.0,10.0,2.877940396208715e-05,5.649162930340485e-06,0.09655507035723111,1.1181856068913926e-05,9.161990869031511e-07,1.3425960943418837e-07,0.0013007524365365565,0.00012424195440807506,0.0,8.213263126921994e-05,3.5461952550586265e-05,0.096111661938235,3.478774156017696e-05,8.926086271290215e-07,1.3109684142713453e-07,0.0013321058922946762,0.00012480662957651165,0.0
0.0002,0.0002,0.0002,0.0002,247.0,10.0,3.0075764779412233e-05,6.248727271860292e-06,0.09645617409748852,1.1873303604068877e-05,9.265349470557315e-07,1.3477813353028447e-07,0.0012997090834610556,0.00012468036609813985,0.0,4.687494057591982e-05,1.7626730538587445e-05,0.09658605718798291,1.7433947483954034e-05,8.41351277471723e-07,1.0639570640584481e-07,0.001264907718977688,0.00012079099689742831,0.0
0.0002,0.0002,0.0002,0.0002,248.0,10.0,2.9111252291981753e-05,5.780601021556115e-06,0.09631004465131537,1.138985084749027e-05,9.356950790295013e-07,1.3266808161907543e-07,0.001293244688164611,0.00012414330531519235,0.0,3.219107450928642e-05,9.15398364451217e-06,0.09616679159415222,1.1400794189905047e-05,7.761512598576827e-07,4.95289346729209e-08,0.0012497476158682965,0.00011939375487747956,0.0
0.0002,0.0002,0.0002,0.0002,249.0,10.0,2.903393554937426e-05,5.85234976040986e-06,0.09629962344548423,1.126851593097604e-05,9.069264724670667e-07,1.4323520081554027e-07,0.001292637134483196,0.0001232946189939511,0.0,3.9831421345675356e-05,1.2583070549547247e-05,0.09663487135539005,1.5452120508607894e-05,8.244240662019921e-07,8.493430485490044e-08,0.0012757738518035587,0.00012233849048215104,0.0
0.0002,0.0002,0.0002,0.0002,250.0,10.0,3.02536686296253e-05,6.603125505443282e-06,0.09633619721358742,1.1707757500894067e-05,9.117866777258185e-07,1.5495756239752583e-07,0.001302653503565769,0.00012424219562726636,0.0,9.073258177359157e-05,3.974901308815332e-05,0.09615027724046608,3.903431005612887e-05,9.554383281433935e-07,1.3273317320770502e-07,0.0013393577185030834,0.0001246059876749317,0.0
0.0002,0.0002,0.0002,0.0002,251.0,10.0,2.982466236327149e-05,6.003978590373866e-06,0.09667428451549008,1.185679972851584e-05,9.265534170457479e-07,1.3108835397474807e-07,0.001298958304789995,0.00012388141943597253,0.0,2.698032938396203e-05,5.815441588364432e-06,0.09665945770418767,9.497716283401091e-06,7.843402834499395e-07,5.026730472083875e-08,0.0012293034579579083,0.0001166618387986242,0.0
0.0002,0.0002,0.0002,0.0002,252.0,10.0,2.9174742753693462e-05,5.614357341718291e-06,0.09619495966636633,1.1610872799431621e-05,9.295925453513086e-07,1.7726649548801408e-07,0.001292895503455457,0.00012231577346847266,0.0,3.4868120785371985e-05,9.973995431593854e-06,0.09636982886127123,1.3187532480181488e-05,8.267827578307785e-07,4.783946307300816e-08,0.001254976885377149,0.00011949880837608261,0.0
0.0002,0.0002,0.0002,0.0002,253.0,10.0,2.9253933464279668e-05,5.864905599968541e-06,0.09650112919217393,1.1454504963906797e-05,9.250981291558045e-07,1.3583996993043467e-07,0.001290887986766645,0.00012234721001976002,0.0,3.74664687303823e-05,1.0033087891595605e-05,0.09663436396827335,1.5637670857764867e-05,8.527431670902025e-07,6.61872981089986e-08,0.0012800282747146374,0.00012133432748392354,0.0
0.0002,0.0002,0.0002,0.0002,254.0,10.0,3.1433886465783335e-05,6.489259029141337e-06,0.09655390318748466,1.2967745055829836e-05,9.760015805941806e-07,1.2584598951506754e-07,0.0012936862386598673,0.0001219644625411749,0.0,3.692826520784308e-05,9.714857221759895e-06,0.09631815196939818,1.5529214276243707e-05,8.015882809653724e-07,4.921197623649186e-08,0.0012602224574620904,0.00012015784213431809,0.0
0.0002,0.0002,0.0002,0.0002,255.0,10.0,2.8585729295585495e-05,5.326828277733531e-06,0.09652898712253001,1.1332313876580611e-05,9.325188553913784e-07,1.2629369314858332e-07,0.0012895123361059979,0.00012148760227486371,0.0,4.3788905849204574e-05,1.5118717470349423e-05,0.09630539513170513,1.6961666581863023e-05,7.948145429842361e-07,9.165019449092991e-08,0.0012686454302673212,0.00011915178524082927,0.0
0.0002,0.0002,0.0002,0.0002,256.0,10.0,2.980504050747701e-05,6.204267683896706e-06,0.0965490872751568,1.1688211891027047e-05,9.136742469891562e-07,1.274791352882031e-07,0.0012810153653272879,0.00012164991095906438,0.0,2.9447344660722317e-05,6.7490847560202065e-06,0.09627438878002463,1.1083150411650422e-05,7.770099607112816e-07,4.354961140034874e-08,0.0012381547992681653,0.00011671113151064785,0.0
0.0002,0.0002,0.0002,0.0002,257.0,10.0,2.9964434845877523e-05,5.816407277025497e-06,0.09674330780505555,1.213961004537475e-05,9.589380756311058e-07,1.6973379129945933e-07,0.0012877061212408347,0.0001205415139668715,0.0,4.178093053376549e-05,1.1933784679209647e-05,0.0965560738860942,1.8124602275467662e-05,8.192727344824799e-07,5.703431932041577e-08,0.0012603938623064015,0.00011906297111944787,0.0
0.0002,0.0002,0.0002,0.0002,258.0,10.0,3.0241424581880227e-05,6.0761718331244894e-06,0.09684078300093585,1.220464421565222e-05,9.513892889958907e-07,1.1849443098677389e-07,0.0012833405759923445,0.0001206646701009174,0.0,3.546855857566194e-05,8.84012836879806e-06,0.09658539045125143,1.4983294495228797e-05,7.902881675421483e-07,4.1547329446115435e-08,0.001222987503383734,0.00011547614444695956,0.0
0.0002,0.0002,0.0002,0.0002,259.0,10.0,2.8432430247843756e-05,5.385436710640508e-06,0.09679947504524937,1.1096162923586682e-05,9.423973691847049e-07,1.3292933372341887e-07,0.0012839829407762964,0.00011955566296442249,0.0,6.5306652013092e-05,2.648290830878738e-05,0.09684493774258142,2.6950328882993523e-05,8.467523764200492e-07,1.5964500821346707e-07,0.0012944808844509163,0.00011825238437560801,0.0
0.0002,0.0002,0.0002,0.0002,260.0,10.0,3.098548939602138e-05,6.6776972746770475e-06,0.09696510540653687,1.2336931504534963e-05,9.291170327207199e-07,1.4012331021611397e-07,0.001281944853985594,0.00012051099858825585,0.0,2.958939985924394e-05,5.843636168015031e-06,0.09622610442881765,1.2157863236466113e-05,7.846880819980709e-07,3.9994788958557024e-08,0.001217272953584687,0.00011406072478755104,0.0
0.0002,0.0002,0.0002,0.0002,261.0,10.0,2.8511689663469337e-05,5.303341033834373e-06,0.09662355891322752,1.127864068964916e-05,9.394148822175859e-07,1.3696375792007535e-07,0.0012818594914956996,0.00011909736081582065,0.0,4.302489777819888e-05,1.2320285774992978e-05,0.0966187149647198,1.903166770194371e-05,7.834993659074964e-07,6.03908787276133e-08,0.0012458512139793447,0.00011671828465185984,0.0
0.0002,0.0002,0.0002,0.0002,262.0,10.0,2.9681644789025872e-05,5.967104024312079e-06,0.09681011759054042,1.1774097993488457e-05,9.55698316183965e-07,1.1559686976413022e-07,0.0012739931278081475,0.00011881361305380077,0.0,2.7418159343488353e-05,5.807183024790559e-06,0.09626431291387981,1.008366336958036e-05,7.494818083246904e-07,3.3662687825235684e-08,0.0012044404491550163,0.00011177375752242784,0.0
0.0002,0.0002,0.0002,0.0002,263.0,10.0,2.913161940661706e-05,5.828285319594542e-06,0.0968071097142145,1.1380451749682083e-05,9.126318295928056e-07,1.4639357190131213e-07,0.0012802629307480358,0.00011831461344682295,0.0,8.578095250388576e-05,3.652943325763533e-05,0.09799788322518854,3.721575364444298e-05,8.804124604319261e-07,1.7346319884364646e-07,0.0013193099869892105,0.00011821011403267583,0.0
0.0002,0.0002,0.0002,0.0002,264.0,10.0,3.0488976443123813e-05,6.402150072495494e-06,0.09673249564710903,1.2180056372858111e-05,9.20647586897747e-07,1.2131042961201454e-07,0.0012752615473445006,0.00011915626698360182,0.0,2.7271340029190494e-05,5.780111077092757e-06,0.09660727172368125,9.905134525652227e-06,7.523210043556034e-07,4.7418735266704074e-08,0.0012115493523936628,0.0001125627679615479,0.0
0.0002,0.0002,0.0002,0.0002,265.0,10.0,2.826994768572816e-05,5.229072438214292e-06,0.09650567556740686,1.1150898425732076e-05,9.222958642996208e-07,1.4230893205707922e-07,0.0012711007739207574,0.00011748046723410905,0.0,3.9844014448491184e-05,1.3031513023530182e-05,0.09669973273281407,1.5121228136767747e-05,7.989286179273147e-07,6.789827641152008e-08,0.0012507532239056944,0.00011544733886153011,0.0
0.0002,0.0002,0.0002,0.0002,266.0,10.0,3.092261661380024e-05,6.623157762215616e-06,0.09670462309130812,1.2369089476915368e-05,9.311997617565621e-07,1.4815320564057705e-07,0.0012688717178273654,0.00011805543631281629,0.0,2.8742720749688207e-05,5.726112737827163e-06,0.09638373592423732,1.141952171411003e-05,7.894636246906204e-07,4.806617974228335e-08,0.0012092853217163353,0.00011211830790208614,0.0
0.0002,0.0002,0.0002,0.0002,267.0,10.0,2.951633431349617e-05,5.695646417765535e-06,0.09668652003641108,1.1885954070678537e-05,9.427533026330856e-07,1.5077294490611795e-07,0.0012744140863162586,0.00011725558210872845,0.0,4.848487795834916e-05,1.4376823205991175e-05,0.09689689358006712,2.2303048676504914e-05,8.503193218518805e-07,1.0441403900512055e-07,0.0012592363342881253,0.00011605835200444905,0.0
0.0002,0.0002,0.0002,0.0002,268.0,10.0,3.063175765379544e-05,6.274169588427513e-06,0.09671732759891738,1.2416906475244907e-05,9.854013300434298e-07,1.1139477886433214e-07,0.0012699164825907621,0.00011721528750326866,0.0,3.104939711432031e-05,7.090190155423572e-06,0.09594951283869858,1.243176017952216e-05,7.762240363860465e-07,4.2313674938370376e-08,0.0012008095205242658,0.00011139581349330301,0.0
0.0002,0.0002,0.0002,0.0002,269.0,10.0,2.8138629189393048e-05,5.138860394723455e-06,0.0965269064388696,1.110386105045694e-05,9.48325105423788e-07,1.3131443949979765e-07,0.001266301461831023,0.00011635778134407504,0.0,5.6895239949220334e-05,2.2229368178757284e-05,0.09693543582020334,2.2868344754349822e-05,8.486810956266935e-07,1.079608421484997e-07,0.00127480461610204,0.00011473412739137546,0.0
0.0002,0.0002,0.0002,0.0002,270.0,10.0,3.0747506331163814e-05,6.502411560508958e-06,0.09662934331851931,1.22947497372447e-05,9.60802976269956e-07,1.5780314201104704e-07,0.0012641498990410658,0.00011688047068211467,0.0,5.5401146864415e-05,2.198144476949634e-05,0.09677751478336262,2.167493969558891e-05,8.239730120137594e-07,1.0600494832097805e-07,0.0012449058256946684,0.00011370333058665512,0.0
0.0002,0.0002,0.0002,0.0002,271.0,10.0,2.9277835310309265e-05,6.008146957718168e-06,0.0966331987622356,1.1383588265229507e-05,9.257098285455161e-07,1.2892247421505573e-07,0.0012664411460792048,0.00011681482496780609,0.0,4.84934377070729e-05,1.8436300095999944e-05,0.0961392744344411,1.8355532075194826e-05,8.557374526816866e-07,9.871573537224838e-08,0.001246199418652068,0.0001133225228702714,0.0
0.0002,0.0002,0.0002,0.0002,272.0,10.0,2.995072241826085e-05,6.132840227676136e-06,0.09647648659920931,1.19187365668159e-05,9.44282916998967e-07,1.3970460479033316e-07,0.001267732333145672,0.00011675097805669305,0.0,3.251493234242954e-05,7.603047649879822e-06,0.09623995807447236,1.328002620234074e-05,8.240122722781568e-07,4.9193690775687757e-08,0.001233765221391015,0.00011346570172589426,0.0
0.0002,0.0002,0.0002,0.0002,273.0,10.0,2.999171350430262e-05,5.907812645369965e-06,0.09669469840355081,1.2150302669240322e-05,9.536188139552855e-07,1.5142751988129045e-07,0.0012701514638723487,0.00011590822655096512,0.0,3.895023055960727e-05,1.075118572588788e-05,0.09703110563198175,1.6497550062651882e-05,8.058825469155106e-07,5.39223919955911e-08,0.001245757607601351,0.00011385792771711418,0.0
0.0002,0.0002,0.0002,0.0002,274.0,10.0,3.0059347557937794e-05,5.937444246898051e-06,0.09665952598619383,1.218649583217249e-05,9.720169589664433e-07,1.4286151101608796e-07,0.0012656966670238714,0.00011545766941976454,0.0,6.64352492251974e-05,2.718927290928411e-05,0.09680424073781935,2.7479343273887203e-05,8.433850815726332e-07,1.0965620429520943e-07,0.0012562979233473747,0.00011331680471658228,0.0
0.0002,0.0002,0.0002,0.0002,275.0,10.0,2.8995675132328023e-05,5.7863123425715694e-06,0.09672340234279543,1.1320732539676086e-05,9.343965854935936e-07,1.2140863374713128e-07,0.0012633314175130625,0.0001160485074374981,0.0,3.0619909811223565e-05,7.85060348638499e-06,0.0965295350726913,1.1179775551256964e-05,7.843265370787317e-07,4.465717293841027e-08,0.0012164053536957986,0.00011075937490044024,0.0
0.0002,0.0002,0.0002,0.0002,276.0,10.0,2.833833183927782e-05,5.521891198068226e-06,0.09671182343415041,1.0946088995205912e-05,8.956954371594893e-07,1.535473859152484e-07,0.0012549391937447935,0.00011499267904587285,0.0,3.5741574780098695e-05,1.0105507549599971e-05,0.09688687999974485,1.3986077077518004e-05,7.729348426996938e-07,6.767483094331731e-08,0.0012364642759849507,0.00011206929020993097,0.0
0.0002,0.0002,0.0002,0.0002,277.0,10.0,3.123404055297905e-05,7.002208186724757e-06,0.09688181757479354,1.2277210126737375e-05,9.499928039713963e-07,1.6182558423501721e-07,0.0012641897400552974,0.00011546223711701977,0.0,9.509088161812731e-05,4.175144843848291e-05,0.09647021584444805,4.147904933564243e-05,8.794328320888519e-07,1.8247483666792194e-07,0.0012766337610304252,0.00011514549957411879,0.0
0.0002,0.0002,0.0002,0.0002,278.0,10.0,3.0260321016387102e-05,6.185432779392806e-06,0.09680092646125675,1.2180567862596093e-05,9.278783267890605e-07,1.3169246424522522e-07,0.001255087743632453,0.00011546570822166724,0.0,2.6097756660032605e-05,5.041917425514965e-06,0.09676695965668734,9.474521171343194e-06,7.837922586179659e-07,4.30904938674298e-08,0.0011862592657248144,0.00010777396134273664,0.0
0.0002,0.0002,0.0002,0.0002,279.0,10.0,2.8400239126038516e-05,5.459306216320056e-06,0.09677090458975422,1.1078125894922726e-05,8.953695356887577e-07,1.5086136447795416e-07,0.0012551330051901004,0.0001139485910424437,0.0,6.223187546496912e-05,2.5556024006949268e-05,0.09656573045728116,2.485593150692936e-05,8.860648508338725e-07,1.5308506490748917e-07,0.0012492854252882997,0.00011241968379407931,0.0
0.0002,0.0002,0.0002,0.0002,280.0,10.0,2.9517831217810235e-05,6.172835381127087e-06,0.0966287410348442,1.1466032521351162e-05,9.196065350408934e-07,1.4512550601753076e-07,0.0012617110162558823,0.00011513574890261339,0.0,6.04650184928454e-05,2.4780342376329812e-05,0.09665550154901294,2.400979467965576e-05,8.227193615123954e-07,7.422385264196275e-08,0.0012440181624911288,0.0001112388479756997,0.0
0.0002,0.0002,0.0002,0.0002,281.0,10.0,3.05832636056077e-05,6.37882440552234e-06,0.09695260686589223,1.2270551117401741e-05,9.561192713099994e-07,1.339298873290459e-07,0.0012608683396108965,0.00011485785055337268,0.0,2.680925335188253e-05,5.4592964029938905e-06,0.09642682325056268,9.81097289091522e-06,7.752358091359188e-07,4.254883242508695e-08,0.0011926443560957701,0.00010785172733789024,0.0
0.0002,0.0002,0.0002,0.0002,282.0,10.0,3.067708647626682e-05,6.23462824042888e-06,0.09657194190588064,1.2481314662977286e-05,9.881842826301922e-07,1.7799083541636583e-07,0.0012609713764251984,0.00011377745402698934,0.0,8.643772775704278e-05,3.679700875461966e-05,0.09705090174728612,3.7740790685977156e-05,8.87875108748991e-07,1.706277388661072e-07,0.0012770331356751774,0.00011363352983280618,0.0
0.0002,0.0002,0.0002,0.0002,283.0,10.0,2.8722822464827347e-05,5.722014327392924e-06,0.09664544322844189,1.1129012523781528e-05,9.339277631357942e-07,1.2697324416404402e-07,0.001257806983970977,0.00011463506208221453,0.0,3.4222176292356085e-05,1.015900130812851e-05,0.0968062457689777,1.2442088370671848e-05,7.955283184681676e-07,5.390502720394113e-08,0.0012101124038365525,0.00010910289841606386,0.0
0.0002,0.0002,0.0002,0.0002,284.0,10.0,3.0425702168604888e-05,6.8309291054513975e-06,0.09680421099097727,1.165946264396101e-05,9.379596630231008e-07,1.6025869609427838e-07,0.0012733436351524934,0.00011566712820489439,0.0,9.385528792461999e-05,4.0828473952088895e-05,0.09655786442302915,4.1243627658023705e-05,8.742520138784284e-07,1.176592168715719e-07,0.0012911086548345364,0.00011354887538142809,0.0
0.0002,0.0002,0.0002,0.0002,285.0,10.0,2.9879033251617158e-05,5.9025988861789234e-06,0.09696589831688175,1.2056033656950205e-05,9.519816594812547e-07,1.2490626083353363e-07,0.001271185577632201,0.00011469232711855672,0.0,2.629311719826128e-05,5.155307390318944e-06,0.09637124114589295,9.563652250841394e-06,8.190644506808937e-07,4.704752674488222e-08,0.0011935814015509296,0.00010709219478016556,0.0
0.0002,0.0002,0.0002,0.0002,286.0,10.0,3.0507688186504014e-05,6.176843159433366e-06,0.09652493490185782,1.2374394764866316e-05,9.95137101505675e-07,1.7813334898573651e-07,0.0012671723365115532,0.00011306866004895124,0.0,7.736942265887671e-05,3.329750434582115e-05,0.09655449621920767,3.2295671886855406e-05,8.814273614440611e-07,1.1553651408908915e-07,0.0012749597840301151,0.00011238325868862533,0.0
0.0002,0.0002,0.0002,0.0002,287.0,10.0,2.8855215787216597e-05,5.69018781712725e-06,0.09653630226642011,1.1310987135490708e-05,9.382042087098336e-07,1.254337932004524e-07,0.0012650470258436372,0.00011367728655371908,0.0,6.059988467389344e-05,2.5166693757169123e-05,0.09624913151804551,2.3792234508691385e-05,8.395947040844004e-07,6.935198742390973e-08,0.0012569566934843223,0.00011070971055440508,0.0
0.0002,0.0002,0.0002,0.0002,288.0,10.0,2.9396855615601957e-05,5.88303987963502e-06,0.09666775179103793,1.161326454983654e-05,9.622610044054532e-07,1.334304635583037e-07,0.0012619572116463998,0.00011380848321957719,0.0,2.9729709627286443e-05,7.920250432563744e-06,0.09668022133796686,1.0227561849511076e-05,8.029564276470548e-07,4.185266323128366e-08,0.001205943141754549,0.00010690663546666376,0.0
0.0002,0.0002,0.0002,0.0002,289.0,10.0,2.9670723833126404e-05,5.983490743013128e-06,0.09673369141729604,1.1787352367822938e-05,9.463008217207117e-07,1.5203043320173458e-07,0.0012607740600111162,0.00011281807042872644,0.0,4.0096910225785786e-05,1.021021062996495e-05,0.09663038633789571,1.8256768250142704e-05,8.192107980457239e-07,5.418363628438412e-08,0.001223729195066802,0.00010934983508336716,0.0
0.0002,0.0002,0.0002,0.0002,290.0,10.0,2.9101662893910717e-05,5.516779784877822e-06,0.09688175378570017,1.168480872109627e-05,9.560697806774215e-07,1.345948461586003e-07,0.0012589569064515042,0.00011212345757273174,0.0,3.247482217214865e-05,7.957682823855702e-06,0.09654311949200284,1.29806746189668e-05,7.635414320828772e-07,4.1566144113740156e-08,0.001215239776101827,0.00010770454085837836,0.0
0.0002,0.0002,0.0002,0.0002,291.0,10.0,2.9716871363855953e-05,5.958151697443021e-06,0.09683026520019186,1.184004225465952e-05,9.526854628056304e-07,1.6703760974707893e-07,0.0012562310794101072,0.00011159280458538733,0.0,9.485049986481508e-05,4.062386147358058e-05,0.09732050456390248,4.229329360298435e-05,8.602666152829745e-07,2.2124051139509342e-07,0.0012877939762805418,0.00011197876348799685,0.0
0.0002,0.0002,0.0002,0.0002,292.0,10.0,3.1860984423037834e-05,6.668791972376489e-06,0.09681650923837677,1.3242315348332253e-05,1.0069729889025525e-06,1.3003793666677176e-07,0.0012434116609193096,0.00011312155198103938,0.0,2.6697255486733632e-05,5.109034346255816e-06,0.09684232537309191,9.989620438850375e-06,8.111937119780464e-07,4.048947248683815e-08,0.0011812673163016981,0.00010626851149514853,0.0
0.0002,0.0002,0.0002,0.0002,293.0,10.0,3.0090842922806433e-05,6.080105037926024e-06,0.09676655732922994,1.2083048904916162e-05,9.741118116942855e-07,1.5838879179586375e-07,0.0012483616968296499,0.00011185329551273046,0.0,8.195354578306393e-05,3.5009997222552625e-05,0.09599254697973753,3.526069973921222e-05,8.47310569180037e-07,1.2944959548886647e-07,0.0012553483843932309,0.00011068338665587161,0.0
0.0002,0.0002,0.0002,0.0002,294.0,10.0,2.974276742720951e-05,5.990087268360257e-06,0.096887048518734,1.1876802352874265e-05,9.443809130785109e-07,1.1945072471361338e-07,0.0012477180071983934,0.00011233416478668033,0.0,2.7777516781535745e-05,5.324643756510744e-06,0.09707582847676062,1.086089230087725e-05,8.010085297610046e-07,3.447826585249441e-08,0.0011780716774495363,0.00010489113795657434,0.0
0.0002,0.0002,0.0002,0.0002,295.0,10.0,2.9931992487443313e-05,5.846251750479601e-06,0.09712015545956497,1.2128466751493231e-05,9.783557581471866e-07,1.5389790247954072e-07,0.0012490316797391494,0.00011130049594079717,0.0,3.945475206935978e-05,1.0242148273611941e-05,0.09689456005306805,1.7608531897352943e-05,8.002789766387461e-07,4.764251028905322e-08,0.0011946743142317374,0.00010666948451547179,0.0
0.0002,0.0002,0.0002,0.0002,296.0,10.0,2.981054612423275e-05,5.713590851068953e-06,0.09710392180828932,1.2134676243594562e-05,9.908899887003783e-07,1.5520168626435752e-07,0.0012445821575761077,0.00011057954597216278,0.0,8.568123634819024e-05,3.627318990413602e-05,0.09725769624681209,3.7588315754405295e-05,8.664856021985725e-07,1.2833652842474298e-07,0.0012470729468603036,0.00010991385497492585,0.0
0.0002,0.0002,0.0002,0.0002,297.0,10.0,2.9396464806998718e-05,5.971766763997038e-06,0.09696100702329817,1.154979335424976e-05,9.438771686321464e-07,1.1809995245458457e-07,0.0012401647558660446,0.00011168271746538412,0.0,3.394035211322985e-05,1.0311081717263354e-05,0.09661567476690847,1.2089964566477842e-05,7.905751194269319e-07,4.0771754851948727e-08,0.0011854188562657646,0.00010463915524272543,0.0
0.0002,0.0002,0.0002,0.0002,298.0,10.0,2.857171400448887e-05,5.610343093350084e-06,0.09673932753307102,1.1098604114871408e-05,9.419915988979835e-07,1.3926537647510092e-07,0.0012417998613585355,0.00011075773577374027,0.0,4.8370209401346516e-05,1.7838058349902314e-05,0.09676429781431145,1.889567803845519e-05,8.155244076632302e-07,7.796802509731616e-08,0.001214199104091752,0.00010665512383959995,0.0
0.0002,0.0002,0.0002,0.0002,299.0,10.0,2.9984871703262053e-05,6.242493846789498e-06,0.09670751925138944,1.1824303872110087e-05,9.75562111841006e-07,1.615854985095527e-07,0.0012478052309749803,0.00011101747617724088,0.0,8.6235932150419e-05,3.661264750684445e-05,0.09674222679699168,3.778099057838244e-05,8.907707226598835e-07,1.8048497398038018e-07,0.0012682376999027744,0.00010968159051532664,0.0
0.0002,0.0002,0.0002,0.0002,300.0,10.0,3.0413521193178705e-05,6.1315182378076345e-06,0.09684251720774377,1.2339515660790694e-05,1.0126010429600293e-06,1.341336618605589e-07,0.00124470039536799,0.00011115012104796513,0.0,3.091167039934797e-05,6.667000410787699e-06,0.09656238561064315,1.2670212803307748e-05,8.28367007136146e-07,3.9737818031128894e-08,0.0011817199422955306,0.00010501139124533747,0.0
0.0002,0.0002,0.0002,0.0002,301.0,10.0,2.975189608997043e-05,5.785910254868105e-06,0.09716039781860754,1.2024639508491802e-05,9.733935907824008e-07,1.4749744616469597e-07,0.0012453653528436694,0.00011044157786592239,0.0,3.887751723866657e-05,9.918256047250063e-06,0.09639134763330737,1.7349818047046894e-05,8.566167923677202e-07,6.484858675423334e-08,0.001186965373393058,0.00010488434347097889,0.0
0.0002,0.0002,0.0002,0.0002,302.0,10.0,3.076254706983493e-05,6.035007936063221e-06,0.09703530868806837,1.2725234460458168e-05,1.0345182028181002e-06,1.7077851183925668e-07,0.0012423117655122342,0.0001093477366039173,0.0,7.948883763630471e-05,3.4016117553625845e-05,0.09704918610286548,3.372623628996527e-05,8.688826573819065e-07,9.453157082184919e-08,0.0012466307869664422,0.00010781507800580132,0.0
0.0002,0.0002,0.0002,0.0002,303.0,10.0,2.9649048584604005e-05,6.0596206340717645e-06,0.09700697567225862,1.1715644695550199e-05,9.53545553364465e-07,1.1468398036972859e-07,0.0012364215477272647,0.00011048564516811848,0.0,2.7214242511986398e-05,5.247272492285594e-06,0.09619246500586143,1.0491733849741467e-05,7.971249624048003e-07,3.383890104072741e-08,0.0011617078902651024,0.00010250261551858639,0.0
0.0002,0.0002,0.0002,0.0002,304.0,10.0,3.019480667221429e-05,6.027897272263035e-06,0.0971060490731221,1.2193242411346008e-05,9.976476124545227e-07,1.7343574671193775e-07,0.001236558803809877,0.00010919788982088633,0.0,4.046787951312996e-05,1.1063087117454856e-05,0.09669171410345288,1.775192966976669e-05,8.675706644869581e-07,6.149708107609733e-08,0.0011975948012411387,0.00010546235226592811,0.0
0.0002,0.0002,0.0002,0.0002,305.0,10.0,3.135335292013557e-05,6.33646679780736e-06,0.09699676461945071,1.3010892326540247e-05,1.051607447129497e-06,1.6398695385381963e-07,0.001242288649512865,0.00010907232592347198,0.0,7.55065103888489e-05,3.2124653393690715e-05,0.09645610818297805,3.165318032509223e-05,8.997775274167255e-07,1.127462573652237e-07,0.0012240963838962278,0.00010705424465036025,0.0
4e-05,4e-05,4e-05,4e-05,306.0,10.0,2.545756271505277e-05,4.281986556162949e-06,0.09703706508098701,9.454231413071615e-06,8.476151535104755e-07,7.215557044998162e-08,0.0012257551760143954,0.00010978678069342615,0.0,2.1398532125452545e-05,2.9429668660303482e-06,0.09725127959540146,6.9629480450206265e-06,7.150760322326418e-07,2.3285027101396824e-08,0.0011608022926568623,0.00010291283491522172,0.0
4e-05,4e-05,4e-05,4e-05,307.0,10.0,2.3108419417002014e-05,3.2534041689068317e-06,0.09725812245206127,8.119397734485654e-06,8.262735305629299e-07,9.662639720320506e-08,0.001237976001957718,0.00010869055846985743,0.0,2.1315578630577353e-05,2.964893567352324e-06,0.09727706927741687,6.8699224399745434e-06,7.040391878376795e-07,2.9691335341920792e-08,0.0011695743225044394,0.00010193255531080357,0.0
4e-05,4e-05,4e-05,4e-05,308.0,10.0,2.304032527112237e-05,3.220701855410386e-06,0.09716613478619496,8.083369594835741e-06,8.27437420132821e-07,1.1480060970923089e-07,0.0012427343942174867,0.00010774025538756664,0.0,2.1302801765773202e-05,2.959911182682165e-06,0.09714524669630717,6.874989245972762e-06,7.086406241538541e-07,3.708866823502057e-08,0.001169994418875066,0.00010076475865675891,0.0
4e-05,4e-05,4e-05,4e-05,309.0,10.0,2.2972410381757158e-05,3.1927616063505586e-06,0.09723665726435686,8.036542968849165e-06,8.289661416988089e-07,1.2380080803557854e-07,0.0012441602682233975,0.00010666733857233958,0.0,2.1184374248285884e-05,2.9517435882474723e-06,0.09719907198500881,6.7715958210629935e-06,7.105698514231407e-07,3.428155657079743e-08,0.0011743801351069476,9.962764948059258e-05,0.0
4e-05,4e-05,4e-05,4e-05,310.0,10.0,2.2859191438953986e-05,3.213069055421232e-06,0.09732699854692523,7.898096338731038e-06,8.196980115176794e-07,1.3970021294028925e-07,0.001245212998372101,0.00010559282127834983,0.0,2.1009761798690005e-05,2.942246749210656e-06,0.0973837877330483,6.611591968041756e-06,7.012508544349857e-07,3.021033093198515e-08,0.0011763082681043287,9.860834719091138e-05,0.0
4e-05,4e-05,4e-05,4e-05,311.0,10.0,2.2614173592828714e-05,3.1654521317754935e-06,0.09738104524574044,7.729901769886038e-06,8.081344013210748e-07,1.2603791724687172e-07,0.0012442379777729857,0.000104654309109129,0.0,2.1105771090009147e-05,2.9663186955907344e-06,0.09736887347533216,6.6857248801998174e-06,7.060441854297005e-07,3.423213611690903e-08,0.00117686074138474,9.765640421253694e-05,0.0
4e-05,4e-05,4e-05,4e-05,312.0,10.0,2.2660592271637977e-05,3.137569498803353e-06,0.09754058252821311,7.801109839652404e-06,8.036302731017155e-07,1.2920942080992448e-07,0.0012435776295402971,0.000103501530873904,0.0,2.1115400948940177e-05,2.9997334495041993e-06,0.09743657334349973,6.676114120264142e-06,6.982136846390481e-07,3.08598485020479e-08,0.0011781726333000102,9.66822883072124e-05,0.0
4e-05,4e-05,4e-05,4e-05,313.0,10.0,2.2658203354298856e-05,3.1621086067730745e-06,0.09760222685903473,7.769792453323146e-06,8.046227214324838e-07,1.360257387689335e-07,0.0012428787925110648,0.00010254314379312293,0.0,2.1041096946942398e-05,2.9832886743908516e-06,0.09768627076103613,6.608698642545611e-06,6.912787163116521e-07,3.122855911579943e-08,0.0011767333564364631,9.579754290743981e-05,0.0
4e-05,4e-05,4e-05,4e-05,314.0,10.0,2.2554191347452448e-05,3.1381364526585763e-06,0.09771550096790207,7.69718998433921e-06,8.030044007472715e-07,1.283456798943562e-07,0.001242124131572507,0.00010159650204636528,0.0,2.119442683343081e-05,2.9628573483649762e-06,0.09763588300007024,6.786383278700467e-06,6.984469196282325e-07,3.145203243408124e-08,0.0011803332009678222,9.51699157761874e-05,0.0
4e-05,4e-05,4e-05,4e-05,315.0,10.0,2.262446301423888e-05,3.1493551126743505e-06,0.09772489693069447,7.76342578773303e-06,8.040043559546539e-07,1.2789845731483607e-07,0.0012416736263330878,0.0001007289837795672,0.0,2.1275048994416514e-05,2.9607504086903443e-06,0.09788463865390698,6.850598064985461e-06,6.94423183334441e-07,3.7582386205794625e-08,0.0011778268665010852,9.432314507201818e-05,0.0
4e-05,4e-05,4e-05,4e-05,316.0,10.0,2.2582210233397905e-05,3.124341039798253e-06,0.09779858887992549,7.749934752809595e-06,8.021046002982043e-07,1.2657056208594735e-07,0.0012401898447467945,9.994006963506678e-05,0.0,2.1313523877488415e-05,3.0086764975318103e-06,0.09779794771984787,6.861026734843933e-06,6.933590412681652e-07,3.333378381317455e-08,0.0011797229119715085,9.373333378005926e-05,0.0
4e-05,4e-05,4e-05,4e-05,317.0,10.0,2.254874662225263e-05,3.1265322656485677e-06,0.09798690130327996,7.707369384380928e-06,7.986250825207216e-07,1.253750209101636e-07,0.001239615447064736,9.921549788651184e-05,0.0,2.1352372786322622e-05,2.957108131419323e-06,0.09796173509635728,6.945175258551647e-06,6.907077639743403e-07,3.261342411202699e-08,0.0011820127356919913,9.305948749387832e-05,0.0
4e-05,4e-05,4e-05,4e-05,318.0,10.0,2.251811838817092e-05,3.122123645087175e-06,0.09806886029325258,7.680262211929916e-06,7.99444092787097e-07,1.253061034154188e-07,0.0012382164400082277,9.84096623344682e-05,0.0,2.1268975461180004e-05,2.9632538652389055e-06,0.09808643536068576,6.841012963854356e-06,7.01067106128911e-07,3.221875579247133e-08,0.0011810061910953436,9.227795027516449e-05,0.0
4e-05,4e-05,4e-05,4e-05,319.0,10.0,2.251884340302217e-05,3.105806316058505e-06,0.09809903053799311,7.70350235913174e-06,8.001057854378093e-07,1.2307890165611873e-07,0.0012368536845213049,9.764472171855649e-05,0.0,2.132993168117008e-05,2.9335045382263112e-06,0.09810427751611261,6.939789963794802e-06,6.982291912016334e-07,3.1131881767627085e-08,0.001180423063122922,9.168486575897949e-05,0.0
4e-05,4e-05,4e-05,4e-05,320.0,10.0,2.250995421539249e-05,3.0981660607726774e-06,0.0981754437666562,7.699671271710393e-06,7.96420638457386e-07,1.2829652952693516e-07,0.0012363987049285965,9.698555281657521e-05,0.0,2.1505294476483086e-05,2.9907016746037574e-06,0.09824385870389872,7.0544814149269485e-06,6.91142902890397e-07,3.2910517992473584e-08,0.0011806433354133812,9.11672370521707e-05,0.0
4e-05,4e-05,4e-05,4e-05,321.0,10.0,2.2660661585152672e-05,3.1128214130710395e-06,0.09829457249067863,7.832157902296092e-06,8.008634333202767e-07,1.2310887017568567e-07,0.0012342364633622057,9.622530474129196e-05,0.0,2.1305765138686655e-05,3.0011890489621594e-06,0.0983708369123482,6.839556336887676e-06,6.910528505849152e-07,3.290177079343007e-08,0.0011806941005501213,9.039818217932967e-05,0.0
4e-05,4e-05,4e-05,4e-05,322.0,10.0,2.2601064448050787e-05,3.1054165943973696e-06,0.098385487559523,7.769517817860303e-06,8.005216157613588e-07,1.3146250491818244e-07,0.001231655366379658,9.555973854206873e-05,0.0,2.1460545074433744e-05,3.1233187775331217e-06,0.09853284243996993,6.877184442627742e-06,6.796888382501543e-07,2.878113261135656e-08,0.0011784638641531028,8.982878977353895e-05,0.0
4e-05,4e-05,4e-05,4e-05,323.0,10.0,2.2717654454965823e-05,3.1210510818497625e-06,0.09853046332149856,7.869580235390431e-06,7.978075044778788e-07,1.2653502411895339e-07,0.001230482827409257,9.496345730656611e-05,0.0,2.151871307319591e-05,2.9299517541324798e-06,0.09854693264800372,7.118051241816555e-06,6.897570655754426e-07,3.343458932858978e-08,0.0011792169899154442,8.928254178295071e-05,0.0
4e-05,4e-05,4e-05,4e-05,324.0,10.0,2.2691717533359376e-05,3.1092159414092807e-06,0.0985491899445688,7.849250680545075e-06,8.072777613655097e-07,1.2810458686146922e-07,0.00122957395136651,9.429498475741156e-05,0.0,2.1405002758552233e-05,3.081108026959668e-06,0.09867987059907517,6.84932471182245e-06,6.854221939765111e-07,3.378824686706139e-08,0.0011767710540540337,8.873726836786159e-05,0.0
4e-05,4e-05,4e-05,4e-05,325.0,10.0,2.273578114382409e-05,3.12150867779279e-06,0.09867596511648133,7.869242802611637e-06,8.035504190888752e-07,1.3719475800557446e-07,0.0012267553229272851,9.366882888018565e-05,0.0,2.15208352862448e-05,3.0903191005582596e-06,0.09866790878215875,6.96868301669081e-06,6.829540991238358e-07,3.082551913993442e-08,0.0011744240045492701,8.812628792269335e-05,0.0
4e-05,4e-05,4e-05,4e-05,326.0,10.0,2.265344432182243e-05,3.1062878502774672e-06,0.09877042486892972,7.805211032235414e-06,8.016003676887701e-07,1.3165951001437296e-07,0.0012244726802521518,9.316433049413453e-05,0.0,2.1426459444263004e-05,3.0094809412683476e-06,0.09875425825275765,6.949786604197618e-06,6.908466337005161e-07,2.528649334826688e-08,0.0011731375038630254,8.756333104476564e-05,0.0
4e-05,4e-05,4e-05,4e-05,327.0,10.0,2.2762779426413283e-05,3.1203033369273667e-06,0.09889597931530573,7.89831895038941e-06,8.004366250417893e-07,1.2762999749845359e-07,0.0012240175044379452,9.264929052259109e-05,0.0,2.1608217664702052e-05,3.1807832546068607e-06,0.09881170630248773,6.964897219228286e-06,6.873448154971699e-07,2.491418458543946e-08,0.0011705768332497626,8.691079387327279e-05,0.0
4e-05,4e-05,4e-05,4e-05,328.0,10.0,2.2745089660568747e-05,3.1105572504674187e-06,0.09887247186551903,7.891558679931613e-06,8.04660049096579e-07,1.3054459788713205e-07,0.0012220557190308595,9.20522159353097e-05,0.0,2.1349613190575012e-05,2.962844689394603e-06,0.09889548656024735,6.915915178518007e-06,6.854974599614204e-07,2.793653887077483e-08,0.0011726826756457867,8.678710578178369e-05,0.0
4e-05,4e-05,4e-05,4e-05,329.0,10.0,2.276876478743677e-05,3.1175129272904614e-06,0.09897119258128309,7.905605595776263e-06,8.049164712960328e-07,1.2799412054943683e-07,0.0012194142139016581,9.156167515528339e-05,0.0,2.1626754702479943e-05,3.1476483009163715e-06,0.09899030001930711,7.000123632694614e-06,6.915123981191206e-07,2.6181909899629666e-08,0.00117139415138733,8.622589143905785e-05,0.0
4e-05,4e-05,4e-05,4e-05,330.0,10.0,2.2785783173878498e-05,3.1197667005121264e-06,0.09912824868376632,7.907810493797735e-06,8.073679604199515e-07,1.2821633060347304e-07,0.0012168214770095288,9.097970312784413e-05,0.0,2.170575631070023e-05,3.223285721672107e-06,0.09905685087388774,7.001988114141971e-06,6.940074576629447e-07,2.622117291154096e-08,0.0011661890310083862,8.54569049293774e-05,0.0
4e-05,4e-05,4e-05,4e-05,331.0,10.0,2.3014890446210975e-05,3.145972928263311e-06,0.09910927192759293,8.109744608353515e-06,8.13630200715829e-07,1.3006129484533687e-07,0.0012145173147226963,9.04554506491392e-05,0.0,2.1617015471303702e-05,2.958821422354052e-06,0.09925961020083576,7.162311050515798e-06,6.894937447316509e-07,2.7307812291325188e-08,0.0011679697129230908,8.531206216421228e-05,0.0
4e-05,4e-05,4e-05,4e-05,332.0,10.0,2.290008746684316e-05,3.121445097231921e-06,0.0991789084039062,8.028597712804007e-06,8.146584933801343e-07,1.172295936152581e-07,0.001212703219199663,9.002660305117578e-05,0.0,2.1638170780681895e-05,2.9620696138399236e-06,0.09925513121599144,7.1801960818878845e-06,6.95350723092628e-07,2.6203149743039305e-08,0.0011652777423424756,8.488383086385757e-05,0.0
4e-05,4e-05,4e-05,4e-05,333.0,10.0,2.316183104322161e-05,3.1560659836231576e-06,0.09926317770539521,8.24323329087355e-06,8.244166966348987e-07,1.1605859705570204e-07,0.0012114725573083634,8.957390473424281e-05,0.0,2.1962987812884293e-05,3.1209343951622216e-06,0.09942607689893782,7.333064583130256e-06,6.953893015924999e-07,2.46422445017623e-08,0.0011649192959411797,8.463499707242943e-05,0.0
4e-05,4e-05,4e-05,4e-05,334.0,10.0,2.3106020652425373e-05,3.167568281873429e-06,0.09941030087680569,8.17232515900203e-06,8.204214915781936e-07,1.1372791815379993e-07,0.0012085469731593266,8.909480762441545e-05,0.0,2.2175034604937236e-05,3.1936262414853783e-06,0.09935157496005194,7.473199173917514e-06,7.040216663086613e-07,2.6822964715166047e-08,0.0011624453539370355,8.422073169262853e-05,0.0
4e-05,4e-05,4e-05,4e-05,335.0,10.0,2.3363876344309246e-05,3.27082383519098e-06,0.09940590440111213,8.325548394718564e-06,8.274291143237284e-07,1.1357147061816682e-07,0.001205821325434191,8.859133472839059e-05,0.0,2.2788523880225665e-05,3.6003711771772186e-06,0.0993329690041014,7.702620752522676e-06,6.935741983291141e-07,1.9295371811675745e-08,0.001160887811593969,8.39365607119088e-05,0.0
4e-05,4e-05,4e-05,4e-05,336.0,10.0,2.3095063034708738e-05,3.175856948878947e-06,0.0993958946719638,8.161427867210837e-06,8.301848816486787e-07,1.0678320151454563e-07,0.0012024873267142862,8.812209434346538e-05,0.0,2.1750864346336838e-05,2.9435845769723375e-06,0.0994989065305172,7.288659480095435e-06,7.098357926240049e-07,2.6793432641340058e-08,0.0011546116909995083,8.321004921608588e-05,0.0
4e-05,4e-05,4e-05,4e-05,337.0,10.0,2.306472097270133e-05,3.136804317112704e-06,0.09953863639885124,8.149076316852992e-06,8.314244855638675e-07,1.1565360035676583e-07,0.0012027766737782142,8.778989312127371e-05,0.0,2.1848784356995743e-05,2.9855886865730996e-06,0.09963837407761379,7.334835403932053e-06,7.092011340945069e-07,2.6159852102287837e-08,0.0011563818526347926,8.291620724146886e-05,0.0
4e-05,4e-05,4e-05,4e-05,338.0,10.0,2.3028387468847972e-05,3.1266421939081065e-06,0.09959686876988766,8.11369224611689e-06,8.38428576062333e-07,1.1710566765729927e-07,0.0011995641387316208,8.728320792897457e-05,0.0,2.263354707191957e-05,3.339354380860424e-06,0.09964502391415071,7.748784535273771e-06,7.287903194241039e-07,2.7880724300585025e-08,0.0011553810357525429,8.24234972009385e-05,0.0
4e-05,4e-05,4e-05,4e-05,339.0,10.0,2.3160081502156422e-05,3.1739559028641455e-06,0.09970663393121147,8.190727896465792e-06,8.332840007306028e-07,1.2245532464279764e-07,0.0011975288673672238,8.689953175235598e-05,0.0,2.182467817474893e-05,3.057643008187338e-06,0.09970880676202708,7.234346035336432e-06,7.141035680780719e-07,2.7171974664903187e-08,0.001153452986944789,8.205331820784343e-05,0.0
4e-05,4e-05,4e-05,4e-05,340.0,10.0,2.304164872144956e-05,3.1659539460483794e-06,0.09974371229326161,8.08290050797586e-06,8.395172961153043e-07,1.1365333683137715e-07,0.0011970238763987834,8.652526831864392e-05,0.0,2.234088740579741e-05,3.2000872300861036e-06,0.09978806431111993,7.61559932898843e-06,7.050452886796871e-07,2.262775279874604e-08,0.0011527413298105208,8.187215243665898e-05,0.0
4e-05,4e-05,4e-05,4e-05,341.0,10.0,2.3254770018576785e-05,3.160375185783508e-06,0.09976336900703796,8.300833975595454e-06,8.452005560003192e-07,1.115554257806588e-07,0.001194234321797056,8.604682555189312e-05,0.0,2.1992538781148004e-05,3.0807793787675785e-06,0.0997841505649593,7.376552573855107e-06,7.197317065869447e-07,2.3734325993989756e-08,0.001151210956749181,8.13325938677194e-05,0.0
4e-05,4e-05,4e-05,4e-05,342.0,10.0,2.3113076809729764e-05,3.1518177110484384e-06,0.09988053005810273,8.158473744695163e-06,8.429004633926778e-07,1.1499551871106844e-07,0.0011938632854593652,8.56836685397554e-05,0.0,2.209295176399008e-05,3.060898433932537e-06,0.09978946878423328,7.507290139502027e-06,7.162186086405996e-07,1.987655972915267e-08,0.0011506339476305256,8.097212993338257e-05,0.0
4e-05,4e-05,4e-05,4e-05,343.0,10.0,2.3204537859068898e-05,3.2093076802369005e-06,0.09987290855268197,8.206053321448526e-06,8.382172772354392e-07,1.1042214678028979e-07,0.00119159873143788,8.532468975644835e-05,0.0,2.3877026238696242e-05,3.959033316752986e-06,0.09978985049114095,8.392611796219117e-06,7.160670649833149e-07,2.0248341301232286e-08,0.001149071049779834,8.100810259511931e-05,0.0
4e-05,4e-05,4e-05,4e-05,344.0,10.0,2.3214700671230287e-05,3.240978740191916e-06,0.09989365860701077,8.18599580720179e-06,8.443029568537587e-07,1.0443380373210309e-07,0.0011881678803021619,8.496238021344401e-05,0.0,2.2585055366670875e-05,3.28812444000807e-06,0.09989741674034654,7.767086278275304e-06,7.159083309531657e-07,2.045220223551736e-08,0.0011486177732297912,8.037425466801767e-05,0.0
4e-05,4e-05,4e-05,4e-05,345.0,10.0,2.3241078647036254e-05,3.1650020354479975e-06,0.10008182062849884,8.268456179271808e-06,8.499478788744922e-07,1.0428946696546334e-07,0.0011877894529547085,8.452013459390054e-05,0.0,2.2203892248710473e-05,3.1151217264060573e-06,0.10008688910403467,7.54759744944699e-06,7.141609752720262e-07,2.060646236959561e-08,0.001146495353936453,7.977169315095236e-05,0.0
4e-05,4e-05,4e-05,4e-05,346.0,10.0,2.3171615506373204e-05,3.163985506576901e-06,0.10018961973332763,8.181537124166496e-06,8.419030835870843e-07,1.2365166023610708e-07,0.0011867616385087044,8.415764645395643e-05,0.0,2.1987753227731948e-05,2.962799878291678e-06,0.10022089045146758,7.4692814468136146e-06,7.137691370761491e-07,2.5060511586704996e-08,0.0011453462690501684,7.947535295174158e-05,0.0
4e-05,4e-05,4e-05,4e-05,347.0,10.0,2.3178349783378576e-05,3.1446613656099366e-06,0.10019434996669552,8.20944708472626e-06,8.489723096972466e-07,1.1751934640961598e-07,0.001186544878908879,8.383149507210804e-05,0.0,2.1932977231945094e-05,3.0318163267095494e-06,0.10009939842261245,7.3606608612110915e-06,7.173283952223399e-07,1.9857387125624808e-08,0.0011438096472252302,7.933747129852479e-05,0.0
4e-05,4e-05,4e-05,4e-05,348.0,10.0,2.3174111513796124e-05,3.1453129795882203e-06,0.1002444066110292,8.199999243053033e-06,8.525517343420901e-07,1.1755401401789805e-07,0.0011850039424780576,8.342531523985601e-05,0.0,2.1892893525127687e-05,3.0330382076650575e-06,0.10024518759399137,7.3131980918654285e-06,7.152331186764561e-07,1.9727262668471506e-08,0.0011431162880417797,7.87178291625502e-05,0.0
4e-05,4e-05,4e-05,4e-05,349.0,10.0,2.3257434380271605e-05,3.1468581301382856e-06,0.10032608845172028,8.281606797754973e-06,8.493803259438966e-07,1.1593625160995754e-07,0.0011840478008020956,8.310442707498056e-05,0.0,2.2044215646988728e-05,3.11907405443339e-06,0.1002408252661616,7.373714866595622e-06,7.2242980465179e-07,1.7957336818606847e-08,0.001142082723408654,7.869573540569771e-05,0.0
4e-05,4e-05,4e-05,4e-05,350.0,10.0,2.3329788265321495e-05,3.163228925004867e-06,0.10037263460288877,8.328129248138426e-06,8.55785416270256e-07,1.1803655307376418e-07,0.0011817713017717552,8.27344977974026e-05,0.0,2.2452813732421876e-05,3.272155917546801e-06,0.10025444399939276,7.63273323476742e-06,7.198404696831288e-07,1.8305699525992e-08,0.0011423865424237088,7.843341345537375e-05,0.0
