lr_enc,lr_dec,lr_dyn,lr_dyn_scale,epoch,n_steps,t_total,t_static_recon,t_kl,t_dyn_recon,t_dyn,t_steady,t_z_std,t_dyn_attn,t_attn_pos,v_total,v_static_recon,v_kl,v_dyn_recon,v_dyn,v_steady,v_z_std,v_dyn_attn,v_attn_pos
0.0001,0.001,0.0001,0.0001,1.0,1.0,0.0010777041691368916,0.0005374433241022529,0.0008369919454314827,0.0005204984582710549,1.497875787504308e-07,1.0790007127901545e-06,0.0010062457996091942,1.9928327832588702e-05,0.0018350259817472357,0.0006113842296934877,0.00030091730228769324,0.004811850091476274,0.00028600242031056374,7.635176034923772e-07,5.217452134374768e-07,0.0019558584160600484,0.00015862505731698893,0.0018350259817472357
0.00028000000000000003,0.001,0.00028000000000000003,0.00028000000000000003,2.0,1.0,0.00035877618938684464,0.00015584694683446986,0.06412871534222714,0.00015135215504322828,5.021090703844003e-06,7.457376906192096e-06,0.004774095351156946,0.001443621383199334,0.002546764211697723,0.00019728784552431613,7.857928120109753e-05,0.0938282173155914,7.785523288721072e-05,1.7643548426113474e-06,1.2347434667838256e-06,0.004428552030589731,0.0016003841656105644,0.002546764211697723
0.00046000000000000007,0.001,0.00046000000000000007,0.00046000000000000007,3.0,1.0,0.00020064216367865655,8.095703863482375e-05,0.08778641647085797,7.956358584400919e-05,2.7314018070909067e-06,3.5705167912053186e-06,0.005119684450184454,0.0015372562544882212,0.0017354698716462703,0.00015775781645932193,6.232255267575198e-05,0.10221635975916013,6.20813237595941e-05,1.739935687928393e-06,8.033758793194618e-07,0.005364391537400907,0.001554611212148934,0.0017354698716462703
0.00064,0.001,0.00064,0.00064,4.0,1.0,0.0001688088146818334,6.437560873507143e-05,0.09514687525704718,6.273635034664487e-05,2.6589247953855765e-06,4.604513562366717e-06,0.005753674818575825,0.0015293520549185822,0.001727197063275595,0.00012736188184360063,4.796582917554941e-05,0.10336975350190362,4.7587438405971563e-05,1.499628494452174e-06,5.77686278348345e-07,0.005861702380748586,0.0014931412654998893,0.001727197063275595
0.0008200000000000001,0.001,0.0008200000000000001,0.0008200000000000001,5.0,1.0,0.00015156401556455843,5.793616147935264e-05,0.09685544047233677,5.639706843237082e-05,2.58605863058765e-06,4.187368658010357e-06,0.006328181342183634,0.0014954709343234266,0.001329446025700901,0.00010680197153267408,3.84235471494491e-05,0.10314105333906881,3.814392698881524e-05,1.3639877133405557e-06,1.4874235516732855e-06,0.006413737257222936,0.0014308423102513768,0.001329446025700901
0.001,0.001,0.001,0.001,6.0,1.0,0.00013820302118559713,5.23526965690069e-05,0.09552800617368458,5.086347358879821e-05,2.5994323257808563e-06,4.14172507104534e-06,0.006760207941651856,0.0014555797646143066,0.001141499460272996,9.585741590712519e-05,3.318531874096075e-05,0.1029565401549162,3.2808843576322153e-05,1.3804307387356857e-06,2.0623776413172143e-06,0.006925594072882327,0.0013800807017108542,0.001141499460272996
0.001,0.001,0.001,0.001,7.0,1.0,0.00014296032423366596,4.8045643824135414e-05,0.09403600524276264,4.657168166434713e-05,2.82593170048306e-06,3.869062825868624e-06,0.007240509362430196,0.0014245589094732003,0.0025121609882035076,9.79935076172635e-05,2.8983467305325617e-05,0.09997134105130939,2.842163734056813e-05,1.5834280323385633e-06,9.384738939201932e-07,0.007505379733126433,0.0013178458627290837,0.0025121609882035076
0.001,0.001,0.001,0.001,8.0,1.0,0.00012315033878860897,4.230800712140797e-05,0.09330047830403558,4.095231570943713e-05,2.9535820795447234e-06,2.9337004691116913e-06,0.007517656928484239,0.0013942051471803655,0.0017701660869989498,8.677772149757958e-05,2.83193605312888e-05,0.0991315430830343,2.7581946157491923e-05,1.5413963500986034e-06,1.1949128074130632e-06,0.00753507026943701,0.001271036931431499,0.0017701660869989498
0.001,0.001,0.001,0.001,9.0,1.0,0.00011593313832471441,4.136892703599363e-05,0.09239958477723521,3.998254327951927e-05,3.0049754767874196e-06,2.9746913149435334e-06,0.007543896582511026,0.0013539555973981715,0.0012592265571536431,8.029545404130872e-05,2.667516683744083e-05,0.09594345569301496,2.60123056733889e-05,1.5918995845826722e-06,8.708928275211502e-07,0.0073452334474311785,0.00123739493993701,0.0012592265571536431
0.001,0.001,0.001,0.001,10.0,1.0,0.00010331077258479467,3.648651810556641e-05,0.09058786758112078,3.524915589513694e-05,2.932606374973407e-06,2.186089962766003e-06,0.007440346936179291,0.0013288619318042657,0.001075330676386103,8.120808783142249e-05,2.806457870712004e-05,0.09229047340159799,2.7293225905732005e-05,1.5640069614125228e-06,9.236799017807312e-07,0.007065849984024451,0.0012092072564070962,0.001075330676386103
0.001,0.001,0.001,0.001,11.0,1.0,9.723467147031869e-05,3.407386360850912e-05,0.08908113206837798,3.28607600374485e-05,2.9433728686098823e-06,1.8739079931336633e-06,0.007396597830494007,0.001309957276309211,0.0010024868134255332,7.952938929209027e-05,2.7715878020265673e-05,0.08714529995580325,2.6639642773046984e-05,1.4963103132804926e-06,7.73771319362034e-07,0.006943114161452757,0.0011838666000785812,0.0010024868134255332
0.001,0.001,0.001,0.001,12.0,1.0,0.0001027762800505809,3.6328391047516954e-05,0.08804576133091643,3.506553899861753e-05,2.9854679953165037e-06,3.022923391898797e-06,0.007488307096493766,0.0012761150347995612,0.0010188807605335003,8.052740505501683e-05,2.8144281537180674e-05,0.08753569842724318,2.7326929990261353e-05,1.6241261400416393e-06,7.752016208369108e-07,0.007184533690494407,0.0011635409512532136,0.0010188807605335003
0.001,0.001,0.001,0.001,13.0,1.0,9.216066940220515e-05,3.179840257181263e-05,0.08633388567742348,3.064927306669764e-05,2.85730938421241e-06,1.705247249588023e-06,0.007302576780612238,0.0012523443262433176,0.0010255327531668156,8.334080099434871e-05,2.9092590227886526e-05,0.08492279585930636,2.813362960440856e-05,1.3986706125805451e-06,1.3625617576605063e-06,0.006818050167675459,0.0011415033782940993,0.0010255327531668156
0.001,0.001,0.001,0.001,14.0,1.0,9.456770693191644e-05,3.251391734940295e-05,0.08649504866728452,3.1477977454099746e-05,2.7653184965492206e-06,2.366495469293705e-06,0.007329420340009345,0.001237233923081234,0.0010608324017758592,8.347103290061419e-05,2.9133643865995446e-05,0.0857416929720596,2.8444213115193825e-05,1.4210186258459055e-06,8.489296581052697e-07,0.006990777697275709,0.0011325211047561953,0.0010608324017758592
0.001,0.001,0.001,0.001,15.0,1.0,9.128274524737919e-05,3.133216507842476e-05,0.08479457285894876,3.027621972687654e-05,2.8376333050045386e-06,1.8899668137398523e-06,0.007367730790330133,0.001221515355610741,0.0010359726920882906,7.556643593185416e-05,2.5859149884776266e-05,0.08582974327671807,2.5238474153849364e-05,1.4058165859017365e-06,3.406037501080074e-07,0.007049344478427797,0.0011135652948488048,0.0010359726920882906
0.001,0.001,0.001,0.001,16.0,1.0,8.959093237084583e-05,3.016972449962956e-05,0.08453453422729389,2.9217495895423932e-05,2.6571993415598322e-06,2.1431487980900774e-06,0.007371898113526858,0.0012106168753115963,0.0010896826414802205,7.3707909829888e-05,2.496058718354583e-05,0.08450114227309759,2.4262469907803582e-05,1.3592372349348264e-06,4.876669618445254e-07,0.007117993091277346,0.0011103176883608585,0.0010896826414802205
0.001,0.001,0.001,0.001,17.0,1.0,8.507191156252769e-05,2.7877502428926186e-05,0.08579611274000215,2.6813121010862415e-05,2.4381541336584184e-06,1.6756866596330054e-06,0.0074533754290285305,0.001212812903171298,0.0011623771849875093,7.881224023364564e-05,2.731254997503418e-05,0.08437349024577294,2.6332814370151394e-05,1.280534341336642e-06,6.555031170731503e-07,0.007250789094107772,0.001104110972575486,0.0011623771849875093
0.001,0.001,0.001,0.001,18.0,1.0,8.288287709833821e-05,2.6479079516585097e-05,0.0855145057181975,2.5432976291051725e-05,2.3710954746540216e-06,1.8618447628284324e-06,0.007543978618794961,0.001207544141762605,0.0012148710412551473,6.708831945866871e-05,2.111485862214796e-05,0.08490752112587259,2.0402506070539345e-05,1.3136762469836499e-06,4.911909213020037e-07,0.00724656388723809,0.0011121463962804844,0.0012148710412551473
0.001,0.001,0.001,0.001,19.0,1.0,7.860448980261295e-05,2.4486657216829528e-05,0.08549861572301483,2.3391080663991796e-05,2.397858691806867e-06,1.8146379409345545e-06,0.0075430567573166,0.0011931770602202354,0.0011998508918982832,6.254859375672828e-05,1.8598812691954488e-05,0.08684037722383167,1.81562523200983e-05,1.2644929503641492e-06,5.602402584180023e-07,0.007226751901550652,0.001081996431832613,0.0011998508918982832
0.001,0.001,0.001,0.001,20.0,1.0,7.434363393707719e-05,2.2659143285541402e-05,0.08490108468634895,2.1697754361742335e-05,2.353654974003944e-06,1.464417874089167e-06,0.0074859378162915055,0.0011733188286232946,0.001181196108461835,6.480400728535908e-05,1.979948873657817e-05,0.08565677330219859,1.919434289259304e-05,1.1735412379178718e-06,5.991338910237399e-07,0.007226676453957809,0.0010704663942862614,0.001181196108461835
0.001,0.001,0.001,0.001,21.0,1.0,7.542695602674688e-05,2.2233576569790852e-05,0.0844920786475347,2.1385745001502027e-05,2.423084714378597e-06,1.6120285052876913e-06,0.0074519806145713656,0.001150356083107057,0.001357153363075866,6.399961466544413e-05,1.9363222006744003e-05,0.0853466187300307,1.8787076639401095e-05,1.1560326589309675e-06,6.242741135025826e-07,0.007211712803192559,0.0010651856661949696,0.001357153363075866
0.001,0.001,0.001,0.001,22.0,1.0,7.461894922525879e-05,2.249204885982447e-05,0.08404194738415316,2.1581632178599724e-05,2.386967679684165e-06,1.5415991353849277e-06,0.007497337570482423,0.0011331166442076655,0.0012546923656154144,5.8944766974062945e-05,1.6933247800083315e-05,0.08454470049232476,1.643006092645725e-05,1.132290465530396e-06,3.9194411956227467e-07,0.007197613917233208,0.0010340234332447493,0.0012546923656154144
0.001,0.001,0.001,0.001,23.0,1.0,7.151987346293024e-05,2.080142419762029e-05,0.08371207101692633,1.987960458220412e-05,2.3816555918532463e-06,1.5360332185482224e-06,0.007528319785819764,0.001110402461673561,0.0012997937052651079,6.15075745814228e-05,1.7945119473464784e-05,0.08362401198908082,1.741891605751104e-05,1.2348675276191841e-06,5.596194036903428e-07,0.007207475927825003,0.0009947935306018761,0.0012997937052651079
0.001,0.001,0.001,0.001,24.0,1.0,7.150819827593051e-05,2.0690120575926254e-05,0.08311641952058381,1.9733377281981453e-05,2.3563097220388514e-06,1.4100524501186612e-06,0.00751053642827016,0.0010926145602220957,0.0013543624221944112,6.146746346595808e-05,1.7029134406830533e-05,0.08422231779803258,1.6453390402565232e-05,1.2193750191802768e-06,5.340075600612234e-07,0.007181278912088123,0.0010062511099237616,0.0013543624221944112
0.001,0.001,0.001,0.001,25.0,1.0,7.457686610211617e-05,2.1869111045237784e-05,0.08340427463417427,2.1036882456641353e-05,2.462081794714966e-06,1.6516823607731932e-06,0.007561304216746048,0.0010729070033385006,0.001385214654097088,5.980529187759505e-05,1.682216572846085e-05,0.08583284555165646,1.628207688159927e-05,1.2622027871144814e-06,7.330206679755424e-07,0.007372960565787198,0.0010092506476363221,0.001385214654097088
0.001,0.001,0.001,0.001,26.0,3.0,7.925773944273987e-05,2.1199638099178173e-05,0.0847787256774857,2.258697076819518e-05,5.636445780112886e-06,1.4616019907146069e-06,0.006861423882034557,0.0010601863011735707,0.0014594279324028532,7.513777357447642e-05,2.126527960342677e-05,0.08933660086621059,2.1331315852002166e-05,3.152615959871435e-06,1.2173642894080223e-06,0.006367474936058322,0.0010095587782658372,0.0014594279324028532
0.001,0.001,0.001,0.001,27.0,3.0,9.175863427682506e-05,2.644235770956886e-05,0.08793836324728403,2.716410738988555e-05,4.9874673374573034e-06,2.2205687469852224e-06,0.006527923018360913,0.001051976318360671,0.0016890416043414305,7.20124495091551e-05,1.8955210288617293e-05,0.08743654973257588,1.9013096140905877e-05,2.898094667908106e-06,7.072997362739383e-07,0.006280936134935662,0.0010015325750165531,0.0016890416043414305
0.001,0.001,0.001,0.001,28.0,3.0,7.889486181098342e-05,2.0888482520020004e-05,0.08684313671118965,2.182894943094233e-05,3.9877351220518775e-06,1.1960402747281382e-06,0.006207194302563845,0.0010460725517878523,0.0017078978691945112,7.15352103935978e-05,1.8988578259435688e-05,0.08953490613757688,1.9211459647338975e-05,2.7006888018156057e-06,6.401501681200775e-07,0.006081446821744213,0.00099361119304873,0.0017078978691945112
0.001,0.001,0.001,0.001,29.0,3.0,8.312839149805844e-05,2.2259277580052546e-05,0.08793337789296311,2.338641767254428e-05,4.111208736638486e-06,1.6286382404374791e-06,0.006001568232053155,0.0010337745475960931,0.0017780639099485016,8.44484327501652e-05,2.3412022227577362e-05,0.09213160953340391,2.3567617238531824e-05,3.0761804468329424e-06,1.3034843458632214e-06,0.005936331343462782,0.0010009290324584415,0.0017780639099485016
0.001,0.001,0.001,0.001,30.0,3.0,8.745341118814957e-05,2.3261804153044663e-05,0.08829541501444796,2.4370552796410052e-05,3.973506561197469e-06,2.1199066509875036e-06,0.005832647140445793,0.0010212826377837144,0.0019791687080940863,6.211339828116351e-05,1.449374512478948e-05,0.08775057046703975,1.5199361203999848e-05,2.4684946609196595e-06,2.741286206194389e-07,0.005808844172308027,0.0009465436742426916,0.0019791687080940863
0.001,0.001,0.001,0.001,31.0,3.0,8.279249525780502e-05,2.1710502339469853e-05,0.08712701215172396,2.250469223207574e-05,3.6122301242118454e-06,1.7383515255331126e-06,0.005765814939421981,0.0010077419697105245,0.0019475308612863665,6.956621660293919e-05,1.5846443729199547e-05,0.08897295202689637,1.63280178801126e-05,2.5364992432395855e-06,1.2988046615385476e-06,0.005801629120533901,0.0009494256054642051,0.0019475308612863665
0.001,0.001,0.001,0.001,32.0,3.0,8.539168900543246e-05,2.234534462068829e-05,0.08769306432698187,2.302731195039766e-05,3.5900935430543585e-06,1.7369090584113536e-06,0.005693709501580395,0.0009894349097399726,0.0020975549862681103,6.840215052007927e-05,1.611940924051512e-05,0.0898402575387353,1.6694409048578975e-05,2.4078197863583653e-06,9.70284769915584e-07,0.0057000931941597445,0.0009453438080335318,0.0020975549862681103
0.001,0.001,0.001,0.001,33.0,3.0,8.969992045740279e-05,2.4496160551805585e-05,0.08843207499707931,2.5279806621750377e-05,3.6382800948108557e-06,1.8559625132824226e-06,0.005744950351309105,0.0009824819444614046,0.0020674094403300607,6.37671584600515e-05,1.4627587256517241e-05,0.08979031706330276,1.507663375469073e-05,2.1843481393414252e-06,6.139451743711374e-07,0.0056834890472548935,0.0009192306370363316,0.0020674094403300607
0.001,0.001,0.001,0.001,34.0,3.0,7.877825267640305e-05,2.0088163900682812e-05,0.08640068396090728,2.0853461371842598e-05,3.1482861915399293e-06,1.3961005399515094e-06,0.005659382419720007,0.0009716196607009917,0.0019794074566020273,7.161262921126464e-05,1.6808919148012922e-05,0.08613233444705129,1.6451743649605174e-05,2.608674713997749e-06,1.1367737693290927e-06,0.0055395857903497835,0.0009134701550648408,0.0019794074566020273
0.001,0.001,0.001,0.001,35.0,3.0,8.238253271629241e-05,2.1080657947163906e-05,0.08697703874451534,2.181280632347171e-05,3.006104035383367e-06,1.9826488067865278e-06,0.005657999617238571,0.0009499241686536289,0.0021052991362130965,7.315451143598851e-05,1.6573806119151112e-05,0.08661902976015465,1.587247769824751e-05,2.436737300743146e-06,2.6708396260065466e-06,0.005784618699651086,0.0008939463885596816,0.0021052991362130965
0.001,0.001,0.001,0.001,36.0,3.0,8.333969145639131e-05,2.071857668224434e-05,0.08661241302233662,2.144165773289416e-05,3.1228739247644994e-06,1.924110822874588e-06,0.005795887789873478,0.0009356442931092039,0.0022793010192719,6.850016954209649e-05,1.5665303068457883e-05,0.0850937877529741,1.6250173442507733e-05,1.8975185836314372e-06,4.104092567030984e-07,0.005752489197751316,0.0008526720570351256,0.0022793010192719
0.001,0.001,0.001,0.001,37.0,3.0,8.456539986961523e-05,2.211474481401872e-05,0.08689684557575342,2.2990546585903717e-05,3.0283497973495866e-06,1.5694812094763693e-06,0.005661528304463567,0.0009245727485429769,0.0021549729949185844,7.039937503885819e-05,1.6267662814953353e-05,0.08804606829827061,1.6748257194029518e-05,2.1019044219365626e-06,2.2465710736927474e-06,0.005362897174386187,0.0008813165641987863,0.0021549729949185844
0.001,0.001,0.001,0.001,38.0,3.0,8.239149110973508e-05,2.146913550700586e-05,0.08561363972674982,2.1945555823256525e-05,2.733124114069681e-06,1.5686027664299175e-06,0.005548696592359578,0.00092076864762975,0.002150986650331503,7.4488699130107e-05,1.8722544445088955e-05,0.08861002194644463,1.8292051703290202e-05,1.8988954601288212e-06,4.1414216303708754e-07,0.005399570112135149,0.0008860059126679502,0.002150986650331503
0.001,0.001,0.001,0.001,39.0,3.0,8.303211095942448e-05,2.1334688529709727e-05,0.08558362110749285,2.1919490887955364e-05,3.024092318726688e-06,1.8195298879877065e-06,0.005689996399152627,0.0009158049071233579,0.0021796923463119687,9.647161026594737e-05,2.9569193319728045e-05,0.08883910637120286,2.7783934475890062e-05,3.053138347026147e-06,1.3015216547246351e-06,0.006015549071757775,0.0008765941760651671,0.0021796923463119687
0.001,0.001,0.001,0.001,40.0,3.0,8.21850743387864e-05,2.1406753806622145e-05,0.08485493807837616,2.2122677370156096e-05,2.8739353545034766e-06,1.6023689236127167e-06,0.005710681375565004,0.000903658528992961,0.0021175553190565994,6.849346866812267e-05,1.585952155396677e-05,0.08649489541144441,1.587307951961716e-05,1.707665141128941e-06,3.400994100430504e-07,0.005613991779789599,0.0008549368845209537,0.0021175553190565994
0.001,0.001,0.001,0.001,41.0,3.0,7.931276161272151e-05,2.0099036476505293e-05,0.08498065996065715,2.0733838340300984e-05,2.7850691843849615e-06,1.5868362226353792e-06,0.005630967261767337,0.0008894991283730387,0.002116242048568662,6.480661542374196e-05,1.533970181136364e-05,0.08573062899510409,1.5173657611850107e-05,1.7440674862848394e-06,7.951545978645605e-07,0.005259598421002114,0.0008408891739623175,0.002116242048568662
0.001,0.001,0.001,0.001,42.0,3.0,9.016323091682576e-05,2.397499166230136e-05,0.08674608969114604,2.44357077103207e-05,2.948631374867778e-06,2.3015339890309335e-06,0.005658095423240354,0.0008829274186933801,0.002341312106840333,7.613962847725774e-05,1.7249179057962668e-05,0.0845466603105606,1.6900835273494177e-05,2.2422071532333355e-06,2.51753403410496e-06,0.0054574522383787965,0.0008436647268851724,0.002341312106840333
0.001,0.001,0.001,0.001,43.0,3.0,8.415204872905279e-05,2.2086184555632836e-05,0.08562111387002674,2.252001954945406e-05,2.7971946508100065e-06,1.82268823653019e-06,0.005713261502710219,0.0008677951179982499,0.0022024875346008,6.510527923374373e-05,1.60111341949795e-05,0.08519033957578648,1.539754812539422e-05,1.681319080217056e-06,2.834371122963157e-07,0.005653090475573041,0.0008067225288984494,0.0022024875346008
0.001,0.001,0.001,0.001,44.0,3.0,8.343387388722287e-05,2.1297257759326815e-05,0.08603596847353136,2.1916304822155874e-05,3.042267141463805e-06,1.7437133534698312e-06,0.005800217828791569,0.0008637247319227636,0.002251211134149587,7.20135059253761e-05,1.782142358602199e-05,0.0824430402281373,1.7295945030270834e-05,1.971725939125548e-06,3.595355487248348e-07,0.005833069343915146,0.0008218518596958746,0.002251211134149587
0.001,0.001,0.001,0.001,45.0,3.0,8.256822365282109e-05,2.1739803663012346e-05,0.08479173356486386,2.2210309583638926e-05,3.0095628359480077e-06,1.8558451348238614e-06,0.005645270908977877,0.0008579431862731486,0.0020983813788431594,9.764389301164843e-05,2.4538142147671002e-05,0.08381994672654101,2.1907037599194878e-05,3.5106889915927715e-06,8.88130638212917e-06,0.0056806094896180315,0.0007784074355402194,0.0020983813788431594
0.001,0.001,0.001,0.001,46.0,3.0,8.446280701745883e-05,2.1670375236888214e-05,0.08575832290898774,2.2034456917679242e-05,3.1739617998333682e-06,2.6920934147903746e-06,0.005810807119769282,0.0008545124165685662,0.0022043526192360714,6.002887211902616e-05,1.3558751963191265e-05,0.08675684226723508,1.3912883182381749e-05,1.7581564392811292e-06,2.7042928796400325e-07,0.005546078950411406,0.0007979582070293309,0.0022043526192360714
0.001,0.001,0.001,0.001,47.0,3.0,7.687062190128947e-05,1.958104614080326e-05,0.08529589016850148,2.005796909353498e-05,2.8358471631788448e-06,1.2582859635768206e-06,0.005703027734496676,0.0008396978431397272,0.002040939612045885,6.274097182428948e-05,1.3760032623964213e-05,0.08708791482417667,1.3881183938607158e-05,1.5269218970970165e-06,1.5518399363383348e-07,0.005554153175836199,0.0007742357806744522,0.002040939612045885
0.001,0.001,0.001,0.001,48.0,3.0,7.62460780151164e-05,1.8910975090430797e-05,0.08533927391659984,1.9794622115216303e-05,2.6040345884349307e-06,1.1114824432155515e-06,0.005671412878911579,0.000835324055144956,0.0021114416810085203,6.635946135319183e-05,1.5313320193665006e-05,0.08679189662430548,1.5897777051838555e-05,1.877443413322845e-06,9.548452853322218e-07,0.0054272317899875635,0.0007767912362442194,0.0021114416810085203
0.001,0.001,0.001,0.001,49.0,3.0,8.431174039883918e-05,2.2955972143513767e-05,0.0855000986761439,2.3315539794729897e-05,2.81081249189589e-06,1.999804161445048e-06,0.005751802129904683,0.0008288778929167795,0.002053521333499249,6.303539002183809e-05,1.475011706641763e-05,0.08489293153675445,1.4863841118744406e-05,1.774148074747271e-06,1.1241381223442056e-07,0.005773882755917934,0.0007897701572531041,0.002053521333499249
0.001,0.001,0.001,0.001,50.0,3.0,7.647301049210272e-05,1.942500540861874e-05,0.08429351606714465,1.9901321777985142e-05,2.702346420899342e-06,1.2911911121291316e-06,0.005744109050126507,0.0008198572642859738,0.0020624508278296034,6.687868982519271e-05,1.6259649018953755e-05,0.08412443507098905,1.5665617149915163e-05,1.8497723976356599e-06,1.7967701708883007e-06,0.005403959862855662,0.0007643956143059667,0.0020624508278296034
0.001,0.001,0.001,0.001,51.0,5.0,8.676516252881117e-05,2.0381248119195346e-05,0.08479321859814205,2.3556976104029967e-05,4.9790646476696275e-06,1.4492543137979262e-06,0.00549935668498396,0.000818856108298527,0.0023825017693652408,7.419677826508721e-05,1.6904379161654923e-05,0.08867237499899769,1.8277034093759162e-05,3.1867262555292816e-06,3.8078198168314963e-07,0.00511269324661177,0.0007626254989623914,0.0023825017693652408
0.001,0.001,0.001,0.001,52.0,5.0,8.552178578945703e-05,2.1468478653379e-05,0.08553261523894509,2.441356976702471e-05,4.2132962184464825e-06,1.565063719959741e-06,0.005220121967003922,0.000814607122802207,0.002123508117914905,6.463971399913833e-05,1.5018108877432456e-05,0.08721456083637326,1.6322249841131552e-05,2.654798953830631e-06,3.654111277900858e-07,0.004965643817840616,0.0007714058074121369,0.002123508117914905
0.001,0.001,0.001,0.001,53.0,5.0,8.327550771095146e-05,2.046832296201442e-05,0.08630052341485808,2.3645410855775215e-05,3.923442269857432e-06,1.3710679754127e-06,0.004971692231469041,0.0008066041930855057,0.0021204191407784533,6.867147481393765e-05,1.5188014646810975e-05,0.08573489296817532,1.733724830698859e-05,2.2431729239269455e-06,3.340106758213525e-07,0.0048630553939240494,0.0007523133175656064,0.0021204191407784533
0.001,0.001,0.001,0.001,54.0,5.0,9.196114290199442e-05,2.426381176242948e-05,0.08775660535774717,2.6812778012774966e-05,4.188439778308421e-06,2.079232149374603e-06,0.00508419454181469,0.0008112938911947759,0.0021784751792271666,6.697857673708575e-05,1.7104106359884595e-05,0.08633763648975276,1.7365498367963438e-05,2.338981136598529e-06,4.941385733888866e-07,0.004858274375029752,0.0007526660934710422,0.0021784751792271666
0.001,0.001,0.001,0.001,55.0,5.0,8.379701700289277e-05,2.1253569880012962e-05,0.08537788364193705,2.399523810405643e-05,3.6719502450299515e-06,1.3609120387976232e-06,0.005064270325609417,0.0008053576816597643,0.002095077066524019,6.742532937642583e-05,1.5215945342297958e-05,0.08822604009274686,1.6751705148972107e-05,2.578200719799403e-06,6.837822983861369e-07,0.005064044365065306,0.0007423300674090979,0.002095077066524019
0.001,0.001,0.001,0.001,56.0,5.0,8.603175209863297e-05,2.2614790142630613e-05,0.08549637733442574,2.5448587056319468e-05,3.764719076948158e-06,1.3463525058908912e-06,0.0050470491674060305,0.0007965142782051403,0.0020325094791395037,6.0906664542755225e-05,1.4104067599854163e-05,0.08673540128647714,1.6123033793073718e-05,2.4164254626144768e-06,4.0018051144233154e-07,0.004842430660654062,0.0007483996153574085,0.0020325094791395037
0.001,0.001,0.001,0.001,57.0,5.0,7.937720559220638e-05,1.9618603461867236e-05,0.08466406495279852,2.21650853393253e-05,3.507638061038445e-06,1.2805127537706266e-06,0.005075673458835158,0.0008014668171706828,0.0020331625999809714,6.503716107711837e-05,1.584570528553244e-05,0.08708966365639464,1.6506089283155024e-05,2.5822924101985594e-06,3.0465790567927384e-07,0.005003800362915239,0.0007535728454700926,0.0020331625999809714
0.001,0.001,0.001,0.001,58.0,5.0,8.246106136013553e-05,2.1410660179254064e-05,0.0848438619153722,2.423958543651978e-05,3.833532790381022e-06,1.427594986524319e-06,0.005011558277123764,0.0007880195972330454,0.001912520432474,6.200533944382126e-05,1.500389626740034e-05,0.08505166957578272,1.602405085917216e-05,2.344414241332717e-06,3.1164922780800804e-07,0.004735647653235169,0.0007332292686348544,0.001912520432474
0.001,0.001,0.001,0.001,59.0,5.0,7.78322204719578e-05,1.9424667679856796e-05,0.08428394320151468,2.2264804771149744e-05,3.2846463439844525e-06,1.0921904461770487e-06,0.0048820042344675735,0.0007883600548354141,0.0019395717325774336,6.499031915374876e-05,1.5787291091499737e-05,0.08791554350222404,1.700196871823016e-05,2.6076240397481388e-06,2.6468906482113165e-07,0.004736523796758367,0.0007251175329255788,0.0019395717325774336
0.001,0.001,0.001,0.001,60.0,5.0,8.422301224485488e-05,2.1601667693839937e-05,0.08514152467452077,2.439757246505926e-05,3.4641789452163326e-06,1.4834594521803991e-06,0.0047878143930418435,0.0007815623245576486,0.0020854170230534225,6.78099099830012e-05,1.616968496938511e-05,0.08667325265158222,1.8291782299482767e-05,2.042581953861693e-06,4.204522757959141e-07,0.00484730322445222,0.00074008640975272,0.0020854170230534225
0.001,0.001,0.001,0.001,61.0,5.0,9.485766541448565e-05,2.3886904850343627e-05,0.08461382107572261,2.6752124344954517e-05,3.914773359048185e-06,2.4652324914969855e-06,0.00481903584122719,0.0007760979855765211,0.0025496759115405886,7.136820196147925e-05,1.925571002962141e-05,0.08711397771497378,1.968025975100384e-05,2.391345270912872e-06,4.362934836780972e-07,0.0046609945920462635,0.0007318130824328525,0.0025496759115405886
0.001,0.001,0.001,0.001,62.0,5.0,7.902419248527458e-05,1.984256296107137e-05,0.08448989946269476,2.2593222227306996e-05,3.2545427313226467e-06,1.0385679706198068e-06,0.004686662593944955,0.0007748487090754136,0.001997206395371256,7.045492798771368e-05,1.3442222853122274e-05,0.0872252153855722,1.5376373934771324e-05,2.2378931956089063e-06,8.148580492823938e-07,0.0048432450116891335,0.0007256226463793949,0.001997206395371256
0.001,0.001,0.001,0.001,63.0,5.0,8.53466063615407e-05,2.1065027316041765e-05,0.08506040839933054,2.3979490208577136e-05,3.78242706742446e-06,2.0295321445067315e-06,0.004687340083383335,0.0007647106420015017,0.002216053623991378,7.002338626286757e-05,1.4700460091083131e-05,0.0874691933728336,1.6648519396819252e-05,2.303736491115049e-06,1.7317423420537787e-06,0.004565261900038583,0.0007309040966079076,0.002216053623991378
0.001,0.001,0.001,0.001,64.0,5.0,8.646594581440078e-05,2.3279106130650528e-05,0.08578003531243444,2.5715343277136877e-05,3.586844056287337e-06,1.4074579849440239e-06,0.004689932514320867,0.0007703753487864439,0.00200473148813877,6.254268340265753e-05,1.4921138211170653e-05,0.08380975858239954,1.668678933812721e-05,2.251727676709034e-06,2.5736103883179173e-07,0.004636371799631168,0.0007226765808804715,0.00200473148813877
0.001,0.001,0.001,0.001,65.0,5.0,8.04199150203139e-05,2.066894094529113e-05,0.08412201957582079,2.3489271722361494e-05,3.2439112928004744e-06,9.398432252008232e-07,0.004633935647518153,0.0007581239621159958,0.0019875127044922335,7.098457988213937e-05,1.8677262739835196e-05,0.0856803522454116,1.970514324148334e-05,1.956638603550689e-06,3.09734427126987e-07,0.004470617250380788,0.0007114541481326309,0.0019875127044922335
0.001,0.001,0.001,0.001,66.0,5.0,8.211636284831346e-05,2.183461846420062e-05,0.08418525613522189,2.4498796669907827e-05,3.2379152242401712e-06,1.138986001831245e-06,0.004561528278525459,0.0007544134524966839,0.0019215454274552984,6.278660578776776e-05,1.4762299872934617e-05,0.08597441021491457,1.7424386822999987e-05,2.201590130309024e-06,1.6809212006289493e-07,0.00437491745973777,0.0006943969816684259,0.0019215454274552984
0.001,0.001,0.001,0.001,67.0,5.0,8.221427226908641e-05,2.150833767620027e-05,0.08485680252956818,2.460732824589158e-05,3.5144957106617037e-06,1.1982432634396513e-06,0.004517600546875983,0.000747053291050679,0.0019164921185604734,6.345123311035036e-05,1.5728536700855923e-05,0.08515660896214722,1.693551391186056e-05,2.087110662796162e-06,4.5550700240571937e-07,0.004383699976506682,0.000696859169045468,0.0019164921185604734
0.001,0.001,0.001,0.001,68.0,5.0,8.408764202221885e-05,2.1433079691555743e-05,0.0843886444039967,2.396000403865147e-05,3.51374388913524e-06,1.8226306333401752e-06,0.004610882276415918,0.0007515016400591556,0.0021161811645094056,6.41208370873228e-05,1.4391014857330664e-05,0.08471681117084177,1.6195542476022842e-05,2.120360382328906e-06,4.3812909621973424e-07,0.00450916938618946,0.000701600248730591,0.0021161811645094056
0.001,0.001,0.001,0.001,69.0,5.0,7.742058446609e-05,1.99388945619085e-05,0.08393484439511362,2.2539208478990008e-05,3.176313736131793e-06,1.0097317943923922e-06,0.004584609833877421,0.0007454161655270456,0.0018635871437394102,6.344806528292023e-05,1.5536712497488257e-05,0.08370817307778855,1.6669247046767736e-05,2.005441316899539e-06,2.929116164307907e-07,0.004539158185597835,0.0006857442703478798,0.0018635871437394102
0.001,0.001,0.001,0.001,70.0,5.0,8.040493258128253e-05,2.1283223718896557e-05,0.08364856778627044,2.4048955152261043e-05,3.3058199940089477e-06,1.0982809408579546e-06,0.004605187486186702,0.0007353448700095135,0.0018627072464422038,6.199496663237907e-05,1.562085331110181e-05,0.08345447999707768,1.6229088067933564e-05,2.0427060760113015e-06,5.571587412096923e-07,0.004466386962691668,0.0006985004635406183,0.0018627072464422038
0.001,0.001,0.001,0.001,71.0,5.0,8.387471747094766e-05,2.2947071608291083e-05,0.08435900213717062,2.5158789916995013e-05,3.623151557107148e-06,1.3355667135536527e-06,0.004738485522773303,0.0007305055316181307,0.0018721710776723071,6.615675955074264e-05,1.727217359319124e-05,0.08558768438386216,1.7645583018625227e-05,2.1380293138245714e-06,5.388446239150697e-07,0.004638984372763667,0.0006997161754648473,0.0018721710776723071
0.001,0.001,0.001,0.001,72.0,5.0,7.824527941386739e-05,1.979570345899234e-05,0.08334063269041568,2.2872922523728934e-05,3.3076279839061595e-06,1.080100809865857e-06,0.004604736170703436,0.0007260620302590137,0.001922455208381031,6.459546461832197e-05,1.4058456097829318e-05,0.08475284148313511,1.5518832751365145e-05,2.5966463752217698e-06,2.683434020145293e-06,0.004378581757664474,0.0006682352326301634,0.001922455208381031
0.001,0.001,0.001,0.001,73.0,5.0,8.281069158799995e-05,2.1686343626449227e-05,0.08446808935019963,2.4482582586621398e-05,3.4637871976564245e-06,1.263405440440949e-06,0.0045244679290050915,0.0007247038956849939,0.001984424483613561,6.394358384276055e-05,1.5104750700857629e-05,0.085012866205044,1.71457144375977e-05,2.124452517723107e-06,2.8715007214197556e-07,0.004556461139972497,0.0006840468070698401,0.001984424483613561
0.001,0.001,0.001,0.001,74.0,5.0,8.76034076197498e-05,2.2430893837821813e-05,0.08486887364786669,2.503658262513188e-05,3.7324551439914426e-06,2.0901465524827884e-06,0.0047172892933607215,0.0007231851208030092,0.0022210517206345064,6.63832862342868e-05,1.6024322572482994e-05,0.08490533326964185,1.7960294742369523e-05,2.435318562949042e-06,3.3708663436233595e-07,0.00471965504959934,0.0006963625877178793,0.0022210517206345064
0.001,0.001,0.001,0.001,75.0,5.0,7.79079388277313e-05,1.953010999382602e-05,0.08357399295219446,2.2349416665269387e-05,3.257297978115977e-06,1.0709654029122001e-06,0.004687599598490398,0.0007192653247731788,0.0019746423417685765,6.338369831321689e-05,1.5328927734317763e-05,0.08486735091811125,1.686220922059695e-05,2.2430038403280037e-06,3.715648295687109e-07,0.004504740365371173,0.0006744863677028545,0.0019746423417685765
0.001,0.001,0.001,0.001,76.0,5.0,8.082751083654137e-05,2.0857416305757655e-05,0.08437240103462496,2.4034855067102105e-05,3.482778170355461e-06,1.0678596663203182e-06,0.00454561018965683,0.0007172392278534146,0.0019361166316845927,6.496756379440259e-05,1.5833410506618477e-05,0.08741118981081963,1.7484017883211815e-05,2.112769815134426e-06,2.951577440861193e-07,0.004400243245342114,0.0006766665638154799,0.0019361166316845927
0.001,0.001,0.001,0.001,77.0,5.0,7.949409111608735e-05,1.9441985128969626e-05,0.0852713885909718,2.2979609501084513e-05,3.3376375642777797e-06,1.2642128404808628e-06,0.004526965651171207,0.0007063735887399741,0.0020411639815179137,6.545320518832821e-05,1.498486257609543e-05,0.08875574865728592,1.71841832713261e-05,2.1948346085855165e-06,4.5179436151206926e-07,0.004522770767195944,0.000677126632488591,0.0020411639815179137
0.001,0.001,0.001,0.001,78.0,5.0,7.958036340865531e-05,2.0158934695488688e-05,0.0858396177195784,2.3734765035542508e-05,3.246619452760256e-06,9.607064208788098e-07,0.00442050009561781,0.0007031173425237699,0.0019379789988533682,6.996021687679795e-05,1.5844090288637172e-05,0.08712174355107953,1.7923709433650566e-05,2.428616591705632e-06,5.786149400417456e-07,0.004297414833201657,0.0006805607868827777,0.0019379789988533682
0.001,0.001,0.001,0.001,79.0,5.0,8.750553991648493e-05,2.3753111255652844e-05,0.08694264771296183,2.6507134237324417e-05,3.4573316080035654e-06,1.8320948286105861e-06,0.004502758001571813,0.0007044142188281778,0.001973953282255343,7.013888107858238e-05,1.4231497328574994e-05,0.08697497775148706,1.6040988461541692e-05,2.2010930063613318e-06,5.044489903109245e-07,0.004501715410330116,0.0006664872976754894,0.001973953282255343
0.001,0.001,0.001,0.001,80.0,5.0,8.076804693509455e-05,2.04257274733696e-05,0.08492978894759808,2.396596451193382e-05,3.148535726505322e-06,8.211019463527306e-07,0.004452198166224601,0.0007037780970917954,0.0020394848660338976,6.447759450744523e-05,1.5369187305730108e-05,0.08733193897026412,1.6562478784765556e-05,1.835158627285481e-06,3.002929782512247e-07,0.004346476270525024,0.000668383594197861,0.0020394848660338976
0.001,0.001,0.001,0.001,81.0,5.0,8.18274107933551e-05,2.159598366783627e-05,0.0858687468786583,2.46865993837077e-05,3.2176307668361434e-06,1.054430447126287e-06,0.004420433038581161,0.000697941806872554,0.0019196183361725485,6.295572940428003e-05,1.5704157150621374e-05,0.08560297745718663,1.6411414815101074e-05,2.281422299241741e-06,1.4844707403460385e-06,0.004290788486767351,0.0006500621335927072,0.0019196183361725485
0.001,0.001,0.001,0.001,82.0,5.0,8.380075923144604e-05,2.2007518717310907e-05,0.08618298361564886,2.495084940956266e-05,3.4384606118148797e-06,1.3707305180054937e-06,0.004511971649033353,0.0006916865849682335,0.0019956469186251493,6.021317747073826e-05,1.4692462950549169e-05,0.08480960102357428,1.5325623342760113e-05,2.062344595344073e-06,3.948393811776709e-07,0.004382276646760691,0.0006625080923791315,0.0019956469186251493
0.001,0.001,0.001,0.001,83.0,5.0,8.332717125440266e-05,2.1835414619564807e-05,0.08634835574219973,2.4972730134756136e-05,3.717586059894619e-06,1.565277845797439e-06,0.004499930086925033,0.0006873346800060862,0.0019164654281349498,6.641338275187684e-05,1.599451182488855e-05,0.08427286173829562,1.733192277137444e-05,2.083230182054279e-06,2.340908343932994e-07,0.004303035162898004,0.0006400615381569559,0.0019164654281349498
0.001,0.001,0.001,0.001,84.0,5.0,7.982262199373421e-05,2.094089630312275e-05,0.0848006975843668,2.373186061873884e-05,3.170218743799243e-06,1.19132094792563e-06,0.0045019702799271085,0.000679320998412582,0.0018911651395755766,7.885575681170585e-05,2.1004075570687628e-05,0.08543489449685673,1.961381896358714e-05,3.1967327922505703e-06,4.308889398583036e-06,0.0045134860783969935,0.0006457297356049438,0.0018911651395755766
0.001,0.001,0.001,0.001,85.0,5.0,8.044275716805494e-05,2.0414552722925698e-05,0.08502056947651818,2.3353383079540066e-05,3.2788629134539543e-06,1.4227336350832283e-06,0.004602415092563756,0.0006767307365653503,0.0020087515161836887,6.373623421895837e-05,1.4755402159781635e-05,0.08433150724800063,1.7887284900326915e-05,2.170131463162486e-06,5.340084829192873e-07,0.0043894636461651315,0.0006402167973576263,0.0020087515161836887
0.001,0.001,0.001,0.001,86.0,5.0,7.851325413913546e-05,2.0280047116399028e-05,0.08483003877697629,2.315095353395357e-05,3.1189566014746427e-06,1.1643653473263038e-06,0.004457389973334435,0.0006700602235494257,0.0018965627116928165,6.872195513116465e-05,1.797481606178736e-05,0.08366133534094333,1.9955927873383577e-05,2.0375045002212147e-06,2.2221374229676662e-07,0.004309864849972643,0.0006301277273337782,0.0018965627116928165
0.001,0.001,0.001,0.001,87.0,5.0,8.637482948912785e-05,2.2579565991481935e-05,0.08549034635740066,2.5285771302671e-05,3.6451097785744787e-06,1.5820729493429483e-06,0.004676321151850917,0.0006760075723092384,0.0021353238050794876,6.24754052198079e-05,1.4878638805067404e-05,0.08388088294526268,1.583005130326604e-05,1.9988930750468176e-06,4.5319448085108123e-07,0.0045312697900171,0.000631437248877566,0.0021353238050794876
0.001,0.001,0.001,0.001,88.0,5.0,7.941366884673924e-05,2.0291165533938498e-05,0.08480416043374472,2.3174124800609407e-05,3.297164433656852e-06,9.789500672862487e-07,0.00466702961069346,0.0006657870971584278,0.001986291299224325,6.302554687747108e-05,1.4413115594305348e-05,0.08428702652196793,1.5637434239048703e-05,1.8696242005507183e-06,6.313149586790364e-07,0.004461486438287675,0.0006157327142512698,0.001986291299224325
0.001,0.001,0.001,0.001,89.0,5.0,8.331828610597995e-05,2.2197308927887735e-05,0.08595506553920901,2.4565215683628163e-05,3.623065178743928e-06,1.5487280548572768e-06,0.00468660585755535,0.0006641402266340974,0.0019467761140103497,6.348901142928887e-05,1.4369124263155137e-05,0.08437129468781843,1.601182395984894e-05,2.0905560118831463e-06,2.4310073938210226e-07,0.0046535497974015145,0.0006326312115621192,0.0019467761140103497
0.001,0.001,0.001,0.001,90.0,5.0,7.672417881461083e-05,1.903161361460768e-05,0.08380665665381777,2.222386077020955e-05,3.041324021806168e-06,9.031507695950717e-07,0.004695060754520432,0.0006590165681542342,0.0019848481985305882,5.976071194065421e-05,1.36963012251945e-05,0.08463424194343355,1.4916289147017657e-05,1.6395479614046481e-06,3.235146194949569e-07,0.004452755399428263,0.0006131706028090437,0.0019848481985305882
0.001,0.001,0.001,0.001,91.0,5.0,7.654922256191971e-05,1.9083520745311923e-05,0.08469695460290487,2.1849706438126784e-05,3.2714118914956203e-06,1.4013003121883525e-06,0.004578206934398488,0.0006595291903905678,0.001917594240477794,6.447917129613005e-05,1.5144202266800657e-05,0.08567395412210978,1.590498995324963e-05,1.8624291194777622e-06,7.576811542059632e-07,0.004408074736067109,0.0006099899170953256,0.001917594240477794
0.001,0.001,0.001,0.001,92.0,5.0,8.688976320684798e-05,2.3237042819118383e-05,0.08518503563050071,2.5957574837735737e-05,3.706279264392055e-06,1.8291282399942835e-06,0.004447692899496158,0.0006589498338264811,0.002034648605964355,7.154130126939654e-05,1.8982635888321544e-05,0.08560446200951895,2.054471363391576e-05,1.98675915293658e-06,2.008886958236374e-07,0.004391171240997191,0.0006354621488479423,0.002034648605964355
0.001,0.001,0.001,0.001,93.0,5.0,7.799828959986063e-05,1.987382272748049e-05,0.08429134309699175,2.31741169231535e-05,3.112430977468478e-06,1.1281572812015945e-06,0.0045076121046407815,0.0006566601264203589,0.0018997327318802306,5.9227727594754805e-05,1.2976500643032877e-05,0.08532109068402362,1.478620075225583e-05,1.8926451229659723e-06,3.5788783743484795e-07,0.004411736289127798,0.0006196577031865262,0.0018997327318802306
0.001,0.001,0.001,0.001,94.0,5.0,8.721965722958207e-05,2.414578957363515e-05,0.08604085809269149,2.6773229027585633e-05,3.525098532544557e-06,1.3685067166030499e-06,0.004558826272673309,0.0006549454964709279,0.0019528220546856257,6.235288872138831e-05,1.459221846495784e-05,0.08621946672684382,1.6577936816123327e-05,2.011037430602002e-06,2.8422672712638164e-07,0.004302315407512305,0.0006116299851042482,0.0019528220546856257
0.001,0.001,0.001,0.001,95.0,5.0,7.360745348826055e-05,1.795289081868921e-05,0.08421160282757277,2.150100980616837e-05,3.0102885648036354e-06,8.426908187904975e-07,0.004424065856027022,0.0006489482927174707,0.0018634672366057109,6.193497927349089e-05,1.4725641399022179e-05,0.0854556793886315,1.683778583381829e-05,1.7505294633855686e-06,2.148873380889795e-07,0.004286497348376977,0.0005992008702917622,0.0018634672366057109
0.001,0.001,0.001,0.001,96.0,5.0,8.067148312682927e-05,2.0795378962114452e-05,0.0854356566735403,2.3880123633869823e-05,3.227271811442459e-06,1.2389586990147792e-06,0.004433358183076736,0.0006467746273520419,0.001975231211490506,6.193457610871765e-05,1.4192235347863758e-05,0.0843912783427391,1.570895070179612e-05,1.8318447860621561e-06,3.235934506557052e-07,0.004207110966176645,0.0006045260278328162,0.001975231211490506
0.001,0.001,0.001,0.001,97.0,5.0,9.106485475450819e-05,2.5436638981700273e-05,0.0870106118266533,2.8112308760887186e-05,3.62210139679143e-06,2.343621844833065e-06,0.004536940362329102,0.0006512419735444661,0.001959291325432227,6.087728535157589e-05,1.3029473450535131e-05,0.08368923884068673,1.4935718824612133e-05,1.8587748583474423e-06,1.97297998704186e-07,0.004433525637655085,0.0006280698216932382,0.001959291325432227
0.001,0.001,0.001,0.001,98.0,5.0,7.831193068867019e-05,1.9844207647256176e-05,0.08449773800559518,2.3284036504745383e-05,3.100833800840732e-06,7.214593253430756e-07,0.004472899458605487,0.0006516253070256626,0.0019653493853509854,7.58210477237481e-05,2.0343658461798122e-05,0.08660286832391546,2.1052069981846484e-05,2.161787412647517e-06,6.064669384929026e-07,0.004302909206550701,0.0006155455664338346,0.0019653493853509854
0.001,0.001,0.001,0.001,99.0,5.0,7.933482422339263e-05,2.0205855695830135e-05,0.08541548039904741,2.35662540904862e-05,3.2930883968869508e-06,1.1434722241418121e-06,0.004420553075824808,0.0006465924460052418,0.0019351644148410988,5.9916672651803276e-05,1.3209976743364002e-05,0.08475874149294485,1.526843840510143e-05,1.9804318857477595e-06,3.709807504204641e-07,0.004296841262457385,0.0006004534651959587,0.0019351644148410988
0.001,0.001,0.001,0.001,100.0,5.0,8.41396562141161e-05,2.2806562485142416e-05,0.08548775071124809,2.5516827396648937e-05,3.472057068279444e-06,1.4195843330232241e-06,0.004629807795231727,0.0006445767262696257,0.0019152966958364557,6.479873432278353e-05,1.365570493636167e-05,0.08515341797571503,1.5491055140265544e-05,2.052750243321526e-06,6.79598632583983e-07,0.004548622647826797,0.0006074821786013615,0.0019152966958364557
0.001,0.001,0.001,0.001,101.0,10.0,8.847853611192582e-05,1.920097476477441e-05,0.0843635755414621,3.0362928587514294e-05,7.044719332050193e-06,9.793599577773116e-07,0.004508857582261453,0.0006439908906218243,0.0019234242283254809,6.891900513034756e-05,1.4603125480940516e-05,0.08443857933101358,2.0543551661226628e-05,4.262624462080252e-06,1.5065332471573337e-07,0.0044178733888974855,0.0006160330903528268,0.0019234242283254809
0.001,0.001,0.001,0.001,102.0,10.0,8.486080313870348e-05,1.8395123698575494e-05,0.08413859407531007,2.796486044703931e-05,6.720144136702738e-06,9.02785521908539e-07,0.004605129237985924,0.0006432449800732738,0.001924780531118751,7.064400708706079e-05,1.501908433200851e-05,0.08362989694808182,1.9470756329755357e-05,4.246493563344312e-06,4.093358101410785e-07,0.004639296695770483,0.0006133476549164943,0.001924780531118751
0.001,0.001,0.001,0.001,103.0,10.0,8.556247211898454e-05,1.893255245716852e-05,0.08342385737707464,2.814441488600154e-05,6.693997141314089e-06,1.1829629369576978e-06,0.004724854020531292,0.0006386892083030096,0.0019072713868990925,6.654137462467377e-05,1.3917649555242895e-05,0.08385141784241455,1.970153210073275e-05,4.186357941636372e-06,4.28972455041743e-07,0.004583795361581764,0.0006022128373657185,0.0019072713868990925
0.001,0.001,0.001,0.001,104.0,10.0,8.732288517274242e-05,1.9601560204782998e-05,0.08345340142608516,2.8944035333270038e-05,6.545968448055608e-06,1.3232426196987336e-06,0.004646553214312289,0.0006332400546237546,0.0019396538860911357,6.961160327129027e-05,1.3321617262877115e-05,0.08548423204454997,1.99948570968467e-05,4.394977881174373e-06,7.063491833420551e-07,0.004471607316143579,0.0005921416314087959,0.0019396538860911357
0.001,0.001,0.001,0.001,105.0,10.0,8.865461177681799e-05,2.10593364224822e-05,0.08349647539618503,2.8613945769248767e-05,6.8789909246594645e-06,1.3075644214583045e-06,0.004650052461872475,0.0006370791298665599,0.0019259731852329,6.636906180882852e-05,1.3803941926598278e-05,0.0829737072224023,1.9391828861088466e-05,4.059387231021883e-06,5.863138253626956e-07,0.004575732194699322,0.0006039652619031532,0.0019259731852329
0.001,0.001,0.001,0.001,106.0,10.0,9.59352868828521e-05,2.2691800304084027e-05,0.08376569062184001,3.189643999173664e-05,7.570620273648558e-06,1.9789880344456008e-06,0.004840126555799514,0.0006304175110169139,0.0020268782099349125,7.051561225349065e-05,1.5798451905479173e-05,0.08420087523423264,2.0203394236962635e-05,3.9289650839989e-06,5.270123645012655e-07,0.004742511701173952,0.0006120597409824825,0.0020268782099349125
0.001,0.001,0.001,0.001,107.0,10.0,8.479287044632526e-05,1.8857800544158754e-05,0.08277183711079582,2.796858008260526e-05,6.090014496238008e-06,9.690546515573507e-07,0.004760479803735261,0.0006353795154056466,0.0019453340080086692,7.636893275413407e-05,1.565997167414642e-05,0.08409186903786907,2.1957694937658915e-05,4.868164969640841e-06,3.07789212292909e-06,0.0046882646828632045,0.0005855306365519559,0.0019453340080086692
0.001,0.001,0.001,0.001,108.0,10.0,9.186274892103666e-05,2.1021268639366754e-05,0.08276637715724804,2.9264312802167025e-05,7.393092810463689e-06,2.0426994111576278e-06,0.004824420556811246,0.0006299658395020811,0.0020714909294009104,7.936208855385319e-05,1.9326797206354388e-05,0.08359507112973288,2.2899144019826923e-05,4.345955194862638e-06,7.36690452542342e-07,0.0045958236327143485,0.0006003764358906649,0.0020714909294009104
0.001,0.001,0.001,0.001,109.0,10.0,8.895185172158043e-05,2.040059214527723e-05,0.08297295313542738,3.0034186692258154e-05,5.745413897284e-06,9.795438131594037e-07,0.004688232242360706,0.0006278587559650821,0.0020355526992841817,6.988386774216505e-05,1.5549745378794958e-05,0.08550206112923507,2.037824187590902e-05,3.301696145453046e-06,1.0843272410223463e-07,0.004524250323062434,0.0005997289242281314,0.0020355526992841817
0.001,0.001,0.001,0.001,110.0,10.0,9.102913687123472e-05,2.15035529114677e-05,0.08339854010738104,3.0040188692998323e-05,6.385659472018858e-06,1.2260060119355435e-06,0.0046050591995900215,0.0006245207654906439,0.0020411272398977148,7.486340434382714e-05,1.758678766655255e-05,0.08304006905394855,2.278794570909378e-05,4.430719301522901e-06,9.389187884449038e-07,0.0044190500714658245,0.0005917959056724552,0.0020411272398977148
0.001,0.001,0.001,0.001,111.0,10.0,8.56906856781869e-05,1.9462159359680407e-05,0.08309380250342781,2.835403416229452e-05,5.732533088992737e-06,9.407510166636579e-07,0.00452732641717506,0.0006313745666102264,0.001973495566680879,7.203257017356833e-05,1.544746742671425e-05,0.085029396425069,2.004562120607818e-05,3.7569747495232076e-06,6.060518778408125e-07,0.004378639309824957,0.0006075462252993272,0.001973495566680879
0.001,0.001,0.001,0.001,112.0,10.0,8.313331604446914e-05,1.8374766894019887e-05,0.08325797851846688,2.6768967545632797e-05,5.8928129357660496e-06,8.728235435894749e-07,0.004531186164682873,0.0006339113788589194,0.0019728590958372856,7.41768969095209e-05,1.885305328054352e-05,0.0834884076382462,2.1112539647137995e-05,3.56684134199206e-06,2.906989216234437e-07,0.004506256415228324,0.0005906639132945989,0.0019728590958372856
0.001,0.001,0.001,0.001,113.0,10.0,9.198162068759863e-05,2.2260204354392075e-05,0.08325574640896573,3.0015526265889994e-05,6.413616910699904e-06,1.4757545588842764e-06,0.004651116917815401,0.0006312267355630445,0.002033481094239049,6.915670814797053e-05,1.5257707926636352e-05,0.08324105333807559,1.9638801628093225e-05,3.3854299039758565e-06,1.116598385302829e-07,0.004508349021323102,0.0005941332479420031,0.002033481094239049
0.001,0.001,0.001,0.001,114.0,10.0,8.664016486072224e-05,2.004487686391888e-05,0.08240772524341373,2.8764712576493604e-05,5.675311488331241e-06,9.98427844048732e-07,0.004512609371518539,0.0006217645496682843,0.0019807241535952976,6.944322123489936e-05,1.513027608588279e-05,0.08381903586606253,2.0485199848549972e-05,4.006158775284229e-06,2.4117721982072714e-07,0.00430730060967504,0.0005824075237403553,0.0019807241535952976
0.001,0.001,0.001,0.001,115.0,10.0,8.591482056647094e-05,1.9754717209700437e-05,0.08316247219340103,2.7644479821922207e-05,5.858979640568041e-06,1.0764069161924523e-06,0.004497059187292489,0.0006230958061489202,0.0020148511476393524,7.022800786103683e-05,1.472905260676856e-05,0.08465779245312238,1.9418697738917773e-05,3.545891822017073e-06,1.2343203969910369e-06,0.00434776419084068,0.0005850987005114771,0.0020148511476393524
0.001,0.001,0.001,0.001,116.0,10.0,8.613101025447688e-05,1.981327886017121e-05,0.08275887310619225,2.8044227396035542e-05,5.796815607470965e-06,1.1820127600101934e-06,0.004458343587476248,0.0006150760530176998,0.001994340863000445,6.502104310236652e-05,1.3996491071939908e-05,0.08455358365724656,1.8961835984363396e-05,3.028781399143082e-06,1.0380549462990631e-07,0.004270207546941395,0.0005905481208602021,0.001994340863000445
0.001,0.001,0.001,0.001,117.0,10.0,8.5493668489311e-05,1.932976683326178e-05,0.08386862671796134,2.8299712873826252e-05,5.201684918173282e-06,9.177500687026587e-07,0.004275483284507346,0.0006163784426804147,0.002027599974641189,6.876825513100657e-05,1.522427055690978e-05,0.08489887622607208,1.9812805679233306e-05,2.9681593682999503e-06,5.834598087625586e-07,0.00411226367094525,0.0006004757562619602,0.002027599974641189
0.001,0.001,0.001,0.001,118.0,10.0,8.755735994500859e-05,2.0344690715292156e-05,0.0843468196890329,2.962451564304816e-05,5.1598589353479325e-06,9.135283395678087e-07,0.004170044585839041,0.0006169533336539643,0.001999531815641124,6.958709130020149e-05,1.536620820245444e-05,0.08608265494392818,2.0066345564452152e-05,2.769894064197845e-06,4.492505169503422e-07,0.00408947459264146,0.000589429234898936,0.001999531815641124
0.001,0.001,0.001,0.001,119.0,10.0,9.088770458195014e-05,2.1288685622321575e-05,0.08534473291701428,3.0336498447921124e-05,4.935001244912709e-06,1.0443901902480893e-06,0.004102279343139037,0.0006132973961699206,0.0021682169562805055,6.993351264578407e-05,1.4520105006029044e-05,0.08621534189550935,2.0212724747828685e-05,2.898334749164495e-06,2.1720656615112307e-07,0.003957656945285604,0.0005655993738344219,0.0021682169562805055
0.001,0.001,0.001,0.001,120.0,10.0,9.300450184841732e-05,2.1958242162984563e-05,0.08581576292352704,3.0363419349980787e-05,5.373843100986814e-06,1.5017441571507906e-06,0.004073581711560264,0.0006082194353071397,0.0022184580271374173,7.123349683959872e-05,1.6063099853885477e-05,0.08711975606667542,1.9585847004019564e-05,3.186694586819515e-06,3.132255892996028e-07,0.003927439829869563,0.000582209206966701,0.0022184580271374173
0.001,0.001,0.001,0.001,121.0,10.0,9.198124980381058e-05,2.1710892232412075e-05,0.08520348250249297,2.9872394746877775e-05,5.04422178407642e-06,1.075729526842956e-06,0.004014319778197118,0.0006087135185693488,0.0022714096367647354,6.923025860056398e-05,1.4570802604133275e-05,0.08703765066849732,1.935918341263094e-05,2.9641911985625133e-06,3.1777304058249395e-07,0.0039317952928207426,0.0005783226877164135,0.0022714096367647354
0.001,0.001,0.001,0.001,122.0,10.0,8.828972882738681e-05,1.9558078301832894e-05,0.08498987381701911,2.851534726590026e-05,5.068316573286134e-06,1.1476849086551325e-06,0.003972960975382272,0.0006074322815904207,0.0022464153759330628,6.939773598869547e-05,1.3960399755762039e-05,0.08645126086927203,2.0108065178445528e-05,3.348876197957614e-06,4.261655756991789e-07,0.0037844531491050774,0.0005537474223170478,0.0022464153759330628
0.001,0.001,0.001,0.001,123.0,10.0,9.005415068792363e-05,2.081305769580619e-05,0.08542122944180394,3.0218738268972442e-05,4.811908584303294e-06,9.292936759794621e-07,0.003939149004337368,0.0006018551670968093,0.0021729754297457864,7.156618270037332e-05,1.5459345429092924e-05,0.08575292784965574,2.1888818029016393e-05,2.643251925558059e-06,5.182310535057261e-07,0.003873646959411077,0.0005811491738096488,0.0021729754297457864
0.001,0.001,0.001,0.001,124.0,10.0,8.820875550580938e-05,2.045560471172594e-05,0.08554523620570435,2.910696509732811e-05,4.533248176205431e-06,8.993001573276359e-07,0.0038911668817053053,0.0006061302552338534,0.002162846317123592,7.469996457088055e-05,1.7285368970088147e-05,0.08780599398390232,2.2164361642126882e-05,3.761044066617187e-06,5.718500750637419e-07,0.0038375682286131856,0.0005642195527983997,0.002162846317123592
0.001,0.001,0.001,0.001,125.0,10.0,9.036034068985965e-05,2.072296079781837e-05,0.08520798301140353,3.0215171945602496e-05,4.8132572644055985e-06,1.0671788056360798e-06,0.0038915319003824675,0.000602409365738244,0.0022008927742608515,7.093355992557577e-05,1.401119217576977e-05,0.08596429589710433,2.0680063045808237e-05,3.341957521490044e-06,8.588601864887102e-07,0.003726045203082599,0.0005661462774825731,0.0022008927742608515
0.001,0.001,0.001,0.001,126.0,10.0,8.881137897114453e-05,2.0499683698574218e-05,0.08543163561646458,2.88312140715394e-05,4.5733688399436526e-06,9.530588218611718e-07,0.0038572157451413585,0.0006026303840041535,0.002239773901602215,7.323269471922925e-05,1.5083237902651952e-05,0.08438776185974531,2.0775538638398187e-05,2.970516066155655e-06,4.5021298578469284e-07,0.0038232556012520328,0.0005553407202767624,0.002239773901602215
0.001,0.001,0.001,0.001,127.0,10.0,9.014944759868988e-05,2.1121430122024545e-05,0.0844542655549145,2.869207260574696e-05,4.753466872515842e-06,1.1132729749067365e-06,0.0038726919961257077,0.000601273419935787,0.002301741187500946,7.271201943805051e-05,1.416386865954985e-05,0.0860995067650884,2.00556944106324e-05,2.86413420244996e-06,2.921092650656294e-07,0.0038740383831713235,0.0005661996604282986,0.002301741187500946
0.001,0.001,0.001,0.001,128.0,10.0,8.901634014177559e-05,2.0561322968269514e-05,0.08504217284279779,2.8810934144086473e-05,4.317546621936149e-06,9.79823084837881e-07,0.0038679744837472204,0.0005986337171938111,0.0022849328197084625,7.377151125378561e-05,1.3805160825732922e-05,0.08637214833580499,2.0928993441938312e-05,2.8681405570982247e-06,3.0879863406660467e-07,0.0038476485604336517,0.0005555570970346207,0.0022849328197084625
0.001,0.001,0.001,0.001,129.0,10.0,9.031486471620141e-05,2.1120458911101978e-05,0.0852432413460038,3.0015383422181672e-05,4.4676784014738916e-06,9.135705976296199e-07,0.0038476698435652807,0.0005993866349936588,0.002227651690244385,7.310441976272546e-05,1.515236144800476e-05,0.088583904411966,2.1750327621728212e-05,2.8168398277988715e-06,2.52470553117318e-07,0.0037405374838574224,0.0005686319740857707,0.002227651690244385
0.001,0.001,0.001,0.001,130.0,10.0,9.255311231511932e-05,2.1172368033501596e-05,0.08492644811860907,2.903750605021421e-05,5.028926328542192e-06,1.3469201834283535e-06,0.003882195980563478,0.0006018092601001466,0.002446570162664166,0.00010428161230010777,1.815579728049969e-05,0.08587944827277767,2.3440096733997883e-05,9.744332488751368e-06,8.440811876633573e-06,0.003953628734263324,0.0005604385655982804,0.002446570162664166
0.001,0.001,0.001,0.001,131.0,10.0,8.892123815537015e-05,2.0526066127688404e-05,0.08470808289199887,2.8062833464587355e-05,4.185313657833284e-06,1.031280237222186e-06,0.003918210887299703,0.0005988456096109615,0.0023650709201647763,7.29684886987044e-05,1.536516879320066e-05,0.08640650590192075,2.052398918233417e-05,2.691706299530659e-06,4.152876902002434e-07,0.003862615704542883,0.0005712178521408945,0.0023650709201647763
0.001,0.001,0.001,0.001,132.0,10.0,9.225887003895117e-05,2.137658704721881e-05,0.08418658222707408,2.9390093596072422e-05,4.460685661433559e-06,1.2402237530556703e-06,0.00395662826062672,0.0005991094084326158,0.0024377075690976456,8.706705311946103e-05,1.5736737000114674e-05,0.09108258992639792,2.3358911718526365e-05,4.650772981044155e-06,2.6335003904369498e-06,0.0038879272571497414,0.0005540925730513264,0.0024377075690976456
0.001,0.001,0.001,0.001,133.0,10.0,9.217334065544015e-05,2.1196970472824594e-05,0.08391520550106685,2.8870138406009547e-05,4.132016621270033e-06,9.874955205648656e-07,0.003903315144837996,0.0005975220576522793,0.002560758937165032,7.916688310807397e-05,1.8823382299890698e-05,0.0850989282079634,2.077350724579081e-05,2.79195320134299e-06,7.350281863452963e-07,0.003820929436212902,0.0005638119868100717,0.002560758937165032
0.001,0.001,0.001,0.001,134.0,10.0,9.805622614772923e-05,2.4139955142595343e-05,0.0843007934849864,3.1459719271189794e-05,4.71275419661876e-06,1.5113877755612725e-06,0.003994490063472858,0.000600994305177169,0.002479735985170877,7.248164254186714e-05,1.5746541099663026e-05,0.08319791076401938,2.050436614179451e-05,2.961237374261633e-06,3.5939443740905825e-07,0.0038867907664677367,0.0005636242011668335,0.002479735985170877
0.001,0.001,0.001,0.001,135.0,10.0,9.316574324666578e-05,2.127911048745445e-05,0.08372791435365555,3.052391123949492e-05,4.283413837719133e-06,9.175403308004074e-07,0.003931803020264089,0.0005974674696164661,0.0024801639609119534,7.427118535189419e-05,1.3719393882953247e-05,0.08723694807930389,2.1484927582570832e-05,2.911837064136864e-06,1.762424617257657e-07,0.0038449451106577904,0.0005657610663579,0.0024801639609119534
0.001,0.001,0.001,0.001,136.0,10.0,9.11538925957008e-05,2.1295241489096344e-05,0.08428947280463792,2.9674156282394243e-05,4.108423911245248e-06,9.915192785187516e-07,0.003874587615945506,0.0005976606162694693,0.002366730177303641,7.334582077951176e-05,1.6663043461260157e-05,0.08710664670566375,2.0764763725637622e-05,2.6650942564455203e-06,1.4071375092579033e-07,0.0037597414850544146,0.0005799093798619041,0.002366730177303641
0.001,0.001,0.001,0.001,137.0,10.0,9.818371371411743e-05,2.3287359643957535e-05,0.08552071607749487,3.046279646638542e-05,4.846128071825023e-06,1.7323979088313562e-06,0.003972300490398293,0.0005989929318277333,0.0026307996084819476,7.280587260695947e-05,1.4843372564522547e-05,0.08593422442571515,1.848089018069797e-05,2.5458108008373603e-06,3.3611899969961014e-07,0.00414634999661194,0.0005695750826291392,0.0026307996084819476
0.001,0.001,0.001,0.001,138.0,10.0,9.393763678799543e-05,2.2084091670773454e-05,0.0833104733165474,3.0460747137627993e-05,4.196383565919833e-06,1.0910287535275266e-06,0.004106635991704802,0.0005941046948346209,0.0024803816007916073,7.75554461860272e-05,1.575220241308032e-05,0.08584424734734333,2.177074605157554e-05,2.719209654848584e-06,3.69609658951222e-07,0.0040471456795093,0.0005804213571259881,0.0024803816007916073
0.001,0.001,0.001,0.001,139.0,10.0,9.05572356223651e-05,2.0530109552507103e-05,0.08307432814724541,2.9511090031190266e-05,3.762360960140544e-06,9.737157830868525e-07,0.004122474550893353,0.0005956482275580879,0.0024494286348345357,7.521550235881109e-05,1.7574884522467397e-05,0.08383301379977626,2.0642800684393424e-05,2.5042741491889913e-06,2.597060106806683e-07,0.004068411562823816,0.0005691171072958808,0.0024494286348345357
0.001,0.001,0.001,0.001,140.0,10.0,9.14455943694918e-05,2.077306533945496e-05,0.08371925630927785,2.9556064097122774e-05,3.795092828357779e-06,1.2722546755966793e-06,0.004052618322803665,0.0005934068970564694,0.002471015823406331,7.504901708148833e-05,1.5359448704081645e-05,0.08494747687891693,1.979985427012243e-05,2.9272813484627244e-06,5.344219950205659e-07,0.003968163643186996,0.0005518278513594359,0.002471015823406331
0.001,0.001,0.001,0.001,141.0,10.0,9.208880527217844e-05,2.0339559315770815e-05,0.08327238856804262,2.9119025638075637e-05,3.8057244824338316e-06,1.0405908397108145e-06,0.004075412736067892,0.0005937381122603265,0.0026487976342120865,7.154289880518924e-05,1.4095943891154791e-05,0.08263752065521623,2.0673232934140912e-05,2.4504056616329436e-06,1.0128422542403664e-06,0.003986002138580573,0.0005650478824558201,0.0026487976342120865
0.001,0.001,0.001,0.001,142.0,10.0,9.216429663364004e-05,2.1613915315984432e-05,0.08388887667996625,2.9129185666501754e-05,3.7584075864814447e-06,1.0874467639694655e-06,0.004027001992025399,0.0005996396430534783,0.002518825661148007,7.777937380178061e-05,1.448058130719933e-05,0.08328010085132295,1.956106780985512e-05,2.629459185560638e-06,3.963337029946573e-07,0.00397515750512687,0.0005618224223990277,0.002518825661148007
0.001,0.001,0.001,0.001,143.0,10.0,8.872897526088187e-05,2.0047704903902142e-05,0.08303397702795963,2.8217768130344905e-05,3.535274622579914e-06,8.490396218970536e-07,0.004014686275277486,0.0005980198813274424,0.002478569210030887,7.186519478731321e-05,1.422979887931408e-05,0.08412354967998385,2.0413561761198474e-05,2.30169471528762e-06,4.063974799990187e-07,0.003955303630904394,0.000548595805176305,0.002478569210030887
0.001,0.001,0.001,0.001,144.0,10.0,9.116501607639957e-05,2.091739039390908e-05,0.0831564159583422,2.8712920769550492e-05,3.903427584667805e-06,1.0442631307722907e-06,0.004012673822561419,0.0005954259349726955,0.002529424401348058,7.385948805469185e-05,1.6971918133922402e-05,0.08366047743076271,2.027937872711197e-05,2.3559890354323897e-06,2.864748983792288e-07,0.003954941093451166,0.0005616292264644834,0.002529424401348058
0.001,0.001,0.001,0.001,145.0,10.0,9.296742780258607e-05,2.1268106638191896e-05,0.08315000627825331,3.0003777798395563e-05,3.82157712055612e-06,1.5780498552537409e-06,0.004065257097217318,0.0005897451271258094,0.002503219103542124,7.702764148602767e-05,1.7748411189594344e-05,0.08460803177839332,2.133058284003854e-05,2.5081508005303377e-06,3.650965484691989e-07,0.004057879450934001,0.0005600439997824557,0.002503219103542124
0.001,0.001,0.001,0.001,146.0,10.0,9.055771601755995e-05,2.094140206521338e-05,0.08269385259672656,2.8887392443877233e-05,3.5133408091186642e-06,9.112801333314971e-07,0.004100326146497863,0.0005951461121138967,0.0025059185213836548,8.256676224455927e-05,2.1175482968287582e-05,0.08374338839396474,2.350105975946302e-05,2.947383778663761e-06,4.640538895649565e-07,0.004190642519605871,0.0005782539873189779,0.0025059185213836548
0.001,0.001,0.001,0.001,147.0,10.0,9.778273287992868e-05,2.4187574018530998e-05,0.0830010248316973,3.086092543355432e-05,3.999205400056221e-06,1.6987385722140057e-06,0.004199855612209887,0.0005969609858151503,0.0025751383348295983,7.665359705547999e-05,1.6541759165841363e-05,0.08325879948671301,2.0159774240083986e-05,2.8935788821747657e-06,3.602480111682141e-07,0.004158587058825631,0.0005659019408308882,0.0025751383348295983
0.001,0.001,0.001,0.001,148.0,10.0,8.954713851384167e-05,1.9859117152580555e-05,0.08228300030641517,2.8127192304892774e-05,3.764517443672811e-06,8.853631443402526e-07,0.00419327755757287,0.0005926472270354903,0.0025719412816592067,7.848529790944636e-05,1.629813289088586e-05,0.08188370341970021,2.1437341230518625e-05,2.8352277975462565e-06,4.920790636325682e-07,0.0041564828458412915,0.0005690967947104463,0.0025719412816592067
0.001,0.001,0.001,0.001,149.0,10.0,9.865054658213028e-05,2.3655213694645593e-05,0.08312546494926691,3.0123968647960995e-05,3.73163865623642e-06,1.2939918193534178e-06,0.004227086281403547,0.0005919431192884904,0.0028573472762933147,8.816328835750166e-05,1.6507936721093324e-05,0.08412407044720897,2.213420142413292e-05,3.235099222702267e-06,1.1147301892658979e-06,0.004174164815396586,0.0005591455041382552,0.0028573472762933147
0.001,0.001,0.001,0.001,150.0,10.0,9.269016242333328e-05,2.061160901695376e-05,0.08253037971073494,2.8123374406360666e-05,3.742331430366012e-06,1.3824081805107127e-06,0.004189335427425021,0.0005955345816039722,0.0027599729471684876,8.484550860910242e-05,2.2063039562683657e-05,0.08475519214018819,2.3493274179552916e-05,2.7848429930408134e-06,1.31989115011949e-06,0.004038118685605359,0.0005510114467951346,0.0027599729471684876
0.001,0.001,0.001,0.001,151.0,10.0,9.227793568384057e-05,2.0876505276320416e-05,0.08248537045811104,2.8155636217432294e-05,3.6882734727935973e-06,1.3680493389684766e-06,0.004121737097372663,0.0005895081021831694,0.00269933945421199,7.417908799240389e-05,1.503579117377167e-05,0.08177849495699661,1.9906347687660806e-05,2.6334701749144397e-06,2.6463048616703534e-07,0.0040374696995921205,0.0005638707124738499,0.00269933945421199
0.001,0.001,0.001,0.001,152.0,10.0,8.976298838489116e-05,2.0212705954402482e-05,0.08222792533127873,2.8661508118790342e-05,3.570222885864939e-06,1.1122644259481966e-06,0.004176049058471673,0.0005915986200688442,0.0025025502175107994,7.624149717626994e-05,1.4496097264782293e-05,0.08401335030794144,2.030733920628808e-05,2.7287715602260284e-06,3.97983447314281e-07,0.004255148524154223,0.0005682970276680472,0.0025025502175107994
0.001,0.001,0.001,0.001,153.0,10.0,9.307724562306832e-05,2.0937325081683716e-05,0.08243165383645863,2.878204905087655e-05,3.5425088108174045e-06,1.7263655549922096e-06,0.00425020961201058,0.0005928765961078663,0.0026881449675315115,7.784778100833583e-05,1.7462903934570794e-05,0.08159413663058132,2.071247312081339e-05,2.5323956302681805e-06,6.404158814450472e-07,0.004202193063345438,0.0005697794611314812,0.0026881449675315115
0.001,0.001,0.001,0.001,154.0,10.0,0.00010255013551611425,2.5093257290851068e-05,0.08249392845246752,3.12167363029262e-05,4.107627408632735e-06,2.070914381112021e-06,0.004338390929181934,0.0006000376162527344,0.002881201998183009,8.914995959486206e-05,1.791642496874818e-05,0.08124865955031867,2.0196130428498267e-05,4.918089308032757e-06,5.140269518539146e-06,0.004521646817250235,0.0005752732696806831,0.002881201998183009
0.001,0.001,0.001,0.001,155.0,10.0,9.597045449846778e-05,2.1823673298412528e-05,0.0803587236646824,2.958615728555127e-05,3.8067942580298162e-06,1.6323189654648454e-06,0.004416342055811101,0.0005967909142655288,0.0028101684585129538,7.471917457179695e-05,1.4409183408272155e-05,0.08002470810108119,2.0418835522873436e-05,2.881415705706443e-06,2.7380785860073816e-07,0.00439610605685614,0.0005577881514859324,0.0028101684585129538
0.0002,0.0002,0.0002,0.0002,156.0,10.0,7.087707994758335e-05,1.2668891406417572e-05,0.07915589435312885,2.1034959832550905e-05,2.7014452632973357e-06,1.44253174299612e-07,0.004374875470439237,0.0005803281281160396,0.0023510301223676837,6.135247132302243e-05,1.0244309599653572e-05,0.07856665574864945,1.5844968062354e-05,2.2149500352657567e-06,1.0847277860097587e-07,0.004311741071924,0.0005392193482366188,0.0023510301223676837
0.0002,0.0002,0.0002,0.0002,157.0,10.0,6.848398213460457e-05,1.1919783950358015e-05,0.07908132774304803,2.0159792442764675e-05,2.4808846149191067e-06,1.5920561145098138e-07,0.004337366745336777,0.0005646447780814547,0.0023032959516104267,6.040619961372786e-05,9.736430976590153e-06,0.07914603468043581,1.5417309631154702e-05,2.0848780733539786e-06,5.1787472635493395e-08,0.004288631188441519,0.0005298060632947669,0.0023032959516104267
0.0002,0.0002,0.0002,0.0002,158.0,10.0,6.898974336204568e-05,1.1917762290128961e-05,0.07976833153239835,2.0203810073151224e-05,2.5432232982314353e-06,2.75658702418579e-07,0.004320926220251319,0.0005565172612425876,0.0023289870525905524,6.236192005898749e-05,9.894577278733954e-06,0.0799507175710787,1.57510982542552e-05,2.2214228915528615e-06,7.210581351533135e-08,0.00426249779038982,0.0005244995458502722,0.0023289870525905524
0.0002,0.0002,0.0002,0.0002,159.0,10.0,6.78636595121508e-05,1.145209326559372e-05,0.07945403106427522,1.9945869581112422e-05,2.303319827357513e-06,1.509881265472533e-07,0.004266407907593563,0.0005466969336182307,0.0023332501661416528,6.166922790965123e-05,9.695615416852303e-06,0.08079857459117797,1.560047224201547e-05,2.2950800154931793e-06,2.70955129828577e-07,0.004259550094823627,0.0005276160840662906,0.0023332501661416528
0.0002,0.0002,0.0002,0.0002,160.0,10.0,6.860811006348138e-05,1.1610577832962909e-05,0.07982411147200795,2.0524997818275216e-05,2.3710522096509895e-06,1.9717459116016976e-07,0.0042431546163689045,0.0005387047933780192,0.002322837286542118,6.036154266858109e-05,9.54217616283924e-06,0.08055136285748037,1.5079802679796066e-05,1.9715310508025983e-06,9.747145513477251e-08,0.00421644307698758,0.0005136013069173167,0.002322837286542118
0.0002,0.0002,0.0002,0.0002,161.0,10.0,6.797043939932444e-05,1.1460815271091939e-05,0.07992769124870416,2.0444252001511844e-05,2.255187574137204e-06,1.4818869084611184e-07,0.004207124539195214,0.0005313857605684616,0.0023012298724142473,6.0189607598300004e-05,9.625335104385259e-06,0.08050287032828611,1.5197169639917504e-05,1.7668059918871575e-06,5.193076556395817e-08,0.004131068884005132,0.0005030153664104902,0.0023012298724142473
0.0002,0.0002,0.0002,0.0002,162.0,10.0,6.821403514900951e-05,1.1360845408239406e-05,0.08027168115731406,2.046395426311382e-05,2.3274407192752154e-06,2.2223463662456962e-07,0.004169837569542235,0.0005272865841039566,0.002317595995942696,5.979299739573778e-05,9.615111178620823e-06,0.08034683452036141,1.5259596033703432e-05,2.0000366277311083e-06,7.821805180945307e-08,0.004123362435421111,0.0005062684381473729,0.002317595995942696
0.0002,0.0002,0.0002,0.0002,163.0,10.0,6.794082456123242e-05,1.1293056583128763e-05,0.080505639136744,2.069425692795645e-05,2.2740385863257453e-06,1.8778557690863824e-07,0.004133387290369778,0.0005201838842991752,0.0022840204336153063,6.0758444847265954e-05,9.127450175111306e-06,0.08106729831662557,1.5612254660120085e-05,1.8944296784417856e-06,1.0159677347007368e-07,0.0040904439020592554,0.0004969694072154679,0.0022840204336153063
0.0002,0.0002,0.0002,0.0002,164.0,10.0,6.810632869228681e-05,1.1286216273599564e-05,0.0809878771993079,2.062434658662841e-05,2.331199864676216e-06,2.2991887424663596e-07,0.004106639349406827,0.0005174409802741412,0.0022948655250761827,6.115389788933388e-05,9.990410020294815e-06,0.08118664279941044,1.6338389245131338e-05,2.44014914555974e-06,7.092758420943856e-07,0.004064762298578467,0.0004944473505876137,0.0022948655250761827
0.0002,0.0002,0.0002,0.0002,165.0,10.0,6.729530562833072e-05,1.1313502309984434e-05,0.08080600075093058,2.0386517484992196e-05,2.129974609111169e-06,1.649333547498663e-07,0.0040397695684442,0.0005103937393677847,0.002266780985002322,6.010781115062566e-05,9.284251130033553e-06,0.08223587648369449,1.5569205601687517e-05,2.1107855149715963e-06,3.2521345722208344e-07,0.004062146818503789,0.0004984855040926793,0.002266780985002322
0.0002,0.0002,0.0002,0.0002,166.0,10.0,6.732566402483448e-05,1.121886330490202e-05,0.08112474971135578,2.0498130588416216e-05,2.156249571363698e-06,1.8322065986331324e-07,0.004001830980603922,0.0005062724942145377,0.0022625363373029645,6.563717836209381e-05,1.0275856276232539e-05,0.08134304610915663,1.5860003488883336e-05,2.8954808125188554e-06,1.1302427362437289e-06,0.004139050380504048,0.0005111549826607569,0.0022625363373029645
0.0002,0.0002,0.0002,0.0002,167.0,10.0,6.708222653847918e-05,1.1207022342771728e-05,0.08142428027698337,2.0607470384516868e-05,2.0666777065662507e-06,1.6392360908389246e-07,0.003975620481469206,0.0005018373957875464,0.0022385517981882786,5.953299811864787e-05,9.568996355952159e-06,0.08157487497197716,1.5898993285999745e-05,2.1303284988333208e-06,2.3713344445157696e-07,0.0039991622969546845,0.0004915839621213516,0.0022385517981882786
0.0002,0.0002,0.0002,0.0002,168.0,10.0,6.632304890807054e-05,1.1122495721869057e-05,0.08177020972823695,2.0089343692267073e-05,2.1159966001206845e-06,2.0240577404368193e-07,0.003926770192818299,0.0005010877954776812,0.0022110348210495037,5.816453974296228e-05,9.583636988612235e-06,0.08221712089739869,1.544735124820722e-05,1.8366346199588176e-06,8.310741554379064e-08,0.003898141219258102,0.0004801973509435078,0.0022110348210495037
0.0002,0.0002,0.0002,0.0002,169.0,10.0,6.663178364340975e-05,1.1153819468789717e-05,0.08189098397258525,2.016791804772024e-05,2.0564634917829866e-06,2.4077294998299604e-07,0.0038835261660992515,0.0004967242595550202,0.0022340090579837614,5.920919547830088e-05,1.0069793900310253e-05,0.0815858009261656,1.5126962554362114e-05,2.1495483928648767e-06,2.620098525653309e-07,0.0038437292835381926,0.000489456823777857,0.0022340090579837614
0.0002,0.0002,0.0002,0.0002,170.0,10.0,6.85186378998388e-05,1.136894102082546e-05,0.08213176193669049,2.0572787707122906e-05,2.325117927084835e-06,4.052425884759232e-07,0.003808898685493435,0.0004948986950862813,0.0023158879704158197,6.068530578839361e-05,9.905267772133359e-06,0.08225064724683762,1.6108055601085702e-05,2.092216106587701e-06,1.9670797483925001e-07,0.0038563677312799804,0.0004885510443210292,0.0023158879704158197
0.0002,0.0002,0.0002,0.0002,171.0,10.0,6.83800988352248e-05,1.1646862769440517e-05,0.08186169699265503,2.1013706289164924e-05,2.201767718554862e-06,3.111682830826589e-07,0.0037753067109483765,0.00048805236572758265,0.0022580162940391353,6.0599864822362026e-05,1.0046793269453972e-05,0.08122197144171771,1.5861839053749144e-05,2.8653263248922443e-06,1.537159898545321e-07,0.003871950619792804,0.000493570404743758,0.0022580162940391353
0.0002,0.0002,0.0002,0.0002,172.0,10.0,6.777434200343785e-05,1.151563856358856e-05,0.08258435008160116,2.0794658697733786e-05,2.522083691726043e-06,4.794926149428498e-07,0.00371668695017274,0.0004892352656022725,0.002175785791524235,6.327289957222835e-05,1.010930204017178e-05,0.08367465070374697,1.6614377865502394e-05,2.783883084618937e-06,1.060446236406782e-06,0.0038107373561568326,0.0004890561940178281,0.002175785791524235
0.0002,0.0002,0.0002,0.0002,173.0,10.0,6.658998663573907e-05,1.130838709912976e-05,0.08218308396214608,2.054301993516661e-05,2.2814213458805247e-06,3.18588066059268e-07,0.0036413395111550067,0.00048291552361777977,0.002150568494772023,5.938865534898182e-05,9.791059120480961e-06,0.08170410039412522,1.6016212868641487e-05,2.5121990760198717e-06,1.0046594426847617e-06,0.003634305865822882,0.00047674569040279075,0.002150568494772023
0.0002,0.0002,0.0002,0.0002,174.0,10.0,6.622586711214632e-05,1.118938270145732e-05,0.08257730532489788,2.0082662894070983e-05,2.1845615126038866e-06,2.561113577870232e-07,0.003578680723036956,0.0004826829976936914,0.0021842003723674943,5.8728817672958955e-05,9.855240626616078e-06,0.08209423553263027,1.5690648662152018e-05,1.9846271763245728e-06,1.1665589205119139e-07,0.00352216787494487,0.0004617003755197638,0.0021842003723674943
0.0002,0.0002,0.0002,0.0002,175.0,10.0,6.626682926023399e-05,1.1193778765827847e-05,0.08264073286517372,2.0523825027694765e-05,2.2130738058216844e-06,2.343528403551065e-07,0.0035422264556373936,0.00047550968485842923,0.0021460177721260225,5.831423479768409e-05,9.687000579184774e-06,0.08345562675935587,1.4807307788910655e-05,1.968557665751928e-06,1.8901913667486386e-07,0.003521125956203234,0.000464184589917243,0.0021460177721260225
0.0002,0.0002,0.0002,0.0002,176.0,10.0,6.493464494750203e-05,1.0787819111824254e-05,0.08302093370720523,1.964383134886272e-05,2.136452139970558e-06,2.547653540192366e-07,0.003514067298716321,0.0004723346424584198,0.002144801118688727,6.865577112992494e-05,1.1557336352673113e-05,0.08073158518356435,1.6040063545817916e-05,4.210509769935292e-06,1.1433779592691004e-06,0.003642136610522351,0.0004705576967860082,0.002144801118688727
0.0002,0.0002,0.0002,0.0002,177.0,10.0,6.430814525656446e-05,1.0763717838008951e-05,0.0832346676331131,1.935949020627168e-05,2.2676488143902547e-06,2.6103689226688416e-07,0.003489665427870568,0.00047185174788400187,0.0020973526658033203,5.768433851806228e-05,9.414370032758735e-06,0.08515116678080344,1.4663481896255613e-05,2.3698830511265975e-06,3.4768672345657324e-07,0.003478480504574351,0.000451506596087006,0.0020973526658033203
0.0002,0.0002,0.0002,0.0002,178.0,10.0,6.578058859081126e-05,1.1077956930898024e-05,0.08343781851372326,1.9426912229744332e-05,2.324950877817823e-06,3.8123505190734454e-07,0.0034964211853250994,0.00047302683382281297,0.0021860618187039983,5.8566695786158596e-05,1.0278516018745661e-05,0.08251475447395681,1.5065839326440525e-05,2.195049309019297e-06,1.860960541898434e-07,0.0035400153008840695,0.0004557692571192703,0.0021860618187039983
0.0002,0.0002,0.0002,0.0002,179.0,10.0,6.618955520130534e-05,1.1398009859824112e-05,0.08319955668641703,2.0611106684219025e-05,2.4255480768353462e-06,2.9781903808781117e-07,0.003476043567852348,0.0004632351522235608,0.0020820940815658765,5.726233110080351e-05,9.744507035418377e-06,0.08345385264463491,1.4676613911659965e-05,2.292344588131433e-06,1.8703480402587912e-07,0.0034978409446002495,0.00045440293061804786,0.0020820940815658765
0.0002,0.0002,0.0002,0.0002,180.0,10.0,6.418824681761591e-05,1.0856652763740763e-05,0.08347206874236479,1.9677377870666243e-05,2.2012554171786583e-06,2.2197646084226423e-07,0.0033917954041481225,0.0004573050110286255,0.0020597253068937436,5.747160609603286e-05,9.87579240679687e-06,0.08389092734322004,1.4438895281569111e-05,1.9888392264565513e-06,2.2603497457450405e-07,0.003425782917802154,0.00045552521812726313,0.0020597253068937436
0.0002,0.0002,0.0002,0.0002,181.0,10.0,6.389792595576252e-05,1.0864317188134005e-05,0.08367196992770229,1.9183224736682083e-05,2.077545092000048e-06,1.914942659408321e-07,0.0033628162919246557,0.00045737324948417514,0.00209272821182251,5.789850275539777e-05,1.0136518349697726e-05,0.08366484416706751,1.474695927660099e-05,2.1620743661108254e-06,1.1402491498791334e-07,0.0033995796874758486,0.0004475295337375856,0.00209272821182251
0.0002,0.0002,0.0002,0.0002,182.0,10.0,6.538380620959264e-05,1.1104119878680271e-05,0.08388513577325409,1.9953982417077813e-05,2.0498149640415223e-06,2.284495444522692e-07,0.0034137606668686745,0.00045000816942635934,0.002140888574415859,6.421457181890514e-05,1.146952254014093e-05,0.0835785150888882,1.709286095341869e-05,2.5874697242532193e-06,6.198874633193372e-07,0.0035516332390244446,0.0004694393660885662,0.002140888574415859
0.0002,0.0002,0.0002,0.0002,183.0,10.0,6.509906562142925e-05,1.1372195074897695e-05,0.08386782011598472,2.0587575485888664e-05,2.23492349787107e-06,2.7885816495022544e-07,0.003318984103843287,0.0004510653793091137,0.0019983405295933222,5.986876123114312e-05,9.94703586235169e-06,0.08381467150156886,1.584259484607614e-05,2.2466805648021875e-06,1.0448854609842603e-07,0.003190023121246778,0.0004334141454523652,0.0019983405295933222
0.0002,0.0002,0.0002,0.0002,184.0,10.0,6.40309653421512e-05,1.1077085426596479e-05,0.08419189841204835,1.967719680341692e-05,2.1350974667745227e-06,2.4613949784124113e-07,0.0032764211458439978,0.00044546690983175333,0.0020248922528567975,5.794855754845252e-05,1.0554798832329379e-05,0.08488301234158678,1.564436130377522e-05,1.8917121630264755e-06,7.986663351889186e-08,0.003367770932917725,0.00042515695954581953,0.0020248922528567975
0.0002,0.0002,0.0002,0.0002,185.0,10.0,6.305894841305208e-05,1.0627240744524275e-05,0.08426773134994435,1.9406598394925655e-05,2.006343005049197e-06,1.7392790266748897e-07,0.003322097401426914,0.00044359476016282755,0.002020009220852361,5.7900537990541586e-05,9.820409493236767e-06,0.08367830254524225,1.5021525924821868e-05,2.030258987825842e-06,1.2006182867120338e-07,0.0033252600404823835,0.00043640398553022343,0.002020009220852361
0.0002,0.0002,0.0002,0.0002,186.0,10.0,6.355518177547142e-05,1.0579013950351089e-05,0.08450811947606983,1.9142926716852278e-05,1.7940206266799629e-06,2.0318170007250607e-07,0.003305243126709307,0.00043584634343875355,0.00212059960307399,6.064667711259997e-05,1.1767117912848548e-05,0.0841801323022397,1.575428702214239e-05,1.8406107740821869e-06,1.4436925528175268e-07,0.003336829741591762,0.0004352674699488344,0.00212059960307399
0.0002,0.0002,0.0002,0.0002,187.0,10.0,6.359834611365902e-05,1.0795809723700248e-05,0.08478020741987781,1.9917250806356768e-05,1.8516421105625265e-06,1.8179300247817686e-07,0.0032588272601754864,0.0004345593923860291,0.0020201033511225495,6.211724327516638e-05,1.2500890605092237e-05,0.08357417065276407,1.647427997117416e-05,2.1412213406421876e-06,1.8352660641495784e-07,0.003307755509629897,0.00043471618259916157,0.0020201033511225495
0.0002,0.0002,0.0002,0.0002,188.0,10.0,6.482706424077289e-05,1.0985229633807738e-05,0.08473922596388403,1.9763886571028787e-05,1.8438055811376486e-06,1.828395773516056e-07,0.0032280882341153123,0.00042990361308483115,0.002142786289579378,6.318431600932737e-05,1.2228108573511906e-05,0.08501081261461581,1.7019028167234683e-05,1.8963709855891161e-06,2.721325100580282e-07,0.0032623901747321792,0.00042480398265054374,0.002142786289579378
0.0002,0.0002,0.0002,0.0002,189.0,10.0,6.426510314487382e-05,1.039265073477626e-05,0.08491647249617841,1.9452103513441233e-05,1.8219528857271278e-06,2.0335810666510713e-07,0.0032182188011243597,0.00042809265516242017,0.0021762928154983358,5.764473069726673e-05,1.0173625297664952e-05,0.08577272223766287,1.5114435438691295e-05,1.5718648464189125e-06,4.510700515294806e-08,0.003119526409212126,0.00041176740805297016,0.0021762928154983358
0.0002,0.0002,0.0002,0.0002,190.0,10.0,6.314437356804281e-05,1.041399222210632e-05,0.08487753537597599,1.948136302612105e-05,1.7695884821204795e-06,2.495346766691946e-07,0.0031808833734152148,0.00042451591516159173,0.002061956280473678,5.960220516442602e-05,1.0802501451523586e-05,0.0850003683701106,1.5564468912369154e-05,1.7299147543191075e-06,1.2631900229242525e-07,0.0032152270126417537,0.0004198218547128009,0.002061956280473678
0.0002,0.0002,0.0002,0.0002,191.0,10.0,6.390924345361212e-05,1.0583609246659238e-05,0.08497298345042603,2.0111929663300492e-05,1.7465851241833873e-06,2.2344427841221637e-07,0.0031928598153440134,0.0004213657594744422,0.0020639548691346386,6.742321007569227e-05,1.3725671484456846e-05,0.08391583120534164,1.7353126581854033e-05,2.28227685460876e-06,7.004921525263054e-07,0.0033432663108985934,0.00043623179022487006,0.0020639548691346386
0.0002,0.0002,0.0002,0.0002,192.0,10.0,6.425156948714855e-05,1.0967947565883788e-05,0.08485673924924192,2.0395073657283486e-05,1.8360552866047429e-06,2.2923417774865505e-07,0.0031859876981385894,0.0004189442954387028,0.0020242864148053478,6.493885574820467e-05,1.350673968061522e-05,0.08477745901238959,1.7914000002536493e-05,1.9939864935274075e-06,1.529510092681587e-07,0.0032134640125628675,0.0004189850666917132,0.0020242864148053478
0.0002,0.0002,0.0002,0.0002,193.0,10.0,6.439807485214082e-05,1.0756810924409741e-05,0.08478757331811874,2.011246219801034e-05,1.8830497174776614e-06,1.9562708130957904e-07,0.0032100696635415007,0.00041639923713288377,0.0020889372171579075,7.04093786272918e-05,1.3720163268265338e-05,0.08430894874165215,1.848877194990067e-05,2.4182465876931653e-06,6.072017702450989e-07,0.0033376395434888797,0.0004328446364613124,0.0020889372171579075
0.0002,0.0002,0.0002,0.0002,194.0,10.0,6.58093169212434e-05,1.0617750283046385e-05,0.0851928560638675,2.0200194854780087e-05,1.8169114264484763e-06,1.9964904438349564e-07,0.0031836930881658514,0.00041482899715648456,0.0022381381526541495,6.270702508565e-05,1.1387186279037711e-05,0.08508338010950485,1.6566017131424558e-05,1.7294312012215058e-06,2.715759573732747e-07,0.0032128175619061533,0.00041539063272859973,0.0022381381526541495
0.0002,0.0002,0.0002,0.0002,195.0,10.0,6.437185488180946e-05,1.0552948770264393e-05,0.08531269514915871,1.9746228887369714e-05,1.687602118311932e-06,2.483299274629822e-07,0.0031664536364837616,0.0004151340376204021,0.0021529806131964286,6.723467848315242e-05,1.323142200455619e-05,0.08543791696687059,1.7280332029504186e-05,1.6356067765444498e-06,2.496924186459047e-07,0.003229258643224784,0.0004159668767387708,0.0021529806131964286
0.0002,0.0002,0.0002,0.0002,196.0,10.0,6.541552067274463e-05,1.1208755461488995e-05,0.08543642332119737,2.0556894828346614e-05,1.812774105784679e-06,2.327707297844824e-07,0.003178505461278313,0.0004106439557960425,0.002100746405969604,7.038439152861791e-05,1.4286011423555905e-05,0.08622847868703229,1.8626128401397605e-05,2.4059768140792762e-06,5.589418924225567e-07,0.003256325180574633,0.00042599611683522275,0.002100746405969604
0.0002,0.0002,0.0002,0.0002,197.0,10.0,6.407946308914562e-05,1.0804270058279072e-05,0.08556158709882199,1.9764791792645812e-05,1.8229242719137038e-06,2.3556030451208112e-07,0.003129263372231411,0.00041233170634198094,0.0020834100080878875,6.118359445227885e-05,1.1422007518908481e-05,0.08593478785975994,1.6364624186271268e-05,1.3364435486578117e-06,3.117312900700737e-08,0.003081972031631736,0.0003840165919651258,0.0020834100080878875
0.0002,0.0002,0.0002,0.0002,198.0,10.0,6.256752430747957e-05,1.0045471963367786e-05,0.08585111463943514,1.8586229514992513e-05,1.5659323924791112e-06,1.8330228925760646e-07,0.0032000874047991503,0.00041255999224849605,0.0021538677432180555,6.325230600643068e-05,1.3749652455403663e-05,0.08537146861577942,1.63786814126976e-05,1.96493381531267e-06,4.904529710924413e-08,0.0032827052566509656,0.00041133244720305344,0.0021538677432180555
0.0002,0.0002,0.0002,0.0002,199.0,10.0,6.465142107133245e-05,1.1208290039287677e-05,0.08554337828476379,2.0403612761262308e-05,1.717906558245918e-06,2.045384312917299e-07,0.0031895768559992385,0.00040726799159745275,0.0020526396371024712,6.529103197343889e-05,1.3879079573327928e-05,0.08501587774617449,1.760165022929478e-05,1.943644265185244e-06,1.8987407369262228e-07,0.00322980355071774,0.0004133620650306502,0.0020526396371024712
0.0002,0.0002,0.0002,0.0002,200.0,10.0,6.23876093818744e-05,1.0095210718965938e-05,0.08593035964659787,1.913046943978055e-05,1.8589422704557085e-06,2.7632590882257415e-07,0.003175932191420386,0.00040762251437763967,0.002039551297954134,5.840852180500692e-05,1.0246864369484091e-05,0.0852474647100409,1.5773484298787318e-05,1.8920107865099714e-06,7.858436810931481e-08,0.003177755658924064,0.0004006402518337989,0.002039551297954134
0.0002,0.0002,0.0002,0.0002,201.0,10.0,6.138889231208624e-05,9.5926041567747e-06,0.0857199136636583,1.9143248760767478e-05,1.6640017802108015e-06,1.755783922550481e-07,0.003127595526930392,0.00039980201285611254,0.0020242458415327355,6.430117087066093e-05,1.3551585120899211e-05,0.08629890492630665,1.8206119638083987e-05,1.6190784486862179e-06,7.18057743553397e-08,0.0031208937663816973,0.00039505240767545656,0.0020242458415327355
0.0002,0.0002,0.0002,0.0002,202.0,10.0,6.486210070087006e-05,1.1303996120127086e-05,0.08586183279138508,2.073132742754205e-05,1.7318987016939065e-06,2.125785474795113e-07,0.0030989649594321167,0.00040101044176758246,0.0020291064974186338,6.515266399231987e-05,1.4507761185011036e-05,0.08673685183265217,1.871494407426996e-05,1.4018866129956985e-06,5.883063646081745e-08,0.0030071760469783343,0.000380118779572626,0.0020291064974186338
0.0002,0.0002,0.0002,0.0002,203.0,10.0,6.118292906593654e-05,9.907831645592034e-06,0.08599296675158334,1.8915794671262236e-05,1.6216401028994879e-06,1.9129662073624667e-07,0.003074034264202568,0.0003989709317456412,0.0019952215332594138,6.424091697884417e-05,1.0897540914654191e-05,0.08626639982202061,1.665372394930062e-05,1.5465048468530009e-06,1.1425921793020547e-07,0.0030642112485007433,0.00039126042753561145,0.0019952215332594138
0.0002,0.0002,0.0002,0.0002,204.0,10.0,6.182912206685292e-05,9.927844842503925e-06,0.08627404826846818,1.885954478916954e-05,1.5842248489442867e-06,1.660475313865886e-07,0.0030776741953318074,0.0003942627405879825,0.0020692742280671115,6.328336480361648e-05,1.2549282374496633e-05,0.08614455070668851,1.8022443395597715e-05,1.3188912063269779e-06,8.56399833970298e-08,0.003071237991928126,0.00038070369478710684,0.0020692742280671115
0.0002,0.0002,0.0002,0.0002,205.0,10.0,6.373624419590724e-05,1.0985673509280897e-05,0.08608604978019042,2.0345963977558966e-05,1.710125807285258e-06,2.3594750779833139e-07,0.0030853815825753615,0.0003940515789516552,0.0019879671082000017,6.980750922310637e-05,1.448259059342078e-05,0.08683662722370616,1.9450346898870315e-05,1.5991506446149622e-06,7.743348721469311e-08,0.003055415629444702,0.00038829093609568356,0.0019879671082000017
0.0002,0.0002,0.0002,0.0002,206.0,10.0,6.219029308256917e-05,9.898824123466922e-06,0.0863658306757798,1.9213640055649e-05,1.6630161460733485e-06,2.161186809562789e-07,0.003035832084074376,0.0003941706701985664,0.0020591258364814737,6.149394059925143e-05,1.2126660535346565e-05,0.08570965229949325,1.7124393967121368e-05,2.117373989690869e-06,1.1073502492050705e-07,0.0030542164372286684,0.0003961945633072838,0.0020591258364814737
0.0002,0.0002,0.0002,0.0002,207.0,10.0,6.066069286610965e-05,9.408103795070289e-06,0.08625557464434125,1.911025423038947e-05,1.6472680387651445e-06,1.9752784402087167e-07,0.0029835697615772294,0.0003928076458850467,0.0019707943869967043,6.928004449159696e-05,1.5201045280075402e-05,0.08486734147612199,2.0466348369500904e-05,2.0682541996745878e-06,1.386356209808469e-07,0.0030809706334785194,0.0003978529642195083,0.0019707943869967043
0.0002,0.0002,0.0002,0.0002,208.0,10.0,6.260769098807888e-05,1.0509286330368106e-05,0.0862383954525831,1.9882250678338564e-05,1.6751784634077172e-06,2.110102170550556e-07,0.0029726863726106134,0.00039378677598142097,0.0019737192465601244,6.812243385721404e-05,1.5347797361000222e-05,0.08544225624688356,1.9597441248771847e-05,1.8862653387845478e-06,1.0772058640701591e-07,0.0030345568299667337,0.00039653835935392465,0.0019737192465601244
0.0002,0.0002,0.0002,0.0002,209.0,10.0,6.24504938957198e-05,1.0243815833032373e-05,0.08606473919329125,1.989232883170351e-05,1.662794420374498e-06,2.1171442247357134e-07,0.0029507677552620894,0.0003962468684002219,0.001985213262992767,6.131603224470866e-05,1.2212305741158945e-05,0.08618804188541887,1.755499520611127e-05,1.8830995838276368e-06,8.161089851123459e-08,0.002972694229057452,0.00038938572418603683,0.001985213262992767
0.0002,0.0002,0.0002,0.0002,210.0,10.0,6.136030815728658e-05,9.669938793293082e-06,0.08609237863070729,1.928766405288768e-05,1.6390039603668962e-06,2.2401346638377361e-07,0.002922300269966564,0.0003897352446905417,0.0019981774412272044,6.008281504512188e-05,1.1468413839349624e-05,0.08612950419472164,1.647271429178026e-05,1.4250204955945682e-06,8.049162061518545e-08,0.0029502572317746272,0.0003755079768084483,0.0019981774412272044
0.0002,0.0002,0.0002,0.0002,211.0,10.0,6.343026143563346e-05,1.0808998378671321e-05,0.08596304873941539,2.032012966290377e-05,1.5882000558748256e-06,1.6786355501957144e-07,0.0029377299848591656,0.00039020174130715337,0.00199977566809664,6.765446591510833e-05,1.4390479248482532e-05,0.08688935766376839,1.9221051898560866e-05,1.6148012953342309e-06,9.850086120073608e-08,0.0029419204357134946,0.00038930693432643595,0.00199977566809664
0.0002,0.0002,0.0002,0.0002,212.0,10.0,6.052316264885721e-05,9.589966743303975e-06,0.08629762908376237,1.9102593651123933e-05,1.6102268184429082e-06,1.592358045481927e-07,0.002894317578963183,0.00039162864770110926,0.0019473234205473662,5.748288434644948e-05,9.101365775013525e-06,0.08683548419120815,1.590013259175982e-05,1.5680322227640994e-06,6.761571570542986e-08,0.0028483171022422996,0.00037338071165181,0.0019473234205473662
0.0002,0.0002,0.0002,0.0002,213.0,10.0,6.043063052258383e-05,9.429770406132239e-06,0.08642812465713991,1.8894871201611858e-05,1.67253431011104e-06,2.6034505925969135e-07,0.0028515758185009782,0.0003895379695639469,0.001958260797544783,6.009553314209191e-05,1.0543836916128785e-05,0.08612769932379773,1.5864342055550357e-05,1.5167439762991971e-06,8.802644424065616e-08,0.0028445953076260623,0.00037295093624345043,0.001958260797544783
0.0002,0.0002,0.0002,0.0002,214.0,10.0,6.287511061719381e-05,1.0790884300346114e-05,0.08625769295100857,2.023857221769696e-05,1.5002946198261378e-06,1.4999266857848245e-07,0.002860736456775114,0.00038305626609272473,0.001965431688093652,6.754709326166251e-05,1.5275669321929392e-05,0.0867542777352267,2.003727002431591e-05,1.3757779176961568e-06,3.6365139925091265e-08,0.0028450849005198396,0.00036657172769117153,0.001965431688093652
0.0002,0.0002,0.0002,0.0002,215.0,10.0,5.9538502245701196e-05,9.096009371808211e-06,0.08631502057953387,1.8691461549246702e-05,1.4578358184438196e-06,1.4241873842901038e-07,0.002878364818862725,0.0003832114416520135,0.001960321814326937,5.439419647577826e-05,8.935670799807468e-06,0.08513208860241418,1.4587526867125829e-05,1.5121210054364813e-06,4.634691981831405e-08,0.0028672886643378278,0.0003722047657930618,0.001960321814326937
0.0002,0.0002,0.0002,0.0002,216.0,10.0,6.0692804234410236e-05,1.0014213460488325e-05,0.08660829435925388,1.917100625728216e-05,1.4678604202136193e-06,1.948781717581024e-07,0.0028627928749806767,0.000382378712560039,0.0019272123348611973,6.762578367478388e-05,1.5237067918388646e-05,0.08731213400211302,1.931233271276381e-05,1.2859430304730538e-06,7.237663576039176e-08,0.0028197544274020255,0.00036172576383691583,0.0019272123348611973
0.0002,0.0002,0.0002,0.0002,217.0,10.0,6.206191532779572e-05,1.0496507963464979e-05,0.08645401553278698,2.001871061654361e-05,1.4932069360969763e-06,1.6237240638104167e-07,0.0028618666428948548,0.0003835536335729515,0.0019327948316024074,6.791699874232149e-05,1.6088764571744277e-05,0.08714462074235237,2.0005834520089313e-05,1.5710286939383248e-06,4.4202277652034495e-08,0.002903329784527524,0.0003832305124340495,0.0019327948316024074
0.0002,0.0002,0.0002,0.0002,218.0,10.0,5.996683537090389e-05,9.061683442845034e-06,0.08684372486530686,1.8529626972859113e-05,1.495597168734552e-06,2.110653629160956e-07,0.0028182288926078772,0.0003818952173171037,0.0020075014590551295,5.445704646829506e-05,7.874146557662187e-06,0.0864659470464119,1.4181718720417936e-05,1.3982785923422116e-06,5.229588520167337e-08,0.002831657105334954,0.00036131067755475004,0.0020075014590551295
0.0002,0.0002,0.0002,0.0002,219.0,10.0,5.957411989406498e-05,9.152245814428323e-06,0.08643810601769092,1.8910464486627766e-05,1.4931433481230166e-06,2.1971066262342834e-07,0.002843355968124022,0.0003775284120758158,0.001926710363288794,6.762743196871122e-05,1.6817962283771694e-05,0.08718622050483334,2.0116522706573576e-05,1.3237047886870601e-06,3.6715270602329974e-08,0.0027693218163256515,0.00036332868532056896,0.001926710363288794
0.0002,0.0002,0.0002,0.0002,220.0,10.0,6.260030677846032e-05,1.084543606151791e-05,0.08657702645910047,2.04923051703188e-05,1.5938869488406029e-06,1.8721134947265766e-07,0.0028233591765298156,0.00038150170743760824,0.0018916256732177893,6.421955786397678e-05,1.5322252369149843e-05,0.08608990023396007,1.8939203795632828e-05,1.598894749901623e-06,1.3232515844923955e-07,0.00283873835771915,0.00037121744472960456,0.0018916256732177893
0.0002,0.0002,0.0002,0.0002,221.0,10.0,5.99851397361275e-05,9.4775877708048e-06,0.08671489117008428,1.9424661999820276e-05,1.6711349825762708e-06,1.8532852844584287e-07,0.0028534923643876004,0.00037885920403703835,0.0018660642105237434,5.9690124223433324e-05,1.0447592071189204e-05,0.08775602923029434,1.6545521276513564e-05,1.5144206291067465e-06,9.054202894237049e-08,0.002801828987084355,0.0003554429842558348,0.0018660642105237434
0.0002,0.0002,0.0002,0.0002,222.0,10.0,6.179814056017706e-05,1.0384742513327843e-05,0.08679018625096749,2.0032533402735298e-05,1.5471266673061834e-06,1.7795708321728943e-07,0.002840712870380641,0.0003773351651702147,0.0019090087073900008,6.662804304979013e-05,1.4647151502689175e-05,0.08774754977350004,1.949168373360826e-05,1.3729941592175243e-06,6.857363587383827e-08,0.002770425357846189,0.00035414754252544056,0.0019090087073900008
0.0002,0.0002,0.0002,0.0002,223.0,10.0,5.931259823979851e-05,9.046319513373144e-06,0.08647906413479783,1.8889404250013416e-05,1.6154049064992593e-06,2.090847593184149e-07,0.0028074058219285315,0.00038070313788784646,0.0019000963230208373,5.12123550988281e-05,7.191675725193802e-06,0.08707437718409568,1.236656083001498e-05,1.2824527351953431e-06,2.385708333999279e-08,0.0027339462590465083,0.00035547720328590486,0.0019000963230208373
0.0002,0.0002,0.0002,0.0002,224.0,10.0,5.70484922401053e-05,7.94447050529092e-06,0.08683413129478693,1.7726322052370767e-05,1.4172139686169024e-06,1.5593658396145124e-07,0.002776495173099745,0.00037219492013624927,0.0019260161937652437,5.620898983582684e-05,9.041847730498353e-06,0.08720208428619643,1.527510351079903e-05,1.3238632935856166e-06,5.2580143465659454e-08,0.002732879020576607,0.00035233286356031377,0.0019260161937652437
0.0002,0.0002,0.0002,0.0002,225.0,10.0,6.23879242639211e-05,1.0046125085661262e-05,0.0870123765691489,2.0351037675401212e-05,1.652284749139958e-06,2.815549752748683e-07,0.0028350957214763077,0.0003772371960595067,0.0019469498633168697,8.716995092050437e-05,2.616390683747136e-05,0.08549711494916037,2.6274943253427026e-05,2.2332652043779557e-06,4.185772222917939e-07,0.002970476766925782,0.0003943262615667698,0.0019469498633168697
0.0002,0.0002,0.0002,0.0002,226.0,10.0,6.479152483887605e-05,1.147686662732395e-05,0.08650509087058765,2.1186301946232547e-05,1.5066255228002163e-06,1.8925134675511406e-07,0.00281878589278878,0.0003764504979355379,0.0019899718528828035,6.792720130912212e-05,1.601987836045007e-05,0.08729320774853848,2.0973473923870414e-05,1.3477466812975926e-06,4.229630216848104e-08,0.0027857447424935737,0.00036159158933760316,0.0019899718528828035
0.0002,0.0002,0.0002,0.0002,227.0,10.0,5.881659785896244e-05,8.861447358705348e-06,0.08705692245406324,1.8571836567871873e-05,1.442684860308292e-06,1.5385007911982137e-07,0.0027798595060029236,0.00037135380956562086,0.0019224318451928873,6.563483867595886e-05,1.47493423053511e-05,0.08788537796084031,1.9045098358115694e-05,1.3322099866846973e-06,8.150557980169491e-08,0.0026766091712450797,0.00034433238344598534,0.0019224318451928873
0.0002,0.0002,0.0002,0.0002,228.0,10.0,6.094865708890314e-05,1.041205234255204e-05,0.08725180944313586,2.0174753385872442e-05,1.4612225097559766e-06,1.6920956126248274e-07,0.002751040784628264,0.00037027612100302374,0.0018154858387102056,6.447524210167437e-05,1.2583797260990289e-05,0.08739691792268654,1.9224245183237917e-05,1.3459319036176733e-06,9.20019312897865e-08,0.002689469543649818,0.00035037742337789207,0.0018154858387102056
0.0002,0.0002,0.0002,0.0002,229.0,10.0,5.936618356213727e-05,9.495456924056713e-06,0.08677566972094047,1.9545186197410334e-05,1.5203875238448487e-06,1.7845049119286265e-07,0.002744953638545273,0.0003715843793052373,0.0018091214075754986,6.112556429074313e-05,1.2413782988446137e-05,0.08606293990847148,1.7474305788149724e-05,1.505384994262798e-06,8.274637835517931e-08,0.002811753027508467,0.0003684622181819552,0.0018091214075754986
0.0002,0.0002,0.0002,0.0002,230.0,10.0,5.724109288556409e-05,8.434825939136213e-06,0.08699917231698061,1.8167587337546932e-05,1.4378177850246589e-06,1.5765226910110276e-07,0.002762844295443877,0.00036748617976751,0.0018505862058726462,6.705501730258538e-05,1.689172140560542e-05,0.0862903496746786,1.8901701135647277e-05,1.3229910525657208e-06,6.95103461817736e-08,0.002763205180492471,0.0003502041895491769,0.0018505862058726462
0.0002,0.0002,0.0002,0.0002,231.0,10.0,6.231475696686399e-05,1.1077553176471387e-05,0.08668761009148714,2.0643980173162743e-05,1.5227412718639174e-06,2.0015065088409673e-07,0.002761925684198536,0.0003685253227696558,0.0018358944654436546,7.009703803082015e-05,1.6438311896248938e-05,0.08637827673482235,2.142171035403159e-05,1.8166504534741712e-06,1.3648295908589534e-07,0.0028546236682631667,0.00037784100005445055,0.0018358944654436546
0.0002,0.0002,0.0002,0.0002,232.0,10.0,6.202518995561725e-05,9.155908702300702e-06,0.08681647325012234,1.8835659946104205e-05,1.456318706308937e-06,1.7629650152376195e-07,0.002790322328501919,0.0003695996876926603,0.0021871361067024365,5.719936532866706e-05,1.0801036534072114e-05,0.08691618903491737,1.615235483551483e-05,1.2167183249788536e-06,6.009351431846921e-08,0.002740362785582569,0.00034342188972250276,0.0021871361067024365
0.0002,0.0002,0.0002,0.0002,233.0,10.0,5.9549691081680504e-05,9.714983611973088e-06,0.08691248174766124,1.95193250262642e-05,1.459990262768145e-06,1.911972035512706e-07,0.0028089018341517424,0.0003658453323536501,0.0018143720780656634,7.946376458566095e-05,2.231539100267869e-05,0.08661678629350497,2.680690463846193e-05,1.8501421663942773e-06,1.626539453313869e-07,0.002841880701314722,0.00037348949308422554,0.0018143720780656634
0.0002,0.0002,0.0002,0.0002,234.0,10.0,5.985510870674453e-05,9.700404925697789e-06,0.08678871500592239,1.929297076120398e-05,1.4231773130162564e-06,1.428525244893585e-07,0.0028118775134479967,0.00036836294874294944,0.0018775017503841697,6.959642884627655e-05,1.7956013748375236e-05,0.08768535846244918,2.1458657828868997e-05,1.475772066426663e-06,7.632937254648763e-08,0.002831114115270828,0.0003540569452468586,0.0018775017503841697
0.0002,0.0002,0.0002,0.0002,235.0,10.0,6.147435257626009e-05,1.0670941844222252e-05,0.08720556804347548,2.0291178382280063e-05,1.5512333450756676e-06,2.485954428682679e-07,0.0028405414339721384,0.000367364916542399,0.0018155022750530562,7.709025136564913e-05,2.1713533840480763e-05,0.08596307838458091,2.361112188157969e-05,1.572735795480342e-06,8.688963172340872e-08,0.002897013797324834,0.0003690241930321919,0.0018155022750530562
0.0002,0.0002,0.0002,0.0002,236.0,10.0,6.082289321831581e-05,1.0039966652815066e-05,0.08681718987759887,1.9789329675508653e-05,1.5584351128447882e-06,2.279139978718953e-07,0.0028292678212241077,0.0003689536000491667,0.0018680761288129505,6.665150076231459e-05,1.588359947764638e-05,0.08820913358233792,1.9538254147034664e-05,1.520092709237971e-06,1.3061442271469837e-07,0.0028590917213462217,0.0003742553573363593,0.0018680761288129505
0.0002,0.0002,0.0002,0.0002,237.0,10.0,5.859979446463679e-05,8.973572697917838e-06,0.08645827097050526,1.915578940804765e-05,1.4842078184082264e-06,1.5580278420060453e-07,0.0027964251254128532,0.0003648705064568099,0.0018360242924294085,7.949369723328943e-05,2.3609356723877258e-05,0.08343551408460809,2.41634875882794e-05,1.8965151965068332e-06,5.906546175036537e-08,0.0029072572830033242,0.00037702449488555886,0.0018360242924294085
0.0002,0.0002,0.0002,0.0002,238.0,10.0,6.203913793629365e-05,1.069072122397826e-05,0.08668894490966154,2.0967362379708487e-05,1.523279097352398e-06,2.0618704977407764e-07,0.002773608021698342,0.00036451248614083754,0.0018160131839612538,8.176666422161776e-05,2.635486071966496e-05,0.0849954614280417,2.5417660296364197e-05,1.5123096412562487e-06,8.111138755806533e-08,0.0027467647444933754,0.00035396294789314254,0.0018160131839612538
0.0002,0.0002,0.0002,0.0002,239.0,10.0,6.33274904369977e-05,8.940411852574145e-06,0.08668757229459778,1.881737325550649e-05,1.4657091887915378e-06,1.9597051949323925e-07,0.002792523392139521,0.00036188674907327694,0.0023429835609314244,6.756688234320548e-05,1.6400714156302565e-05,0.08706668759196687,2.0820345993198163e-05,1.2613116482765798e-06,8.690023587303169e-08,0.0028040555296111273,0.0003464912067218418,0.0023429835609314244
0.0002,0.0002,0.0002,0.0002,240.0,10.0,5.899011691024595e-05,9.454228703823467e-06,0.08673395690254382,1.957396137444768e-05,1.4112910102098934e-06,1.3998688394107877e-07,0.0028408167307214763,0.0003599655920970123,0.001793742597973336,7.776565991825856e-05,2.3404917557609318e-05,0.08708655968256887,2.5134533841986086e-05,1.2160439824531664e-06,6.99347808944474e-08,0.0028075181442445024,0.00034649600384377866,0.001793742597973336
0.0002,0.0002,0.0002,0.0002,241.0,10.0,6.0098640093262566e-05,9.909675358432657e-06,0.08706924357666311,2.0265239852665558e-05,1.41675399918591e-06,1.5564331149141578e-07,0.002809492691496822,0.00035988455603447556,0.0017844981229823936,7.929261681679347e-05,2.3000820205839665e-05,0.08700751539023277,2.6840887522481215e-05,1.2818420510538716e-06,8.007820135557501e-08,0.0027932774438281065,0.00034946813971665445,0.0017844981229823936
0.0002,0.0002,0.0002,0.0002,242.0,10.0,6.03206545126693e-05,9.445252802171724e-06,0.08712953079371806,1.9843073648009108e-05,1.5329540827417163e-06,2.1164770828814961e-07,0.0028089141765846007,0.00036248013871575046,0.0018762373392505174,6.088565364939235e-05,1.1961921616093101e-05,0.08802667912418043,1.857173512349889e-05,1.1518429332949489e-06,6.58188888796931e-08,0.002736682139150154,0.0003344526119369274,0.0018762373392505174
0.0002,0.0002,0.0002,0.0002,243.0,10.0,6.074966701235748e-05,1.034043618724705e-05,0.08679527218983711,2.0160671255354002e-05,1.390640193002203e-06,1.4036435247286202e-07,0.0028475373478238602,0.00035932452762049276,0.0018241405641522086,7.062291568463385e-05,1.8468428523469354e-05,0.08791062565823328,2.346151863389659e-05,1.1824166370051677e-06,5.623819360527491e-08,0.0028005555009462946,0.0003373864273551552,0.0018241405641522086
0.0002,0.0002,0.0002,0.0002,244.0,10.0,5.6550553324512225e-05,8.187394131094992e-06,0.08703442345156005,1.847666087100021e-05,1.4093642434393784e-06,1.290699231799904e-07,0.0028446369936337996,0.0003569047181042216,0.001786009905124903,5.056949716018453e-05,7.102057874060684e-06,0.08597254611319737,1.3221304451907376e-05,1.3752409798017797e-06,5.719770309059669e-08,0.002867318655180529,0.00034339852081946093,0.001786009905124903
0.0002,0.0002,0.0002,0.0002,245.0,10.0,5.794639679362807e-05,8.685302590297165e-06,0.08726349058821273,1.8318897170590928e-05,1.4535764246486633e-06,2.3049163829124514e-07,0.002863311926527601,0.00035569753209085204,0.0018753292968975712,6.35348453819788e-05,1.4959673091753509e-05,0.086301310329495,1.802244453167933e-05,1.2425674155485252e-06,1.6534505774081014e-07,0.002861626952996149,0.00034602460216579374,0.0018753292968975712
0.0002,0.0002,0.0002,0.0002,246.0,10.0,6.381837711578564e-05,1.2366446328328922e-05,0.08675142503538863,2.1370755293195256e-05,1.4327643677522433e-06,2.0612050049767708e-07,0.002834731442805759,0.0003527027460854854,0.0018003635221273122,7.375208163979563e-05,1.86520407047994e-05,0.08547410296733816,2.3029248827744507e-05,2.080533312721203e-06,3.327758341704992e-07,0.0029186417177886697,0.000360339563346998,0.0018003635221273122
0.0002,0.0002,0.0002,0.0002,247.0,10.0,5.701102700439105e-05,8.842731536024852e-06,0.08723605777465049,1.8090914333328906e-05,1.343341610236384e-06,1.6248024758995229e-07,0.002830852954031721,0.0003517429409549395,0.0018089239468128322,5.257986943160142e-05,8.32691995729783e-06,0.08743655147952605,1.437405548615854e-05,1.1306059462179365e-06,4.106236686775399e-08,0.0027372253265966593,0.0003225298321947486,0.0018089239468128322
0.0002,0.0002,0.0002,0.0002,248.0,10.0,6.109759698251296e-05,1.078212368280444e-05,0.086958644204696,2.0084421253114893e-05,1.5673547528763047e-06,2.3353288091833323e-07,0.0028436389668187274,0.00035196248208844516,0.0017974488180829973,7.801637546995987e-05,2.190160456310245e-05,0.08829219567115744,2.4565463996830998e-05,1.1633567506577615e-06,1.8524738106114638e-07,0.002765831223344205,0.00032889355349360086,0.0017974488180829973
0.0002,0.0002,0.0002,0.0002,249.0,10.0,5.876741169525628e-05,9.423094440558763e-06,0.0869169029790615,1.885764430190646e-05,1.3983677972686346e-06,1.8396754226617142e-07,0.002818702902163979,0.00035089460334331707,0.001845817511531407,5.6664756311717604e-05,1.0425033341464525e-05,0.08602179305879303,1.5970693115138622e-05,1.397493384546465e-06,3.723175931648793e-08,0.0027739817420001363,0.00033579422710834,0.001845817511531407
0.0002,0.0002,0.0002,0.0002,250.0,10.0,5.9703118175741925e-05,1.0146692520902085e-05,0.08641105594512906,1.9270598463078865e-05,1.374334258873359e-06,1.93708176198393e-07,0.0027950049365978147,0.0003500542673004502,0.0018326408359299621,6.778272654628381e-05,1.6464739500781218e-05,0.08853865922734812,2.0305133514843136e-05,1.1890964538862643e-06,5.588178099266446e-08,0.00272073925659705,0.00033236276217126837,0.0018326408359299621
0.0002,0.0002,0.0002,0.0002,251.0,10.0,5.7798570172436024e-05,9.194245563677442e-06,0.08715538786533171,1.8614855896672328e-05,1.3678454070700097e-06,1.5047384742665704e-07,0.002777811789566731,0.00035001987105111863,0.0018005511840160245,4.950829295789546e-05,6.329832007030396e-06,0.08668118292485141,1.2347380185479041e-05,1.4793657938123119e-06,4.392885183333136e-08,0.0027972857595121676,0.00033845400031769625,0.0018005511840160245
0.0002,0.0002,0.0002,0.0002,252.0,10.0,5.9023325243196864e-05,9.798510687364464e-06,0.08695453992233468,1.9198254814997297e-05,1.4113957839700573e-06,2.2720560262617598e-07,0.0027583533730100784,0.0003471657830515497,0.0017956676145156226,8.355686767097276e-05,2.6019342744315208e-05,0.08707876186366725,2.8128952409010756e-05,1.109482629456683e-06,7.765278115871187e-08,0.0027691558056597994,0.00033686915557309065,0.0017956676145156226
0.0002,0.0002,0.0002,0.0002,253.0,10.0,5.834891876372691e-05,9.453000443917575e-06,0.08746610633596821,1.86167265916395e-05,1.4207853009390672e-06,1.9533360326600486e-07,0.002794413060108462,0.0003501787745370392,0.0018165568916450549,5.626778334350394e-05,8.994782695144529e-06,0.0898661052737269,1.642026653870237e-05,1.1790704081763468e-06,5.3350850079912335e-08,0.002731324800299835,0.0003310831771442662,0.0018165568916450549
0.0002,0.0002,0.0002,0.0002,254.0,10.0,5.90053320635717e-05,9.628323405776516e-06,0.08750786904574362,1.943244710751016e-05,1.3393605869102222e-06,1.6585765714305953e-07,0.002789641520807066,0.00034837164979609106,0.0017946698857308182,7.108978216886193e-05,1.8501881101269095e-05,0.08805692043787056,2.2845055296771677e-05,1.1981574883710809e-06,3.480116660822444e-08,0.0027839966516323054,0.0003389329595756548,0.0017946698857308182
0.0002,0.0002,0.0002,0.0002,255.0,10.0,5.779890763096103e-05,8.767626362606173e-06,0.08722881651791518,1.878801671410631e-05,1.429438116844653e-06,1.713080583657633e-07,0.0028093806059532904,0.0003509631528233057,0.0018164821654420927,6.67277695529548e-05,1.5568846792652742e-05,0.08807182023269496,2.053247130143661e-05,1.3110979351974326e-06,9.060970580225752e-08,0.0027808085628575727,0.0003353450754849735,0.0018164821654420927
0.0002,0.0002,0.0002,0.0002,256.0,10.0,5.915014307007827e-05,9.793537789767564e-06,0.08691202790806511,1.9903959545810195e-05,1.414294978622989e-06,1.6583424319741697e-07,0.00278036898697206,0.00035058790145837466,0.0017428374741715379,8.433767595958e-05,2.604845362728968e-05,0.08562082199180003,2.8604011267470358e-05,1.4545147157357414e-06,8.500531934791774e-08,0.0027623440366186794,0.0003432176143927363,0.0017428374741715379
0.0002,0.0002,0.0002,0.0002,257.0,10.0,5.833385290068536e-05,9.308056312602233e-06,0.08702865514649374,1.943738586617282e-05,1.4603076599407522e-06,1.4714895313613845e-07,0.0027578462354287616,0.00035088537497236284,0.0017523662504408974,7.314409158173642e-05,1.8307312281325357e-05,0.08794712850173039,2.4056522794428182e-05,1.2666116341416018e-06,9.852976976716488e-08,0.0027671261806569503,0.00033723916151987026,0.0017523662504408974
0.0002,0.0002,0.0002,0.0002,258.0,10.0,5.9155406935030254e-05,9.802311942052628e-06,0.08693050466207589,1.97824902514722e-05,1.495031544586329e-06,1.922891463854883e-07,0.002803713095342381,0.0003483775307992736,0.001744834654767153,7.645509580231214e-05,2.0997334244365664e-05,0.08668723552903503,2.4998091363429538e-05,1.3330991891218697e-06,5.372317798928493e-08,0.0028378376850026906,0.00034216547061443074,0.001744834654767153
0.0002,0.0002,0.0002,0.0002,259.0,10.0,5.7413396467305174e-05,8.489377574918067e-06,0.08707915750946979,1.8496240636064823e-05,1.4195875641050439e-06,1.6634948125379137e-07,0.002800043128236232,0.00034742442892607005,0.0018396803967382813,5.487891637247256e-05,8.402462796505281e-06,0.08873008402986098,1.567078081805316e-05,1.207754151507672e-06,6.388272532418202e-08,0.0027024468381254317,0.0003213721517841839,0.0018396803967382813
0.0002,0.0002,0.0002,0.0002,260.0,10.0,5.8029994554158575e-05,8.845695706736065e-06,0.08682729384458701,1.8648980733681598e-05,1.4537066380843443e-06,1.7384135345924801e-07,0.0028049262066797563,0.00034509882934426515,0.001849954711457811,7.118060261667319e-05,1.8725840530454833e-05,0.0863090123220711,2.2866092544925866e-05,1.0896278968627853e-06,5.285555919740278e-08,0.0027555006606162728,0.00032374808671479404,0.001849954711457811
0.0002,0.0002,0.0002,0.0002,261.0,10.0,6.49863793806863e-05,1.309894400504267e-05,0.08689595914241872,2.2081490403999155e-05,1.4626477459194783e-06,2.0067433953207473e-07,0.0027694188782685205,0.000345887996408725,0.0017723587688843198,6.69783193374453e-05,1.6429262397216454e-05,0.08802528444767824,2.031245439331328e-05,1.2368694962971456e-06,1.3685623445114562e-07,0.002714184993413957,0.0003236045809383109,0.0017723587688843198
0.0002,0.0002,0.0002,0.0002,262.0,10.0,5.603846893476393e-05,7.956412741613016e-06,0.08757269937290577,1.7579942554851442e-05,1.3487259927867754e-06,1.7186874879204876e-07,0.0027804570878084307,0.0003450728766341393,0.0018498885168146476,4.8132032710071135e-05,6.144689635482061e-06,0.08744450475517854,1.2282648630165863e-05,1.2942208971573634e-06,2.9527881089096696e-08,0.00276622069181043,0.0003256744030389933,0.0018498885168146476
0.0002,0.0002,0.0002,0.0002,263.0,10.0,6.081204426847363e-05,1.0406712813812094e-05,0.08680494836739398,1.99049668018201e-05,1.554199533532481e-06,2.3141751924895065e-07,0.0027449187006534604,0.0003446210774353992,0.001831114804635078,8.12118663231014e-05,2.3578098053429346e-05,0.08681325093685137,2.66533471705934e-05,1.3434014177284086e-06,6.205063341424374e-08,0.0027044943314703074,0.00032460220147223956,0.001831114804635078
0.0002,0.0002,0.0002,0.0002,264.0,10.0,5.871684332876435e-05,9.660405150802107e-06,0.08696881190925682,1.8950951835636266e-05,1.3513117664075147e-06,1.561479549270211e-07,0.002759434103865938,0.0003418023471866186,0.001819213429957299,6.220157271908487e-05,1.4539964833042253e-05,0.08790153953340227,1.8404369091034867e-05,1.209893299617377e-06,6.170996140076883e-08,0.002745030592050674,0.0003282532835111165,0.001819213429957299
0.0002,0.0002,0.0002,0.0002,265.0,10.0,5.669575230400126e-05,8.410539045758379e-06,0.08740627878679101,1.809241630291502e-05,1.4043227828586764e-06,1.8264966595971e-07,0.002777559126916888,0.000343736152161984,0.0018146516785059004,7.482537458760336e-05,2.103933306221784e-05,0.08879029663170085,2.3087520946341303e-05,1.1293577140597781e-06,7.96907512528164e-08,0.002709560568370312,0.000318805300106458,0.0018146516785059004
0.0002,0.0002,0.0002,0.0002,266.0,10.0,6.0377705910103905e-05,1.0081800712131968e-05,0.08705625909901281,1.9940161149666855e-05,1.3698408201555723e-06,1.5532405657804214e-07,0.002791532301100336,0.00034085048960338314,0.001842070153408568,7.303644964232989e-05,1.8257668169187024e-05,0.08891810587636327,2.2974826216281376e-05,1.1182346956933586e-06,7.791619048843113e-08,0.002756747355923108,0.00032071692576870776,0.001842070153408568
0.0002,0.0002,0.0002,0.0002,267.0,10.0,5.695118432155533e-05,8.375190089560998e-06,0.08708907137787557,1.8722969320005333e-05,1.432635949872124e-06,1.4704367912594366e-07,0.0027931456209752147,0.0003410420946680505,0.0017859228310049431,7.550453137243642e-05,2.0826969380496223e-05,0.08719154305524067,2.4558480120765303e-05,1.2008762202158858e-06,5.011102876288205e-08,0.002766458783298731,0.00032802610981121425,0.0017859228310049431
0.0002,0.0002,0.0002,0.0002,268.0,10.0,5.954140801251034e-05,9.672979666484779e-06,0.0871620514652968,1.9794373005057238e-05,1.4005044728555167e-06,1.8549967150307045e-07,0.002796513108516325,0.00033949380907940526,0.0018074377839528762,8.112326696205717e-05,2.4887602892855367e-05,0.08693933002264029,2.425831422020867e-05,1.8512322447209972e-06,1.7788612871682212e-07,0.0028739634040859125,0.00034278863494644575,0.0018074377839528762
0.0002,0.0002,0.0002,0.0002,269.0,10.0,5.7680071497153944e-05,8.55587038906897e-06,0.08702934323149052,1.872260246147019e-05,1.4778688532897188e-06,1.4868072031081492e-07,0.0027772652334008487,0.0003406702002704933,0.0018368764378182561,7.5214888729974e-05,2.263862736770685e-05,0.08756280275364649,2.2512204865448425e-05,1.4682232981172611e-06,6.280546895011199e-08,0.0027285319113311162,0.00032053975005777934,0.0018368764378182561
0.0002,0.0002,0.0002,0.0002,270.0,10.0,6.03902235980046e-05,1.0074334849881813e-05,0.0867956656278273,1.9961450987642573e-05,1.4153170797981937e-06,1.341269549236703e-07,0.0028092798813326215,0.00033858786414324107,0.0018432488661613718,8.314060822246471e-05,2.5840379649710903e-05,0.08634806885851296,2.7011359005722197e-05,1.5324454052051963e-06,2.1959901581280298e-07,0.002814011483140625,0.00033459931883264484,0.0018432488661613718
0.0002,0.0002,0.0002,0.0002,271.0,10.0,5.9184288673567954e-05,9.362218691039149e-06,0.087339703832755,1.9336149951662885e-05,1.5382156829945324e-06,1.7968960908538119e-07,0.0027834927601674006,0.0003402554825953845,0.0018332767560452175,8.015975293261886e-05,2.292710136769774e-05,0.0868945722194279,2.486542098110467e-05,1.5236598450165797e-06,1.7988280533709604e-07,0.002720409319462145,0.0003205169292684857,0.0018332767560452175
0.0002,0.0002,0.0002,0.0002,272.0,10.0,5.7997040692818466e-05,8.197778925017017e-06,0.08727789345064779,1.8683795902006743e-05,1.5192731919969263e-06,1.3694203761995978e-07,0.002771597706689714,0.00034079457407213976,0.0019027489248279498,5.349210811980112e-05,7.400636645782196e-06,0.08829996809621171,1.3477227141649697e-05,1.1279887720988362e-06,3.455432030627111e-08,0.0027567258154631794,0.00031379008224642044,0.0019027489248279498
0.0002,0.0002,0.0002,0.0002,273.0,10.0,5.905755338549877e-05,9.222557911215798e-06,0.08662274115598426,1.8991768524809914e-05,1.4560769283351933e-06,1.811357450927617e-07,0.0028097558774552956,0.0003353606865024808,0.0018866937489793881,9.501630120212212e-05,2.7254362510474743e-05,0.08528716271826965,2.8249172696333772e-05,3.234094748744969e-06,6.874643560883597e-07,0.0030349045572963555,0.0003538552044931506,0.0018866937489793881
0.0002,0.0002,0.0002,0.0002,274.0,10.0,6.051197211009038e-05,1.1115653519895143e-05,0.08741133081858575,1.8110239275671228e-05,1.5325414248800669e-06,2.1507886777342765e-07,0.0028479732119207272,0.00035153091151488616,0.0019039672001617107,5.850434972923555e-05,1.2869198821085445e-05,0.08855214916092302,1.5397664791852327e-05,1.3922848589064575e-06,8.270286211189845e-08,0.0028718611383391707,0.00032818316754969207,0.0019039672001617107
0.0002,0.0002,0.0002,0.0002,275.0,10.0,5.5942313584816867e-05,8.06439623021061e-06,0.08767428628945156,1.623832622925559e-05,1.592111588337159e-06,1.9414903938338568e-07,0.0029090173303612447,0.00034495121111486373,0.0019361146519103031,5.449165205564269e-05,9.343969924261618e-06,0.08679534505189083,1.4870755257292468e-05,1.4160643376355161e-06,2.6669670516608522e-08,0.002834566549001629,0.0003199526426778336,0.0019361146519103031
0.0002,0.0002,0.0002,0.0002,276.0,10.0,5.782712325097038e-05,8.631218754113813e-06,0.08599946532423719,1.8332859365189835e-05,1.632785474970629e-06,2.0385650067189076e-07,0.0028554616689018676,0.000337190107260201,0.0018740506507495547,7.81930738251985e-05,2.329433635948709e-05,0.08662789389748887,2.526796784581839e-05,1.4096856900707412e-06,7.455274056232074e-08,0.0028369006157810818,0.00031738572912929166,0.0018740506507495547
0.0002,0.0002,0.0002,0.0002,277.0,10.0,6.083409870324899e-05,1.039239194831682e-05,0.08642206008860437,1.9505191902428437e-05,1.600834853855028e-06,1.6373724184023954e-07,0.0028692404310512844,0.0003386556987751835,0.0018836459129000628,6.729278017062441e-05,1.7118040133282444e-05,0.08708001193703252,2.053109332569925e-05,1.3239148927319489e-06,4.349402905961951e-08,0.0028399779682070224,0.00031954644030215024,0.0018836459129000628
0.0002,0.0002,0.0002,0.0002,278.0,10.0,5.863404598213912e-05,9.566046393021079e-06,0.08634786892934182,1.8505155627587995e-05,1.5749187368262594e-06,1.6577613797626408e-07,0.002855315771274791,0.000335667203753292,0.001850902668584147,5.755330606173985e-05,1.0742311461150751e-05,0.0861758309252122,1.665933642773034e-05,1.2494580099903478e-06,5.361017870615173e-08,0.0028243087406131634,0.0003132919950623615,0.001850902668584147
0.0002,0.0002,0.0002,0.0002,279.0,10.0,5.668907612223823e-05,8.424643059867606e-06,0.08674772812737268,1.7837860735047614e-05,1.4177375295349344e-06,1.2980706372544932e-07,0.0028559537048741834,0.00033171315290651376,0.0018545689747505863,5.1809974726946914e-05,6.874843214639639e-06,0.08786225798427028,1.4487833782384132e-05,1.2972229661298613e-06,8.56586864799415e-08,0.002811072553769012,0.0003094286502531897,0.0018545689747505863
0.0002,0.0002,0.0002,0.0002,280.0,10.0,6.170986141066476e-05,1.1411648090597203e-05,0.08648927957974725,2.0362542054131977e-05,1.5744340216636425e-06,1.959191824498858e-07,0.002807569548945312,0.000333003727921494,0.00178513720314425,7.586922449175394e-05,2.1964392219041213e-05,0.08669710682647039,2.528337056029634e-05,1.3850750037468107e-06,1.1850727583564816e-07,0.0027567400511637795,0.00031688098079344875,0.00178513720314425
0.0002,0.0002,0.0002,0.0002,281.0,10.0,5.816117898231232e-05,9.196273773663753e-06,0.08742459276108201,1.8430794213244265e-05,1.6400192209331245e-06,1.8798572206900483e-07,0.002834206318656287,0.0003351101534907039,0.0018288096574672645,5.503036954654075e-05,9.402327833542466e-06,0.08806788588787033,1.5173025402870317e-05,1.3311347577668772e-06,3.179799391576599e-08,0.0028308454222629124,0.0003157745752898311,0.0018288096574672645
0.0002,0.0002,0.0002,0.0002,282.0,10.0,5.8444095502976145e-05,8.934084085626043e-06,0.08697450533539443,1.8381838289936133e-05,1.462358877310444e-06,1.415581599573824e-07,0.0028478967565787046,0.0003340427735931385,0.0019156592339720023,7.228718098093092e-05,2.0425261494748003e-05,0.08709013877133596,2.2440142520061076e-05,1.396412202411487e-06,6.067410610226931e-08,0.002802486585414482,0.0003227804321115941,0.0019156592339720023
0.0002,0.0002,0.0002,0.0002,283.0,10.0,5.811667872791494e-05,9.16647050357968e-06,0.08697359602685938,1.8800584062220947e-05,1.525655041776864e-06,1.600874097285595e-07,0.002825162438211119,0.00033492912980829105,0.001809187705838707,7.37156809742581e-05,2.0320995566630527e-05,0.0868793907720325,2.2983844696509265e-05,1.343810070475575e-06,6.287370186500884e-08,0.0027920723526986724,0.00032039193434640364,0.001809187705838707
0.0002,0.0002,0.0002,0.0002,284.0,10.0,6.0216599377972785e-05,1.0212597561652642e-05,0.08715802702073362,1.996809707360904e-05,1.5977795662157916e-06,1.5931319159104823e-07,0.0028351121678566425,0.0003350587130415051,0.0017887716245750744,7.597402946227537e-05,2.1796512421989226e-05,0.08647273805727183,2.4779466666681224e-05,1.3195033156844116e-06,5.474607229986907e-08,0.0028320420203105288,0.00032043450801368643,0.0017887716245750744
0.0002,0.0002,0.0002,0.0002,285.0,10.0,5.55132452531944e-05,7.446624467284015e-06,0.08722580691564509,1.7355929980129803e-05,1.4555114955515736e-06,1.2239076448684353e-07,0.0028392642703026967,0.000331887088246501,0.0018750773032624108,5.220832662130416e-05,9.079901781874737e-06,0.08719713075866337,1.3322336357695408e-05,1.2401575156948427e-06,3.844628936933351e-08,0.0028475935677240464,0.0003135329795872211,0.0018750773032624108
0.0002,0.0002,0.0002,0.0002,286.0,10.0,5.870450417255348e-05,9.657171650067042e-06,0.08721492673746593,1.897451168286548e-05,1.567974040881627e-06,2.089205306126038e-07,0.0028781213923084856,0.00033093853326289805,0.0017919741488033392,9.60355719269872e-05,3.443006126025652e-05,0.0877889737383717,3.211623579678593e-05,1.3156469393972884e-06,1.477331138068155e-07,0.0028664788221585916,0.00031830324962772233,0.0017919741488033392
0.0002,0.0002,0.0002,0.0002,287.0,10.0,5.6054276153442225e-05,8.420633478343934e-06,0.0871774894305487,1.7960254141891286e-05,1.5567434926269982e-06,1.0118553726527562e-07,0.0028587528148087977,0.00033414829226388143,0.0017626969881490804,7.081890029987404e-05,1.9879531640773736e-05,0.08673306827829784,2.0936695729127752e-05,1.380365582600024e-06,7.946055379694799e-08,0.0028205660274929034,0.0003146534119538317,0.0017626969881490804
0.0002,0.0002,0.0002,0.0002,288.0,10.0,5.99059684574443e-05,1.018449615753124e-05,0.08736469660562395,2.003900850242035e-05,1.5380555721745524e-06,1.4936765297186768e-07,0.0028628972976218873,0.000330021483473713,0.0017608464089113349,7.856586798691194e-05,2.293191695174768e-05,0.08821115506149081,2.469079898653498e-05,1.3118588547739155e-06,9.455609902753642e-08,0.002799806568552466,0.000314980818238774,0.0017608464089113349
0.0002,0.0002,0.0002,0.0002,289.0,10.0,5.7655088942355985e-05,8.718582349131216e-06,0.08731047351273831,1.8865507082276572e-05,1.6659530004332664e-06,1.8709097225005998e-07,0.0028432703670489114,0.00033035498209165674,0.0017835133830041876,5.3971506572436466e-05,9.143538150575236e-06,0.08848126139814054,1.5606159310812137e-05,1.4083956323184609e-06,1.5173565060323988e-07,0.002828864297736114,0.00030891106902892785,0.0017835133830041876
0.0002,0.0002,0.0002,0.0002,290.0,10.0,6.202550373706262e-05,1.15156284013039e-05,0.08668196740038007,2.0904933578107245e-05,1.5767401040569152e-06,1.7152407730841635e-07,0.002820603059027319,0.0003302502508772035,0.0017537230280147231,6.821793649704349e-05,1.7068082977158913e-05,0.08609294819171866,2.1578376450401216e-05,1.4877761493277538e-06,1.3621516713349917e-07,0.0027663050844595094,0.0003147975988505822,0.0017537230280147231
0.0002,0.0002,0.0002,0.0002,291.0,10.0,5.848857040423525e-05,8.658206452750455e-06,0.08772487589632949,1.83144698353845e-05,1.504471122355614e-06,1.595028997494113e-07,0.0028476627969570515,0.00032834479694258923,0.0019437709383463048,5.0879318745859986e-05,6.93090028249307e-06,0.08837761263327615,1.4338732793708963e-05,1.2843389414499668e-06,4.630537739637025e-08,0.002785764454950975,0.00030485977117914,0.0019437709383463048
0.0002,0.0002,0.0002,0.0002,292.0,10.0,5.7358742657589914e-05,8.909631264802291e-06,0.08798070026820277,1.6929466230843215e-05,1.5215146390024306e-06,1.905442369173431e-07,0.0029415237075560373,0.0003346324660538859,0.001933635471971375,8.104815006376546e-05,2.5166878897561184e-05,0.08709794471111265,2.5659373210826202e-05,1.27144481324575e-06,7.83058247848077e-08,0.0029089783751776372,0.00031549824135572164,0.001933635471971375
0.0002,0.0002,0.0002,0.0002,293.0,10.0,5.770686436822373e-05,9.001533736649323e-06,0.08730748069978334,1.861888234265155e-05,1.679577987683191e-06,1.6434690270374321e-07,0.002900807330102241,0.0003317175851633736,0.0017853187840532656,8.502191133765145e-05,2.6956146094502633e-05,0.08595803106738621,2.8465157094558634e-05,1.4926294951590906e-06,8.04502387045998e-08,0.0028873449102830412,0.0003188080722966617,0.0017853187840532656
0.0002,0.0002,0.0002,0.0002,294.0,10.0,5.529444349542228e-05,7.638082063457186e-06,0.08739639024081987,1.7624199633345542e-05,1.6008543414514117e-06,1.416601675415297e-07,0.0028795923517758275,0.0003293390206391245,0.0017903313914774328,6.374362339657388e-05,1.6344100882086354e-05,0.08777900808410248,1.843180152120622e-05,1.5718409485801873e-06,9.535566807211278e-08,0.002862808746559655,0.0003087230473198883,0.0017903313914774328
0.0002,0.0002,0.0002,0.0002,295.0,10.0,6.307636497819538e-05,1.1674451018771322e-05,0.08736886907566026,2.0882839362587367e-05,1.7616883656613295e-06,1.9623218468084642e-07,0.0029108123275955527,0.0003315853831286438,0.0018166340905407727,7.892821686947396e-05,2.313681384561385e-05,0.08639631629196418,2.566635480686106e-05,1.6803834019200367e-06,1.0558959441822603e-07,0.0029155964299288793,0.0003256354239842996,0.0018166340905407727
0.0002,0.0002,0.0002,0.0002,296.0,10.0,5.570061916327395e-05,7.944787548250459e-06,0.08728393205273967,1.736084071748205e-05,1.64593400265977e-06,1.476295048165824e-07,0.0028810056150788727,0.00033154713282258633,0.0018215299272809485,5.894079934330302e-05,1.1028841988191212e-05,0.08770749336398596,1.7409897234844617e-05,1.6241585676983342e-06,1.68358349207215e-07,0.002848146736273819,0.0002979083611790226,0.0018215299272809485
0.0002,0.0002,0.0002,0.0002,297.0,10.0,5.6808854295332516e-05,8.447926953025118e-06,0.08723645343447178,1.790917165035988e-05,1.6315689066632264e-06,1.8555489447222887e-07,0.0029254138865359085,0.00032911237463845015,0.0018265425450696361,0.00010752955409663948,4.221178258401489e-05,0.08667811387859826,3.516565671992586e-05,1.5046706716363735e-06,2.0109626366422578e-07,0.0028658921646669664,0.00031185914402749875,0.0018265425450696361
0.0002,0.0002,0.0002,0.0002,298.0,10.0,6.182189709695478e-05,1.1151301146772658e-05,0.0870242067121525,2.0440361031844974e-05,1.658016004327551e-06,1.727310408913828e-07,0.0028888583595856852,0.00032856026857704747,0.0018054266409398393,7.78686089153566e-05,2.244041723781366e-05,0.08704792772609882,2.5609701090814264e-05,1.32840229073761e-06,5.3651388144166754e-08,0.00286073027868275,0.00031159477133970955,0.0018054266409398393
0.0002,0.0002,0.0002,0.0002,299.0,10.0,5.604212315608854e-05,7.936210408619007e-06,0.08707703232478614,1.7283519725423258e-05,1.592991484106765e-06,1.37943491108452e-07,0.0028934966995078464,0.00032832019693795363,0.0018742154595002354,6.029774924367787e-05,1.3191927803723755e-05,0.0880362430916113,1.614734390207348e-05,1.2699133797989512e-06,7.255751655938888e-08,0.0028404877223009986,0.00030683668560775845,0.0018742154595002354
0.0002,0.0002,0.0002,0.0002,300.0,10.0,6.1009529816682434e-05,1.0840451184857978e-05,0.08700011112756885,2.03203726947462e-05,1.681294966926126e-06,1.9540297813369808e-07,0.0029162113059668622,0.0003257795887482168,0.001764309974799605,8.21983680230965e-05,2.535210032591368e-05,0.08744506055817884,2.683389014954562e-05,1.3701625364166206e-06,7.601638707657415e-08,0.0028994933727832196,0.0003132714107110984,0.001764309974799605
0.0002,0.0002,0.0002,0.0002,301.0,10.0,5.5868703916769316e-05,7.799754257809228e-06,0.08734437115288178,1.7558770580127072e-05,1.6431887946451405e-06,1.541197116908182e-07,0.0028991451116287775,0.0003286883653966437,0.0018334992359293756,5.272253331810656e-05,9.000514856310865e-06,0.08736059079945706,1.4196167483526623e-05,1.3651499237341347e-06,3.77982237466374e-08,0.0028546645449455117,0.00030679987476325745,0.0018334992359293756
0.0002,0.0002,0.0002,0.0002,302.0,10.0,5.615589941983188e-05,8.089107414548425e-06,0.08709702722701888,1.7357625803397984e-05,1.6714648279985127e-06,2.1664969563247667e-07,0.002851975935669702,0.00032702948673650245,0.001847620212371418,7.651618876435857e-05,2.2749081209820984e-05,0.0873461344817518,2.4731630478952074e-05,1.4304606464142043e-06,6.667043241664568e-08,0.0028112914878875017,0.0003110782894144555,0.001847620212371418
0.0002,0.0002,0.0002,0.0002,303.0,10.0,6.222071294136927e-05,1.1936856086435574e-05,0.08779060560140761,1.8977127577614422e-05,1.615399812600518e-06,2.221549121580974e-07,0.0029117913754648206,0.0003378907450945441,0.001900066090696646,7.043591924362162e-05,1.9318284984236134e-05,0.08666626541878525,2.0364838112771547e-05,1.5716305378463683e-06,9.73002710067694e-08,0.0029698496218770742,0.00032115282896842895,0.001900066090696646
0.0002,0.0002,0.0002,0.0002,304.0,10.0,5.5168344123808074e-05,8.097019443389645e-06,0.0874442027391238,1.6655942586936704e-05,1.5364841383306637e-06,1.380191381632164e-07,0.0029353781367735463,0.00032775875852078106,0.0018357665393913987,5.4662887343706216e-05,9.33163148704313e-06,0.0868621880775092,1.4355879940267438e-05,1.4970733066785439e-06,9.653819708108281e-08,0.0029039356114735964,0.00031571234754904234,0.0018357665393913987
0.0002,0.0002,0.0002,0.0002,305.0,10.0,5.642805521171329e-05,8.629417939864106e-06,0.08699574031563471,1.7654473657356607e-05,1.5727903223012249e-06,1.9635542576550782e-07,0.0029147069224314094,0.0003263919342270105,0.0018043484958808196,9.139675992968207e-05,2.9487195823276754e-05,0.08770016609178695,3.069563323154817e-05,1.5152004091919243e-06,1.4708930244196507e-07,0.002910568169398704,0.00031795954313326567,0.0018043484958808196
4e-05,4e-05,4e-05,4e-05,306.0,10.0,5.2313761477042946e-05,6.57821418392323e-06,0.08697781049916392,1.658291557380534e-05,1.492145410929937e-06,6.844862664786133e-08,0.002853979086681747,0.00032704276084491397,0.0017259043399457373,4.510286649671757e-05,4.720745515901572e-06,0.08681127849231542,1.2133103762837522e-05,1.3561127675419713e-06,4.1574191317550816e-08,0.002801267708132888,0.0003083533018725323,0.0017259043399457373
4e-05,4e-05,4e-05,4e-05,307.0,10.0,4.835450677245679e-05,5.116734715762437e-06,0.08700430072180498,1.4624683702379274e-05,1.4417705893252363e-06,9.219962794892972e-08,0.0028171550490259756,0.0003210428702106722,0.00167734743008163,4.5066862320517365e-05,4.78657636786231e-06,0.08750728195513821,1.2382433282771193e-05,1.3569096284844468e-06,7.600671956487717e-08,0.0027637029861045234,0.0003004294696916942,0.00167734743008163
4e-05,4e-05,4e-05,4e-05,308.0,10.0,4.79317441082969e-05,4.989154156421461e-06,0.08731613811303221,1.4175901160014404e-05,1.40735443263947e-06,8.069894243893062e-08,0.0028062034200586443,0.00031935734274149587,0.0016950235601043344,4.523266975678887e-05,5.0572588505926015e-06,0.08751168550607655,1.195230953912098e-05,1.2365070899492308e-06,4.253614818619129e-08,0.002768650833053263,0.0003006848300611608,0.0016950235601043344
4e-05,4e-05,4e-05,4e-05,309.0,10.0,4.827559094963646e-05,5.161148725956959e-06,0.0872471276585665,1.4242011612628307e-05,1.456562643902675e-06,1.1849905034023765e-07,0.002806649418039938,0.00032042734179119715,0.0016970520059542322,4.502339465456014e-05,4.893646062800959e-06,0.08778981049786802,1.2201960753074018e-05,1.3034091034746448e-06,2.8653128952165723e-08,0.002769084652937356,0.0003017087320463408,0.0016970520059542322
4e-05,4e-05,4e-05,4e-05,310.0,10.0,4.797171890848428e-05,4.988223373436312e-06,0.0875242760062865,1.4194351089151363e-05,1.3956872235101563e-06,1.0971379004563745e-07,0.0027900960152798557,0.00031567614294001045,0.0016952935705710432,4.594334889157791e-05,5.011308572509507e-06,0.08772810919783933,1.2225898014382081e-05,1.2347337482204831e-06,3.435969149493374e-08,0.0027560351173164625,0.00029541928697055994,0.0016952935705710432
4e-05,4e-05,4e-05,4e-05,311.0,10.0,4.807401074459872e-05,4.975529102303249e-06,0.08752953316783413,1.4275591416911509e-05,1.4291463861347012e-06,9.903334345882406e-08,0.002782524227556651,0.0003144756454937068,0.0016969379439822395,4.4909789432186606e-05,5.009084745456974e-06,0.0879729785360267,1.1380781517822672e-05,1.2720361698872211e-06,3.5765322016561995e-08,0.0027407143646883407,0.0002991622912298298,0.0016969379439822395
4e-05,4e-05,4e-05,4e-05,312.0,10.0,4.773300457421522e-05,4.964333814638124e-06,0.08774239061678678,1.4027504983224154e-05,1.3875051954002338e-06,1.0731927034162313e-07,0.002772141095941243,0.00031384365314480827,0.0016902884671852528,4.504662465982286e-05,5.174924964449271e-06,0.0876759591812081,1.1579797102045777e-05,1.318162214951447e-06,3.1487869597383504e-08,0.0027410036603884714,0.0002994096748083532,0.0016902884671852528
4e-05,4e-05,4e-05,4e-05,313.0,10.0,4.784544623303667e-05,4.930620210641676e-06,0.08793746535380885,1.4215861719452112e-05,1.3882718372793323e-06,1.0677255615218494e-07,0.0027494290121863074,0.000311142240290376,0.0016854462822830443,4.490376388187646e-05,4.8502278872024915e-06,0.0879899141182124,1.177689525665203e-05,1.2692173724564567e-06,3.453032910739352e-08,0.0027129949371823493,0.00029443576447309194,0.0016854462822830443
4e-05,4e-05,4e-05,4e-05,314.0,10.0,4.759108024380121e-05,4.91895537666474e-06,0.0881046410791395,1.3994718481978817e-05,1.4117895564092078e-06,9.73915217978559e-08,0.0027495407614363788,0.0003124568149795162,0.0016795477790956298,4.520044278446706e-05,5.170496161116745e-06,0.08853826607387372,1.1899095486010823e-05,1.2406428958461392e-06,2.78934832386664e-08,0.0027134103682794476,0.0002941824582650706,0.0016795477790956298
4e-05,4e-05,4e-05,4e-05,315.0,10.0,4.7543238867151735e-05,4.919834987583117e-06,0.08827248870552026,1.4068934075094502e-05,1.369848552678495e-06,1.1602466586764578e-07,0.002732662164510634,0.0003095421246160692,0.001669363767094402,4.511218513537337e-05,4.907982692923167e-06,0.08863476779840397,1.1875265533276166e-05,1.2443133592902796e-06,4.0409941721166446e-08,0.0026911087567792324,0.00029114200633652043,0.001669363767094402
4e-05,4e-05,4e-05,4e-05,316.0,10.0,4.8081007135319e-05,4.961076175258717e-06,0.08838008516647097,1.4646537533445178e-05,1.4208130173362286e-06,1.1065476652781203e-07,0.0027170728374163807,0.00030637519397898794,0.0016572041848742793,4.599799932674328e-05,5.410567833382393e-06,0.08884241277268189,1.266558736501777e-05,1.270691171249574e-06,3.721532820626695e-08,0.0026757835707011727,0.0002899507754783438,0.0016572041848742793
4e-05,4e-05,4e-05,4e-05,317.0,10.0,4.806583674973937e-05,4.919464702640119e-06,0.08862291278588205,1.4824815613470944e-05,1.387978243408521e-06,1.0965655878763517e-07,0.002695672989055824,0.0003048539406233391,0.0016437361299831007,4.5408225893681456e-05,5.052343518734035e-06,0.08892385393484241,1.2332950214529265e-05,1.2853539683191352e-06,4.928633391913281e-08,0.0026586359321658587,0.0002898523755156867,0.0016437361299831007
4e-05,4e-05,4e-05,4e-05,318.0,10.0,4.8482981271661326e-05,4.961148135228323e-06,0.08879569839650031,1.5128201923427961e-05,1.4195163341467485e-06,1.0352901227624142e-07,0.0027022304629758537,0.0003057498524901599,0.0016462267427676171,4.467964355395156e-05,4.544372751111812e-06,0.08900493672149816,1.2050899780893864e-05,1.2425556480265435e-06,3.014678049986353e-08,0.0026746410038644467,0.00028947536032926857,0.0016462267427676171
4e-05,4e-05,4e-05,4e-05,319.0,10.0,4.8451406544001514e-05,4.922828630040095e-06,0.08898728259819672,1.5082496639822045e-05,1.4370907401934456e-06,9.209278085112697e-08,0.0027036726553653066,0.00030471421189513976,0.0016494599185045379,4.636602354436149e-05,5.551954903406468e-06,0.0890115418029904,1.27901695236294e-05,1.2759130614854399e-06,3.234104253913632e-08,0.002669902418491956,0.00028858020048504727,0.0016494599185045379
4e-05,4e-05,4e-05,4e-05,320.0,10.0,4.8818534561389e-05,4.943464786872347e-06,0.08930488093346715,1.527871522960568e-05,1.346152666405353e-06,1.1452153040260375e-07,0.002690203215376761,0.0003004279241715994,0.0016703053336890497,4.53109804668869e-05,4.833067576573645e-06,0.08925452990824788,1.2141459233622602e-05,1.21874375709154e-06,3.542294553645389e-08,0.0026532664740374344,0.0002860000445677659,0.0016703053336890497
4e-05,4e-05,4e-05,4e-05,321.0,10.0,4.8291543774729e-05,4.957227207241795e-06,0.08924986993418672,1.5104818374994446e-05,1.4151483075987267e-06,1.0220808737466603e-07,0.002686824923578085,0.00030159691833656614,0.0016279170887205589,4.6020633269948914e-05,5.337319041928699e-06,0.0893389923195113,1.2867054111810985e-05,1.2879144006097753e-06,2.5775917071653417e-08,0.0026332488634775047,0.00028554080912173053,0.0016279170887205589
4e-05,4e-05,4e-05,4e-05,322.0,10.0,4.856680629379265e-05,4.9008221865935985e-06,0.089229762504258,1.5270336655065354e-05,1.382968191886846e-06,1.083992709632996e-07,0.0026651258076474736,0.0002996313607291939,0.0016483147611624659,4.5659018579345186e-05,5.014739932373191e-06,0.08977169347572492,1.2432303341402107e-05,1.1862282048938538e-06,3.92030504206966e-08,0.0026335381325914373,0.00028275387514667394,0.0016483147611624659
4e-05,4e-05,4e-05,4e-05,323.0,10.0,4.837848072674237e-05,4.839685523898967e-06,0.08965980219965297,1.5247591167687157e-05,1.356389994403539e-06,9.501336442152153e-08,0.002667784958724435,0.00029912101528565047,0.0016378215972350952,4.657925190850182e-05,5.083378766615839e-06,0.09011978300281874,1.3274274596397973e-05,1.2607272356291234e-06,4.935500169110119e-08,0.0026166723585110737,0.0002773491198624602,0.0016378215972350952
4e-05,4e-05,4e-05,4e-05,324.0,10.0,4.853736962261973e-05,4.874333289137107e-06,0.08984672429769565,1.526750006404833e-05,1.3653617857729363e-06,9.79507742596092e-08,0.0026666153892393723,0.00029849236131850666,0.0016455090027403634,4.446416695667294e-05,4.3015883869834066e-06,0.08996812187161,1.2034483470761754e-05,1.18303417387648e-06,2.262255822732943e-08,0.002631754066575976,0.00028341839532941906,0.0016455090027403634
4e-05,4e-05,4e-05,4e-05,325.0,10.0,4.853854468908654e-05,4.853762443463081e-06,0.08988357162795015,1.528353405519858e-05,1.3665082560831639e-06,1.1057996875711687e-07,0.0026631994134541743,0.00029910870474861236,0.001644025976279802,4.467298634855639e-05,4.3140415877208436e-06,0.0899791715724658,1.2233770882967513e-05,1.2486845887463438e-06,3.002209131355186e-08,0.002640472639635669,0.0002845894597758979,0.001644025976279802
