lr_enc,lr_dec,lr_dyn,lr_dyn_scale,epoch,n_steps,t_total,t_static_recon,t_kl,t_dyn_recon,t_dyn,t_steady,t_z_std,t_dyn_attn,t_attn_pos,v_total,v_static_recon,v_kl,v_dyn_recon,v_dyn,v_steady,v_z_std,v_dyn_attn,v_attn_pos
0.001,0.001,0.001,0.001,1.0,1.0,0.0005586397371265855,0.00026781983012431876,0.07572490046300584,0.0002561834911786301,7.915438138961618e-06,1.9148484842340392e-05,0.00637055136297986,0.0,0.0,0.00011539652952616478,5.005928945585573e-05,0.09384607356894913,4.844995290344837e-05,3.4013185259898106e-06,4.10136142263401e-06,0.005284459904068075,0.0,0.0
0.001,0.001,0.001,0.001,2.0,1.0,0.00014020264195905945,6.0624380058278564e-05,0.08879712563801911,5.8234656658384344e-05,6.694222849072465e-06,5.769669921416446e-06,0.0058204294454931955,0.0,0.0,7.960855900575613e-05,3.456450527097306e-05,0.09278638494766882,3.211063490776054e-05,2.64672435701462e-06,1.0080563851628203e-06,0.004770351568995206,0.0,0.0
0.001,0.001,0.001,0.001,3.0,1.0,0.00010626979477957955,4.414902314910533e-05,0.0932967907341504,4.253574186445442e-05,6.65083877682611e-06,3.604512153115359e-06,0.0058683059868715704,0.0,0.0,6.0800461917282494e-05,2.4669437538589937e-05,0.09817994161216782,2.2764998376970168e-05,2.706800082018903e-06,8.412317246239883e-07,0.005039335596363093,0.0,0.0
0.001,0.001,0.001,0.001,4.0,1.0,8.440361461392572e-05,3.358707724482029e-05,0.09555197291782379,3.238527384421328e-05,6.2353405965512335e-06,2.6407258785210477e-06,0.0056863607108353096,0.0,0.0,5.555488894525119e-05,2.228158542586232e-05,0.09519041434587233,2.0413509352827347e-05,2.4452404703580336e-06,8.955121995994421e-07,0.004727122592019334,0.0,0.0
0.001,0.001,0.001,0.001,5.0,1.0,7.363860757866208e-05,2.8793350245085952e-05,0.09344908906222002,2.7801477874064484e-05,5.503597328814698e-06,2.1952733439069067e-06,0.005337133371101612,0.0,0.0,5.164828171386877e-05,2.056609291284262e-05,0.09197149893901631,1.8736731674166074e-05,2.3731550770615416e-06,7.751524605651676e-07,0.004597571431341208,0.0,0.0
0.001,0.001,0.001,0.001,6.0,1.0,6.814022925003011e-05,2.623452003043638e-05,0.09219476268355939,2.540908571124925e-05,5.2874793778321114e-06,1.989668055559708e-06,0.005193897180126602,0.0,0.0,5.031200016013813e-05,2.010488089248188e-05,0.0888379780815507,1.7999035721752825e-05,2.2472150829999763e-06,1.0770710484811338e-06,0.004440127662644627,0.0,0.0
0.001,0.001,0.001,0.001,7.0,1.0,6.427784948270532e-05,2.4454401740504826e-05,0.09174945520229591,2.3685426363865486e-05,5.101953529041799e-06,1.8611223049713842e-06,0.00494697264541487,0.0,0.0,4.905362469313204e-05,1.9570677040746296e-05,0.08801165321003082,1.7472540588321284e-05,2.3191966494582437e-06,8.900451603267946e-07,0.00436181937929568,0.0,0.0
0.001,0.001,0.001,0.001,8.0,1.0,6.399143593489108e-05,2.412409152576268e-05,0.09136146020568565,2.344928456969276e-05,5.195754779408047e-06,2.0861594366771197e-06,0.0049040250850278955,0.0,0.0,5.0607148204781616e-05,2.0675742402178732e-05,0.08510483957202453,1.792223424110509e-05,2.3279359629462417e-06,1.1707518503389895e-06,0.004287641851252385,0.0,0.0
0.001,0.001,0.001,0.001,9.0,1.0,5.8702226750062e-05,2.1661770217452237e-05,0.09216715916896645,2.1089549239497132e-05,4.904182612021486e-06,1.8300090298428023e-06,0.004735224663000536,0.0,0.0,4.224921815018246e-05,1.6504721901498357e-05,0.08554458589829962,1.4300825734157015e-05,2.1686635613259103e-06,7.205484857134464e-07,0.0040596147770562765,0.0,0.0
0.001,0.001,0.001,0.001,10.0,1.0,5.6302040273517916e-05,2.0815789831746098e-05,0.08933541577747396,2.0239232936301657e-05,4.5817320567870706e-06,1.7317442428273014e-06,0.004610723954647339,0.0,0.0,3.956375021689516e-05,1.513238319842229e-05,0.08440013565992423,1.3137651140047576e-05,2.131719412938903e-06,7.21983103357756e-07,0.003988512138881968,0.0,0.0
0.001,0.001,0.001,0.001,11.0,1.0,5.4879293730118944e-05,2.0086347602053034e-05,0.08817997996229615,1.9608001981649365e-05,4.7222878236724485e-06,1.6446584282288188e-06,0.004512230160895116,0.0,0.0,4.144785883108978e-05,1.628133214143038e-05,0.08219385922418758,1.4023881863480492e-05,1.998522221396906e-06,9.247369500101449e-07,0.003862086742272795,0.0,0.0
0.001,0.001,0.001,0.001,12.0,1.0,5.136353944362531e-05,1.868414593947165e-05,0.08796936865258116,1.828154280965339e-05,4.104821328561082e-06,1.4960928345766012e-06,0.004322477728945519,0.0,0.0,3.709444724887251e-05,1.4246735534198661e-05,0.08216555680606318,1.227893134688837e-05,1.8186105445419545e-06,5.336142047818268e-07,0.0037156872341832727,0.0,0.0
0.001,0.001,0.001,0.001,13.0,1.0,5.0788731762406755e-05,1.8390421749770848e-05,0.08742713572407673,1.7972969859961375e-05,4.252864352471771e-06,1.4297623828137917e-06,0.004255828322636785,0.0,0.0,4.005790222360726e-05,1.5856376162835505e-05,0.08144327588604768,1.3398362041143448e-05,1.8850300492446547e-06,7.738065273011622e-07,0.003629749116802535,0.0,0.0
0.001,0.001,0.001,0.001,14.0,1.0,4.771322937163441e-05,1.7069695240334946e-05,0.08785217450911291,1.6730018635887962e-05,3.8808072575787765e-06,1.247490981120028e-06,0.004070558945745804,0.0,0.0,3.5880945417206966e-05,1.3633592147206548e-05,0.08212030214694624,1.1605471098230965e-05,1.8002845911038194e-06,6.295675835328939e-07,0.0035550869758222367,0.0,0.0
0.001,0.001,0.001,0.001,15.0,1.0,4.7609609795205946e-05,1.703220592857306e-05,0.08785473600024712,1.6721129760946987e-05,3.84727983775293e-06,1.2235208573939207e-06,0.003977494693825438,0.0,0.0,3.51959272517095e-05,1.330715260012019e-05,0.0815051790188383,1.1184995478410172e-05,1.8887791994453586e-06,6.64482279794871e-07,0.0035627450988778495,0.0,0.0
0.001,0.001,0.001,0.001,16.0,1.0,4.617080703779575e-05,1.6299507851417167e-05,0.08814665025760673,1.5979048530158845e-05,3.8497192858596945e-06,1.2278666123185502e-06,0.003923444267003019,0.0,0.0,3.47488867120967e-05,1.295205637010536e-05,0.0832245507267084,1.1133115676800377e-05,1.7602083998769984e-06,5.810514857807569e-07,0.0034401493626763416,0.0,0.0
0.001,0.001,0.001,0.001,17.0,1.0,4.676459014289405e-05,1.6544846821767635e-05,0.08848954972048471,1.6252803312829233e-05,3.8002294926942815e-06,1.3177557984871433e-06,0.003924541739477099,0.0,0.0,3.3971467312208445e-05,1.2537536284310361e-05,0.08324730076868161,1.0793398612296787e-05,1.7843189967157393e-06,5.314835961204655e-07,0.0034560956537414444,0.0,0.0
0.001,0.001,0.001,0.001,18.0,1.0,4.7029815886732374e-05,1.6603397509266267e-05,0.08832054197625626,1.631697577690869e-05,3.891327654291525e-06,1.3860608778218223e-06,0.003985476701407606,0.0,0.0,3.417215021564597e-05,1.2286901215158561e-05,0.08403991483467452,1.0808030448291212e-05,1.8987361164556375e-06,7.744912097695712e-07,0.0035304578581411158,0.0,0.0
0.001,0.001,0.001,0.001,19.0,1.0,4.443310133955908e-05,1.5598969308611185e-05,0.08760261313783424,1.529151106899747e-05,3.6675601649297666e-06,1.1147996472629449e-06,0.0038476278034615,0.0,0.0,3.410312138834297e-05,1.2676989476390863e-05,0.08287838763374651,1.078520474735136e-05,1.760769136732199e-06,5.923195070802271e-07,0.0034266396513403545,0.0,0.0
0.001,0.001,0.001,0.001,20.0,1.0,4.376958493783153e-05,1.52345544024831e-05,0.08835543485183821,1.4939990650880015e-05,3.5755504809021202e-06,1.1839462136371499e-06,0.0038336085745830474,0.0,0.0,3.495396509887924e-05,1.3295596815129422e-05,0.08234024629988543,1.1241241008660179e-05,1.6729327430131957e-06,5.101702284397167e-07,0.003366071092529913,0.0,0.0
0.001,0.001,0.001,0.001,21.0,1.0,4.413964572764076e-05,1.5357872264394623e-05,0.08801742601277443,1.5067699774412917e-05,3.701195468385773e-06,1.2111357563708016e-06,0.003826119830212882,0.0,0.0,3.217753191092579e-05,1.1771939920932928e-05,0.08313086108596755,9.95509695160998e-06,1.7055178785863862e-06,4.318912568464937e-07,0.003366914382985211,0.0,0.0
0.001,0.001,0.001,0.001,22.0,1.0,4.2164158102588115e-05,1.4552626892137561e-05,0.08901070180586756,1.4290073052650958e-05,3.3766693221697603e-06,1.0437187965595744e-06,0.0037089326160804357,0.0,0.0,3.402659909191156e-05,1.2717428030386304e-05,0.08307375509675041,1.0771841268928407e-05,1.7518777409861495e-06,4.780765581550439e-07,0.003361973595180023,0.0,0.0
0.001,0.001,0.001,0.001,23.0,1.0,4.652902949846689e-05,1.620457559248036e-05,0.09106669277906682,1.560512760398048e-05,3.948532829151904e-06,1.6641245410951704e-06,0.003918106403276383,0.0,0.0,3.4957623591233214e-05,1.30911923835729e-05,0.08199116188385616,1.1115982313753612e-05,2.015099422599349e-06,5.362335029476856e-07,0.0035658698471048933,0.0,0.0
0.001,0.001,0.001,0.001,24.0,1.0,4.292003742964025e-05,1.4847277292512774e-05,0.0881044013113615,1.4556529048090553e-05,3.6658452645946523e-06,1.0399459909239052e-06,0.0038834462196245846,0.0,0.0,3.3450020188803794e-05,1.254128970841641e-05,0.08115396897856697,1.0317813181354062e-05,1.9002116225856683e-06,5.753087047331665e-07,0.0034586175778750314,0.0,0.0
0.001,0.001,0.001,0.001,25.0,1.0,4.168293045377417e-05,1.4269779609715164e-05,0.08875026142528611,1.397467596814236e-05,3.5306789565315884e-06,1.032769881823561e-06,0.003773507618420463,0.0,0.0,3.0801755358753186e-05,1.1086609653327931e-05,0.08252192527545148,9.188410413800688e-06,1.7594550364460107e-06,5.150878949841274e-07,0.0033799499521223555,0.0,0.0
0.001,0.001,0.001,0.001,26.0,3.0,5.948234212467488e-05,1.7855414249294587e-05,0.09347933396048608,2.2661794235819144e-05,8.060766252242547e-06,1.5564340863606779e-06,0.003032092622458067,0.0,0.0,4.2863678763775105e-05,1.3890831278276436e-05,0.0969245825848295,1.5023735049389469e-05,3.4964558894590265e-06,7.601984122937159e-07,0.0023567073317622973,0.0,0.0
0.001,0.001,0.001,0.001,27.0,3.0,5.579197434026606e-05,1.7330318170070018e-05,0.09555685586183044,2.184228149446606e-05,5.888679642228394e-06,1.1750096664557172e-06,0.002615706508550583,0.0,0.0,4.0673950278842555e-05,1.3241610583700236e-05,0.09623812846098878,1.4180869542717005e-05,2.862855656408254e-06,7.648017365987665e-07,0.0021159545025025966,0.0,0.0
0.001,0.001,0.001,0.001,28.0,3.0,5.3563565226730954e-05,1.6647067979425164e-05,0.09749628998356685,2.1014733844980614e-05,5.032037135915273e-06,1.1200974893202365e-06,0.002416797099920633,0.0,0.0,4.372010142329111e-05,1.5031677923668252e-05,0.09726009280288024,1.537206618347055e-05,2.6128624400019957e-06,9.77485757496321e-07,0.002033487647327505,0.0,0.0
0.001,0.001,0.001,0.001,29.0,3.0,5.2847833712826394e-05,1.6473148556098805e-05,0.09854103281684654,2.0747271963190188e-05,4.710023711218513e-06,1.063286350882111e-06,0.002334940425975342,0.0,0.0,4.038902171599689e-05,1.3816740046247342e-05,0.0964819364178871,1.3903696685328628e-05,2.3841735468351164e-06,6.362180636787373e-07,0.001951349668958214,0.0,0.0
0.001,0.001,0.001,0.001,30.0,3.0,5.2405033550771574e-05,1.6289886049283907e-05,0.09958759996667615,2.0660002182645858e-05,4.471323780030147e-06,1.0250617599575939e-06,0.002246477830921508,0.0,0.0,3.8727171596672144e-05,1.2785318767743579e-05,0.09599656131933142,1.3519066240487417e-05,2.4109398891447e-06,4.1219079155052583e-07,0.0018922731581376665,0.0,0.0
0.001,0.001,0.001,0.001,31.0,3.0,5.246721199740414e-05,1.643522657750585e-05,0.09953259054521782,2.058734082082753e-05,4.515475946930959e-06,9.75909777625159e-07,0.0022489927659393185,0.0,0.0,3.6102560621836403e-05,1.1659199397906025e-05,0.09597544308973986,1.2329348049795375e-05,2.2642031733797065e-06,2.522657983107306e-07,0.0018743546784258961,0.0,0.0
0.001,0.001,0.001,0.001,32.0,3.0,5.254474024414567e-05,1.6287816735178222e-05,0.10194332988750142,2.0345016685504408e-05,4.534193047787648e-06,1.183381038370908e-06,0.0022709552480503024,0.0,0.0,3.817008508463103e-05,1.2759764004143437e-05,0.09429893711567337,1.296642784693024e-05,2.468943694647175e-06,5.450557501240261e-07,0.0019157345156372882,0.0,0.0
0.001,0.001,0.001,0.001,33.0,3.0,5.379276196144431e-05,1.7137492371055073e-05,0.09962989645044716,2.1183370615303773e-05,4.423475793208565e-06,1.0854336659460133e-06,0.0022602007266972544,0.0,0.0,4.66313629418003e-05,1.690842959041367e-05,0.09442961713107578,1.681859690741078e-05,2.709881715886416e-06,7.514928860278499e-07,0.0019897905121216922,0.0,0.0
0.001,0.001,0.001,0.001,34.0,3.0,5.581430306297956e-05,1.76884927756117e-05,0.10063311311524425,2.1768817318547103e-05,4.947304923490826e-06,1.3463768133719017e-06,0.0023687573115134504,0.0,0.0,3.930682445666612e-05,1.2882609197249786e-05,0.0974849709273415,1.3698835372213684e-05,2.4642006036996126e-06,5.12682724061047e-07,0.0020110910076586823,0.0,0.0
0.001,0.001,0.001,0.001,35.0,3.0,5.025042564450953e-05,1.5455030746241104e-05,0.09897602432335265,1.9724846614062858e-05,4.296868396217155e-06,8.760777187585684e-07,0.0022336288321404946,0.0,0.0,3.952611753030446e-05,1.3170833259514757e-05,0.09989901480740684,1.377476217600651e-05,2.1963871938388102e-06,3.9423363255172624e-07,0.0018891694326864921,0.0,0.0
0.001,0.001,0.001,0.001,36.0,3.0,5.042905416681514e-05,1.5850522578430726e-05,0.09967498178951667,1.9742682451423984e-05,3.959211429278808e-06,9.09139760625375e-07,0.0021449618337558247,0.0,0.0,4.293668579793951e-05,1.5046644744562575e-05,0.09826873081865863,1.5168314886235836e-05,2.456730856553231e-06,4.381222617443689e-07,0.001922540619805159,0.0,0.0
0.001,0.001,0.001,0.001,37.0,3.0,5.029488775520864e-05,1.5809364009950553e-05,0.10018253824878996,1.972147858053543e-05,3.8856654468283145e-06,8.601261178209368e-07,0.0021286841973685317,0.0,0.0,4.153848064420608e-05,1.4318319808933929e-05,0.09795838671711465,1.4684937184532845e-05,2.2486334065175733e-06,4.90751927881113e-07,0.0018401847602501705,0.0,0.0
0.001,0.001,0.001,0.001,38.0,3.0,5.0074101198115556e-05,1.5675534388843348e-05,0.10030285032006543,1.9458457438981092e-05,4.00368754909769e-06,9.06137012430327e-07,0.0021758996036156967,0.0,0.0,4.172188258233223e-05,1.4240745754592329e-05,0.09771085166683872,1.4648883140989986e-05,2.4007044835498802e-06,6.604641198216763e-07,0.0019197832956401408,0.0,0.0
0.001,0.001,0.001,0.001,39.0,3.0,4.930550382418966e-05,1.5269254805160098e-05,0.10065019030563385,1.9265421366147197e-05,3.841630555054214e-06,8.641780955159209e-07,0.002120268068639532,0.0,0.0,4.053544348949774e-05,1.3941500534577369e-05,0.09722207655346177,1.418421570500021e-05,2.314402191662904e-06,3.731175683287134e-07,0.0019063853595145015,0.0,0.0
0.001,0.001,0.001,0.001,40.0,3.0,5.096156899115293e-05,1.5968117409616287e-05,0.10208541595202618,1.9760922445520844e-05,4.0304600365513855e-06,9.935278629895724e-07,0.0021784822635276336,0.0,0.0,4.023379017276949e-05,1.3754763293078824e-05,0.09756034388558661,1.4026333975178089e-05,2.2489516126969283e-06,4.477071461687901e-07,0.001903824735989886,0.0,0.0
0.001,0.001,0.001,0.001,41.0,3.0,4.9772969620524805e-05,1.5526993740535725e-05,0.10060749688046358,1.9417753269197022e-05,3.880089130982462e-06,8.873839923783274e-07,0.0021371788853365207,0.0,0.0,3.780931748619646e-05,1.235745414176794e-05,0.09899385017161752,1.2999907122763583e-05,2.1356792807230057e-06,4.1689204817374233e-07,0.00186829526635819,0.0,0.0
0.001,0.001,0.001,0.001,42.0,3.0,4.994612913679249e-05,1.561394825578824e-05,0.10073013009548715,1.9421146364989518e-05,3.9187666340511756e-06,9.192549031872576e-07,0.0021373766771097605,0.0,0.0,3.9075304296617487e-05,1.3056196061930117e-05,0.0985898510742105,1.353044282986737e-05,2.314179379954322e-06,3.1550084471952186e-07,0.0019088632627587538,0.0,0.0
0.001,0.001,0.001,0.001,43.0,3.0,4.8474764108858533e-05,1.4888664561630027e-05,0.10028198516844467,1.8869025238319706e-05,3.825603312460415e-06,8.632726355192067e-07,0.002122342616805883,0.0,0.0,4.7256309499486386e-05,1.750720162792588e-05,0.09835209935105042,1.7071865043118306e-05,2.2817641300151657e-06,5.602687382973618e-07,0.001896285651575262,0.0,0.0
0.001,0.001,0.001,0.001,44.0,3.0,5.133774252244151e-05,1.5921737474529573e-05,0.10111582702319248,1.9757527110790743e-05,4.418959004146013e-06,1.1279364543783621e-06,0.002227473280626971,0.0,0.0,3.889892692139369e-05,1.3008620248655554e-05,0.09831236314443853,1.3429850279002905e-05,2.2769441383476807e-06,3.5227618555681813e-07,0.0019675659960781385,0.0,0.0
0.001,0.001,0.001,0.001,45.0,3.0,4.910382413186503e-05,1.5266986390501077e-05,0.09971258313197126,1.912670629562522e-05,3.916418792143323e-06,8.224545395104791e-07,0.002175776706267619,0.0,0.0,4.337371560719183e-05,1.555353129328023e-05,0.0972127746484768,1.5421985200972134e-05,2.215867607648286e-06,4.6105426262877174e-07,0.0019120847244482155,0.0,0.0
0.001,0.001,0.001,0.001,46.0,3.0,5.0577658235506825e-05,1.594517640900642e-05,0.09981716489010044,1.9679468308063368e-05,4.058530985068029e-06,9.127662065674707e-07,0.002204946824321162,0.0,0.0,4.1207840050693016e-05,1.4137502126504371e-05,0.097025668430452,1.4412632114153823e-05,2.4287534284801372e-06,5.263855668327796e-07,0.0020236150851004734,0.0,0.0
0.001,0.001,0.001,0.001,47.0,3.0,4.749386929294719e-05,1.455925807463511e-05,0.09996775726081776,1.8370483623010063e-05,3.778308569224097e-06,7.890435388540734e-07,0.002172862914225608,0.0,0.0,4.21550762011024e-05,1.4728725629975591e-05,0.09803596903974884,1.4947313394796147e-05,2.2320657167617883e-06,4.43374699178364e-07,0.0019234339400720215,0.0,0.0
0.001,0.001,0.001,0.001,48.0,3.0,5.261026000013256e-05,1.6646991851419277e-05,0.10324369400280009,2.016774014612469e-05,4.303607933891241e-06,1.167550714931811e-06,0.0022668162024846125,0.0,0.0,4.254983121878568e-05,1.5218113931403041e-05,0.09469242173737251,1.5045344941427961e-05,2.416432342240319e-06,4.006981650515439e-07,0.002047415441199944,0.0,0.0
0.001,0.001,0.001,0.001,49.0,3.0,4.8533716368252015e-05,1.4920059777671743e-05,0.10034273927915857,1.8832807258301077e-05,3.9793222507773655e-06,7.672534424577959e-07,0.002198090609006572,0.0,0.0,3.9445074719768065e-05,1.3449950044309196e-05,0.09830905220172688,1.3788201581908498e-05,2.1651124894368582e-06,2.1090561445249453e-07,0.00196130917904224,0.0,0.0
0.001,0.001,0.001,0.001,50.0,3.0,4.9870498768594035e-05,1.562196394349028e-05,0.09997697519053678,1.927556970707137e-05,4.023216910397571e-06,9.520509899149321e-07,0.0022289500230940553,0.0,0.0,3.9669660351387256e-05,1.3386293340444886e-05,0.09900522821920126,1.3810772923042301e-05,2.185209095388877e-06,3.868623825712085e-07,0.00196684211977116,0.0,0.0
0.001,0.001,0.001,0.001,51.0,5.0,6.364675754835088e-05,1.6941288473709875e-05,0.1017720528325908,2.781607876054999e-05,7.72825160712242e-06,9.83933688864498e-07,0.002012326935369737,0.0,0.0,4.957258163419268e-05,1.4834538131744309e-05,0.10139206858060436,1.9871269830054517e-05,4.1770271051034815e-06,5.505402527561558e-07,0.0017409602915844015,0.0,0.0
0.001,0.001,0.001,0.001,52.0,5.0,6.16062062250657e-05,1.6593106742174414e-05,0.10311793388409358,2.7132918928096895e-05,6.680402289895712e-06,8.879851535438764e-07,0.0018893307948995746,0.0,0.0,5.137272572267419e-05,1.628397512202861e-05,0.10163818780162155,2.059530801058246e-05,3.894400627960138e-06,4.35223358416285e-07,0.0016882146190282026,0.0,0.0
0.001,0.001,0.001,0.001,53.0,5.0,6.497641918215844e-05,1.8155378972083825e-05,0.10450271039485533,2.8238859922379224e-05,6.991182047299943e-06,1.1407276409410882e-06,0.0019306908750660605,0.0,0.0,4.944337116672707e-05,1.545954324611088e-05,0.1015555854233154,1.9673859656439464e-05,3.770507172887555e-06,3.839031183122355e-07,0.0017396582257527416,0.0,0.0
0.001,0.001,0.001,0.001,54.0,5.0,6.0119560392935376e-05,1.6316045278409336e-05,0.10458560746768598,2.6239541206501178e-05,6.255985647681112e-06,8.494278397203322e-07,0.0018525065669592632,0.0,0.0,4.6141849015336304e-05,1.4191390233124022e-05,0.10110742245239746,1.837502036925064e-05,3.302414751486583e-06,1.6228169952291086e-07,0.0016555777487691971,0.0,0.0
0.001,0.001,0.001,0.001,55.0,5.0,5.961306440560421e-05,1.6343951441747036e-05,0.10492047578066604,2.5902830870590198e-05,6.074538573534004e-06,7.996962179228809e-07,0.0018505280888383925,0.0,0.0,5.143717129410115e-05,1.717841231127132e-05,0.10236358083623591,2.061793936500322e-05,3.2329547983929872e-06,1.7150709054311388e-07,0.0016581864142911178,0.0,0.0
0.001,0.001,0.001,0.001,56.0,5.0,5.9945263068701205e-05,1.6803682614091887e-05,0.10502858283128767,2.5969435783347198e-05,5.859632647021995e-06,8.096541240307729e-07,0.0018106230577957958,0.0,0.0,5.3753790159316536e-05,1.825310242289347e-05,0.10344505492942335,2.176415713865629e-05,3.1427791019345663e-06,2.4924613681379283e-07,0.001610598683054579,0.0,0.0
0.001,0.001,0.001,0.001,57.0,5.0,5.9628304377490435e-05,1.6566259476830864e-05,0.10519589877026203,2.5877319285908086e-05,5.9001437199286915e-06,7.649919665989569e-07,0.0018034695504088188,0.0,0.0,5.398802030228872e-05,1.8564625315932844e-05,0.10308844786114804,2.174730593435303e-05,3.1775122316206906e-06,1.897319961941901e-07,0.0016756403825810065,0.0,0.0
0.001,0.001,0.001,0.001,58.0,5.0,6.213969785511511e-05,1.7673691324969596e-05,0.10627393155033432,2.6643484046754118e-05,6.058622268648333e-06,1.136507544399713e-06,0.0018764516931244627,0.0,0.0,4.9510075592839577e-05,1.6277033385244446e-05,0.10370207881247472,1.9480451331831585e-05,3.1309360391482777e-06,2.514475062460645e-07,0.0017029008878010198,0.0,0.0
0.001,0.001,0.001,0.001,59.0,5.0,6.76962587666726e-05,2.048577136205182e-05,0.11020964268237857,2.782578505034601e-05,7.008665744064896e-06,1.3550723156402798e-06,0.002011307450476015,0.0,0.0,4.720756188522004e-05,1.4926934652798688e-05,0.10311742323992473,1.863430361756861e-05,3.2348477480854973e-06,9.97337711043983e-08,0.0017721599624745787,0.0,0.0
0.001,0.001,0.001,0.001,60.0,5.0,5.9766570191089985e-05,1.685958112551802e-05,0.10494137913490184,2.589109093629389e-05,5.76124875732571e-06,7.605117457778907e-07,0.0019044333834988298,0.0,0.0,4.695627463997809e-05,1.5052501789823737e-05,0.10307661000262486,1.846946018531329e-05,2.917764507989235e-06,2.0888764866532204e-07,0.0016945936325084266,0.0,0.0
0.001,0.001,0.001,0.001,61.0,5.0,5.993497884055713e-05,1.6829793685225958e-05,0.1052419445843832,2.5999478042627364e-05,5.7512646090798525e-06,8.302483293604544e-07,0.0018920885205127179,0.0,0.0,4.555614778446798e-05,1.4160550204008327e-05,0.1028990858623254,1.794568428932659e-05,3.00213390692248e-06,1.578709674026416e-07,0.0017282694804360615,0.0,0.0
0.001,0.001,0.001,0.001,62.0,5.0,5.81371989118278e-05,1.6182927395559966e-05,0.10542882211056165,2.536709489033379e-05,5.304723909761934e-06,7.395705850110235e-07,0.001846486054577616,0.0,0.0,4.3293594579361685e-05,1.3434661278798128e-05,0.1020681333109131,1.6789474185876543e-05,2.725627196675392e-06,1.370186162091466e-07,0.0016057811727362558,0.0,0.0
0.001,0.001,0.001,0.001,63.0,5.0,5.715007435343813e-05,1.5815756061058246e-05,0.1062624054504289,2.4880684603306037e-05,5.0854086814580586e-06,7.419846024790863e-07,0.0017723765182257156,0.0,0.0,4.6975879459368195e-05,1.5115586563015053e-05,0.10464629502572577,1.8459670726288262e-05,2.721345942833601e-06,2.14646933514215e-07,0.0016143726661492239,0.0,0.0
0.001,0.001,0.001,0.001,64.0,5.0,6.23977905638585e-05,1.8198378582284446e-05,0.10653393345415481,2.680929661848753e-05,5.66775224905406e-06,1.068969959621518e-06,0.0018707339833186282,0.0,0.0,4.281641676547666e-05,1.2808981645586092e-05,0.1042854618490412,1.672844042542814e-05,2.68636716809588e-06,1.6408177858998896e-07,0.0016018776520893506,0.0,0.0
0.001,0.001,0.001,0.001,65.0,5.0,5.690990664835532e-05,1.578676801229142e-05,0.10565963868483555,2.4732333399641983e-05,5.1219874477079715e-06,7.028542819381618e-07,0.0017959630612757595,0.0,0.0,4.642454032497819e-05,1.5155773062777445e-05,0.10430001122949446,1.825591693089092e-05,2.4095423792969148e-06,1.7330717963271354e-07,0.0015430730464083425,0.0,0.0
0.001,0.001,0.001,0.001,66.0,5.0,6.001162176121296e-05,1.721804394612527e-05,0.10674623967646742,2.604307423555947e-05,5.176005487448971e-06,8.998745954378774e-07,0.00182309523180555,0.0,0.0,4.759163295465997e-05,1.5442358078811877e-05,0.10330438719500523,1.8830955122461076e-05,2.7660841289784485e-06,2.217971730887514e-07,0.0016440503092365164,0.0,0.0
0.001,0.001,0.001,0.001,67.0,5.0,5.7045459742195086e-05,1.6079717098576923e-05,0.10628676461502405,2.46783461431926e-05,4.9382401841477485e-06,7.204801009003037e-07,0.0017926103330126058,0.0,0.0,5.193256661544418e-05,1.8278763317529197e-05,0.10172644247242162,2.0751077163438628e-05,2.5576554603861275e-06,1.7242678797531723e-07,0.0015785122570374864,0.0,0.0
0.001,0.001,0.001,0.001,68.0,5.0,5.781589198051981e-05,1.6439405151060595e-05,0.10655148960371232,2.5237063869893202e-05,4.744424856174758e-06,7.39849310172142e-07,0.0017413733067855705,0.0,0.0,5.083573990823039e-05,1.753662560837844e-05,0.10477992124668771,2.0036283013167974e-05,2.5168335008713104e-06,2.680057158878545e-07,0.001554405208847702,0.0,0.0
0.001,0.001,0.001,0.001,69.0,5.0,5.823925947229106e-05,1.6607108694375727e-05,0.10679436683113817,2.5112059766430946e-05,5.025577021568651e-06,8.150776356738681e-07,0.0017735840048990039,0.0,0.0,4.8368821882144944e-05,1.593774904605711e-05,0.10424268214787093,1.9138164271910902e-05,2.6017777491684785e-06,2.668627998032156e-07,0.0015314530256037683,0.0,0.0
0.001,0.001,0.001,0.001,70.0,5.0,6.374864184750767e-05,1.8816850156979213e-05,0.10763560689083938,2.727751480890137e-05,5.7107947993208255e-06,1.1799216143220504e-06,0.0019288976909183954,0.0,0.0,4.53093959511215e-05,1.4331413666591331e-05,0.10423297588950926,1.7783959206260243e-05,2.6439840169049828e-06,1.267417872379294e-07,0.0016708477463029073,0.0,0.0
0.001,0.001,0.001,0.001,71.0,5.0,5.709198974132806e-05,1.6264001698294092e-05,0.10508214453979049,2.4658766148573992e-05,4.969910478822461e-06,6.910971278277982e-07,0.001822222620212569,0.0,0.0,4.539326085847285e-05,1.4320861635169831e-05,0.10406744925751188,1.7866693482780144e-05,2.6581633136967155e-06,1.407978257329785e-07,0.0016525065471629902,0.0,0.0
0.001,0.001,0.001,0.001,72.0,5.0,5.7140439171923144e-05,1.637933125723403e-05,0.10590953505672598,2.464455918244551e-05,4.687659607552589e-06,8.379356352066633e-07,0.0017967422301788062,0.0,0.0,4.632517306864392e-05,1.5089737872265895e-05,0.10156614415173708,1.843914198290966e-05,2.549064943267574e-06,9.061397324445523e-08,0.0016430655140960999,0.0,0.0
0.001,0.001,0.001,0.001,73.0,5.0,5.663218888578438e-05,1.5889624832676e-05,0.10604218144634613,2.4556220934571344e-05,4.797745081880299e-06,7.843798958652954e-07,0.0018133068491609746,0.0,0.0,4.6267436791681054e-05,1.5040891018528399e-05,0.10158132301287705,1.8235308517505818e-05,2.5809018167504275e-06,2.522034255551579e-07,0.001616193189276841,0.0,0.0
0.001,0.001,0.001,0.001,74.0,5.0,5.6114044811403325e-05,1.5787052017360278e-05,0.10613904751273544,2.411894983375161e-05,4.82533919774182e-06,7.687994190300578e-07,0.001810108362164877,0.0,0.0,4.466186277719268e-05,1.4431690105553562e-05,0.10222398134893453,1.73199773752039e-05,2.5061779566997237e-06,1.8161928262325232e-07,0.0015796585641994544,0.0,0.0
0.001,0.001,0.001,0.001,75.0,5.0,5.847333082070407e-05,1.6861664414705904e-05,0.10892558928932995,2.4722199428542478e-05,4.984763859404695e-06,1.0121444542576326e-06,0.0018462126850252686,0.0,0.0,5.047572304146741e-05,1.7478707303558077e-05,0.09938565651300969,1.9865544732272324e-05,2.940112498286317e-06,2.52793029864066e-07,0.0016883274068606755,0.0,0.0
0.001,0.001,0.001,0.001,76.0,5.0,5.928067428504066e-05,1.7301390479263994e-05,0.10768271345543658,2.5172409416515778e-05,5.0297585488008575e-06,1.008844886916977e-06,0.0018576259174193264,0.0,0.0,4.0796167607744795e-05,1.2098917706512147e-05,0.10101692240714202,1.56887396346192e-05,2.7814118546592845e-06,1.2540642554788691e-07,0.0016876871926209333,0.0,0.0
0.001,0.001,0.001,0.001,77.0,5.0,5.8548438935479864e-05,1.6918078898462097e-05,0.10517753113713953,2.520590275765506e-05,5.0192642813727875e-06,8.874399685270081e-07,0.001860482023057802,0.0,0.0,4.034514888642515e-05,1.1716653236280864e-05,0.10388464217260159,1.5514981125413712e-05,2.6279940806492857e-06,9.705639215587083e-08,0.0016493389693667585,0.0,0.0
0.001,0.001,0.001,0.001,78.0,5.0,5.400987841474913e-05,1.5183635953372129e-05,0.10505996576433214,2.3223510728276017e-05,4.479741648030189e-06,6.169937450857518e-07,0.0017869912679801868,0.0,0.0,4.819432703675316e-05,1.641660631619353e-05,0.10191100815193552,1.8614042942447312e-05,2.5788534846144265e-06,3.937238416106795e-07,0.0016214325625607188,0.0,0.0
0.001,0.001,0.001,0.001,79.0,5.0,6.086356349635874e-05,1.7992053243006913e-05,0.10674523575012722,2.602706029014315e-05,4.977092247206357e-06,1.1928344330877188e-06,0.0018911745302333447,0.0,0.0,4.920057681916997e-05,1.650152090148706e-05,0.1026070488096829,1.962424896235826e-05,2.653910412192784e-06,1.601918983441706e-07,0.0016916684887646443,0.0,0.0
0.001,0.001,0.001,0.001,80.0,5.0,5.577508711799042e-05,1.5702142213645983e-05,0.10475644906623795,2.3921104229313623e-05,4.861444699047672e-06,8.147514779356047e-07,0.0018545571795241418,0.0,0.0,4.138272500563938e-05,1.2300306291369437e-05,0.104458639744344,1.6048200333973886e-05,2.4587201399962824e-06,1.2963444029556899e-07,0.0016518503245587686,0.0,0.0
0.001,0.001,0.001,0.001,81.0,5.0,5.318641841637195e-05,1.4482853398402366e-05,0.10476823922272153,2.2823524119566786e-05,4.7540407986192096e-06,6.491764971063745e-07,0.0018401912570439232,0.0,0.0,4.408838040719224e-05,1.4277874710035387e-05,0.10319949105678186,1.6990561579418403e-05,2.3075681668197094e-06,1.9242690568748524e-07,0.0015566389578698056,0.0,0.0
0.001,0.001,0.001,0.001,82.0,5.0,5.94552214159082e-05,1.746809075094265e-05,0.10625021434036988,2.519827784887933e-05,5.1332519535310026e-06,1.0305796763940697e-06,0.0019087781470793932,0.0,0.0,4.894252113479551e-05,1.6540697484025943e-05,0.10095148833022616,1.9171197949579905e-05,3.0237382720070645e-06,1.1173897357717106e-07,0.0017727908606712634,0.0,0.0
0.001,0.001,0.001,0.001,83.0,5.0,5.400524170782379e-05,1.5021231816178135e-05,0.10496756881785378,2.32235069795492e-05,4.5679614332797575e-06,6.957849415761209e-07,0.001839457400917366,0.0,0.0,3.8821537163536816e-05,1.1096674616142148e-05,0.10175449889903451,1.4870620886863643e-05,2.496372843429483e-06,1.824191530476369e-07,0.0016772487706302722,0.0,0.0
0.001,0.001,0.001,0.001,84.0,5.0,5.612812196337121e-05,1.580440337521461e-05,0.1060509110980867,2.420958454078645e-05,4.694282593238657e-06,8.147606442620249e-07,0.0018166113693239636,0.0,0.0,5.157633015891785e-05,1.7932864562962478e-05,0.10080312381763343,2.0316765450242812e-05,2.9332632830343144e-06,3.1312472299432966e-07,0.0017354311980951058,0.0,0.0
0.001,0.001,0.001,0.001,85.0,5.0,5.578576769154867e-05,1.5697570516687514e-05,0.10556935071977391,2.3973685713206217e-05,4.744509472998491e-06,8.130672447305275e-07,0.0018561084471174656,0.0,0.0,4.160148772045201e-05,1.2438015855547739e-05,0.102375932804139,1.6215393843154734e-05,2.5889511712563237e-06,1.215339192203718e-07,0.0016565007164063335,0.0,0.0
0.001,0.001,0.001,0.001,86.0,5.0,5.977869863717209e-05,1.7590452259460245e-05,0.1061783606955647,2.5463024069061526e-05,5.039219130727015e-06,1.0681673181101626e-06,0.0019044767597200727,0.0,0.0,4.535330383986671e-05,1.4514843685071623e-05,0.10225465476461393,1.7675591773513902e-05,2.748097424101948e-06,1.8930575657937745e-07,0.0017474958984633664,0.0,0.0
0.001,0.001,0.001,0.001,87.0,5.0,5.800143007024964e-05,1.6876772590956023e-05,0.10454202589611705,2.4948016974347552e-05,4.924814892958177e-06,7.976232201560634e-07,0.0019149303131180025,0.0,0.0,4.677099773096639e-05,1.54052337510225e-05,0.10256287586925972,1.830711952683339e-05,2.659294929756768e-06,1.4306201311238725e-07,0.0016904512103147926,0.0,0.0
0.001,0.001,0.001,0.001,88.0,5.0,5.34511211261468e-05,1.4711177674435569e-05,0.10476214829489683,2.3215461139792185e-05,4.43832578725825e-06,6.099420202813373e-07,0.0018244684445901794,0.0,0.0,4.1641726501617264e-05,1.2501699393829192e-05,0.10414627936242878,1.605626043323702e-05,2.4804320180207416e-06,1.8870670083611604e-07,0.001601626982231437,0.0,0.0
0.001,0.001,0.001,0.001,89.0,5.0,6.001252086132458e-05,1.7298272291284043e-05,0.10667831149847921,2.564711615650366e-05,5.21923443060426e-06,1.1800670210803343e-06,0.0019444970087056956,0.0,0.0,4.5835506196142644e-05,1.447784479444564e-05,0.1023676459296778,1.8114520713038256e-05,2.8539207119708062e-06,1.5245546192153728e-07,0.0017603459834807788,0.0,0.0
0.001,0.001,0.001,0.001,90.0,5.0,5.576612886290906e-05,1.58105281466598e-05,0.10454553205510154,2.3988746903212345e-05,4.783488592234779e-06,7.288122910388707e-07,0.0018882044613625403,0.0,0.0,4.055632882711881e-05,1.1974340145315274e-05,0.10285732322658252,1.5381799791502873e-05,2.6526059124750873e-06,2.6185078797162824e-07,0.0016873310120452706,0.0,0.0
0.001,0.001,0.001,0.001,91.0,5.0,5.4599144786330843e-05,1.5125024535477057e-05,0.10500091288716437,2.3518527871230164e-05,4.604330799755247e-06,8.511704580582909e-07,0.001878713709901351,0.0,0.0,5.4701488109787666e-05,1.9949117424557157e-05,0.10160697268945139,2.1267632474867138e-05,2.6663394548199253e-06,6.577016243876958e-07,0.0017023076506149646,0.0,0.0
0.001,0.001,0.001,0.001,92.0,5.0,5.536638914384653e-05,1.558512466398531e-05,0.1048413997099493,2.3543573109598893e-05,4.85678030717706e-06,8.967713651891952e-07,0.0019252393397224295,0.0,0.0,4.305189781975808e-05,1.3175230620019102e-05,0.10056562619984098,1.634685835056515e-05,2.8647962998663435e-06,6.084503106134326e-07,0.0017552736224147813,0.0,0.0
0.001,0.001,0.001,0.001,93.0,5.0,5.4067018276161945e-05,1.5000912466462274e-05,0.10425401682573039,2.3198857651464046e-05,4.6731251399572286e-06,7.687215402695955e-07,0.0019121135517011756,0.0,0.0,4.3685683854710706e-05,1.3856433244573156e-05,0.10173759876702917,1.6615239220145425e-05,2.6087927230970245e-06,4.314592007792044e-07,0.0017287721740711374,0.0,0.0
0.001,0.001,0.001,0.001,94.0,5.0,5.8176345937160306e-05,1.6840279406748628e-05,0.10486139662149019,2.4519690853489782e-05,5.296894485222404e-06,1.0333417417505695e-06,0.001982724595694091,0.0,0.0,4.284415911773844e-05,1.3067883507480608e-05,0.1009888585363881,1.673323208450803e-05,2.8427156585386915e-06,1.0144221032643147e-07,0.0018116367208894564,0.0,0.0
0.001,0.001,0.001,0.001,95.0,5.0,5.4729305216559306e-05,1.5494525700944725e-05,0.1038037422188213,2.3094057096668952e-05,4.94123631392386e-06,8.191121403765655e-07,0.0019550598247744964,0.0,0.0,4.510883911606971e-05,1.4486294916794532e-05,0.0991260943581755,1.75636621235766e-05,2.9257761159593773e-06,2.204966194932698e-07,0.001793778583153039,0.0,0.0
0.001,0.001,0.001,0.001,96.0,5.0,5.249864473491129e-05,1.4392572826361442e-05,0.10418152000267739,2.2357839284008715e-05,4.636310357177435e-06,6.937704132376845e-07,0.001902330169987889,0.0,0.0,3.9263951596473935e-05,1.170122592178996e-05,0.1009328980175915,1.4826061368353982e-05,2.4579523267053752e-06,1.8542246520801617e-07,0.0017117390070229691,0.0,0.0
0.001,0.001,0.001,0.001,97.0,5.0,5.741808553219525e-05,1.6447746676509654e-05,0.10488037623706363,2.436511751210967e-05,5.005029622417638e-06,1.1121543498383435e-06,0.001975062188656744,0.0,0.0,4.205547887483787e-05,1.3005873362414566e-05,0.10199410830887619,1.612633754554823e-05,2.6251488572834348e-06,9.870860731648475e-08,0.0018047208868791392,0.0,0.0
0.001,0.001,0.001,0.001,98.0,5.0,5.5217022287665206e-05,1.5554344375537717e-05,0.10348275818001339,2.3552563191418107e-05,4.924634852784261e-06,8.372044107281948e-07,0.0019684901118321974,0.0,0.0,4.112953782360719e-05,1.2536962794840486e-05,0.10180954685371914,1.5718249945535132e-05,2.607209551048558e-06,8.616078528067792e-08,0.0018106274256062538,0.0,0.0
0.001,0.001,0.001,0.001,99.0,5.0,5.378475466287953e-05,1.4837397050118158e-05,0.10357049445897813,2.3080465920436095e-05,4.748127463583754e-06,7.617150935291955e-07,0.0019583927631436136,0.0,0.0,3.95919626576475e-05,1.1773646837321243e-05,0.1013511764457129,1.48828845865278e-05,2.6212677816262887e-06,1.7904631651111584e-07,0.0017733172724440423,0.0,0.0
0.001,0.001,0.001,0.001,100.0,5.0,5.446810878841996e-05,1.5090450312028163e-05,0.1040752527505825,2.326347812515049e-05,4.837474550261695e-06,8.691807598651976e-07,0.001937195724392822,0.0,0.0,4.5886173355181813e-05,1.5201502470532029e-05,0.10108768347531634,1.723233858365308e-05,2.8849700631197495e-06,4.5859426625276506e-07,0.0017852705071037095,0.0,0.0
0.001,0.001,0.001,0.001,101.0,10.0,7.767335028551728e-05,1.6521020302270295e-05,0.10552224776484727,3.903688739258991e-05,1.0730360878764428e-05,8.328573376799031e-07,0.0017766284954017864,0.0,0.0,5.177618656448446e-05,1.1227796822731447e-05,0.1023635721433534,2.4566218029306057e-05,5.496151048594499e-06,2.496637167515256e-07,0.0015908243528576923,0.0,0.0
0.001,0.001,0.001,0.001,102.0,10.0,7.501906768797531e-05,1.6408688016887385e-05,0.10666874764897552,3.7393419985715055e-05,9.692297024357171e-06,8.577882156699071e-07,0.0017742468376480513,0.0,0.0,5.430391775951705e-05,1.2439273662377648e-05,0.10179507760749969,2.4953883535578216e-05,5.818750474459964e-06,9.125030100974063e-07,0.0016025121587209378,0.0,0.0
0.001,0.001,0.001,0.001,103.0,10.0,7.69184751329878e-05,1.7700358869777323e-05,0.1067309782598481,3.7877623780667334e-05,9.741709545672446e-06,9.256853946335394e-07,0.0018244012399345894,0.0,0.0,4.780412828638363e-05,1.0281027361777693e-05,0.10321533275207434,2.216814625335183e-05,4.883099611313363e-06,1.5032196357805047e-07,0.0016101403713748375,0.0,0.0
0.001,0.001,0.001,0.001,104.0,10.0,7.321745650226324e-05,1.647379247982168e-05,0.10640111494668411,3.532250425143455e-05,9.939092627711158e-06,8.419558655888861e-07,0.0018816980494082687,0.0,0.0,5.552215313296813e-05,1.470274015559487e-05,0.10102208162364663,2.4524748904000528e-05,5.7056879472209365e-06,4.867681791729473e-07,0.001718577362474531,0.0,0.0
0.001,0.001,0.001,0.001,105.0,10.0,7.376142526206947e-05,1.696214908148224e-05,0.10572569951359113,3.540848318116893e-05,9.861655406929144e-06,9.565681888470775e-07,0.0019411817512017028,0.0,0.0,5.204977807309922e-05,1.3165203355383961e-05,0.10089701099585496,2.3773927664337217e-05,4.7112516170856785e-06,3.0969443038953726e-07,0.0017297219905589795,0.0,0.0
0.001,0.001,0.001,0.001,106.0,10.0,7.22000984420389e-05,1.647060241412242e-05,0.10585915622756005,3.4858609997186854e-05,9.386739023965877e-06,8.982317184893789e-07,0.0019582478060715847,0.0,0.0,5.694182234185637e-05,1.5650670094023602e-05,0.10146220327454868,2.5523244430052512e-05,5.20873976552768e-06,4.1294811126135755e-07,0.0018402657263741464,0.0,0.0
0.001,0.001,0.001,0.001,107.0,10.0,7.612079989257719e-05,1.8695803297712175e-05,0.10563481606558964,3.5158240941292055e-05,1.0491724893870383e-05,1.2115494551421481e-06,0.0020922232353945856,0.0,0.0,4.947269912430482e-05,1.2100124625415803e-05,0.09972794078109999,2.2022367328610868e-05,5.149020536614648e-06,2.2839293714710557e-07,0.0019394027920774987,0.0,0.0
0.001,0.001,0.001,0.001,108.0,10.0,7.641584378466451e-05,1.8810865707096417e-05,0.10469430300086943,3.499409810641289e-05,1.0905986933706446e-05,1.235463348033543e-06,0.0022090543402115224,0.0,0.0,5.1640015588978635e-05,1.3059163210808e-05,0.10065678697865726,2.2787587255674584e-05,5.349687307288682e-06,3.778991478035807e-07,0.0020017501701533177,0.0,0.0
0.001,0.001,0.001,0.001,109.0,10.0,7.290610537100841e-05,1.763050748550179e-05,0.1039784549169488,3.423555476081771e-05,9.561512836751425e-06,1.0806847912216313e-06,0.0021761847108361827,0.0,0.0,5.123384209683287e-05,1.3594603565708648e-05,0.09916941976258499,2.271513944503275e-05,4.548288903712016e-06,4.5886848498557057e-07,0.0019001423262033908,0.0,0.0
0.001,0.001,0.001,0.001,110.0,10.0,7.173899024346882e-05,1.7319641272618545e-05,0.10423402678576575,3.3921319014248085e-05,9.075241834067566e-06,9.993855915090433e-07,0.0021033790649305378,0.0,0.0,4.965217042503682e-05,1.3466570081621703e-05,0.09917599349492148,2.174297411552902e-05,4.353637749321443e-06,1.713896000223531e-07,0.0018401184642146049,0.0,0.0
0.001,0.001,0.001,0.001,111.0,10.0,7.005834395190001e-05,1.658540111018562e-05,0.10462448349075273,3.3648247698531384e-05,8.342359878252352e-06,1.0198874369282618e-06,0.0020369911002214723,0.0,0.0,5.334096046042376e-05,1.526255700935879e-05,0.10041959671413198,2.3425842490248677e-05,3.91619707831042e-06,6.94404287667403e-07,0.0016872872196453718,0.0,0.0
0.001,0.001,0.001,0.001,112.0,10.0,7.300910520982176e-05,1.8558666799563933e-05,0.10474727159638558,3.452663703303329e-05,8.31012818698231e-06,1.1389462580784815e-06,0.0020215919149789447,0.0,0.0,4.839437702955891e-05,1.2721555174148528e-05,0.10004022542168112,2.1403673355811323e-05,3.933555155257775e-06,3.315711093062255e-07,0.0017574530177037505,0.0,0.0
0.001,0.001,0.001,0.001,113.0,10.0,7.36841980258669e-05,1.9006660893181643e-05,0.1041989813734275,3.4646164960334624e-05,8.29064252545524e-06,1.320831460078427e-06,0.0020366253915490217,0.0,0.0,4.7357438970437745e-05,1.2316420622347515e-05,0.10011707377784393,2.0870513397589546e-05,3.8313477561861e-06,3.2744996419247734e-07,0.0017405586413053028,0.0,0.0
0.001,0.001,0.001,0.001,114.0,10.0,7.000057468251693e-05,1.730778240675057e-05,0.10421265002049973,3.3893633534157964e-05,7.386051917935007e-06,9.918422073278783e-07,0.0019453584306419632,0.0,0.0,4.8535365878586626e-05,1.3047082106303665e-05,0.1000036757349143,2.163926716710376e-05,3.4538537778475873e-06,3.947953041146301e-07,0.0016316787898057112,0.0,0.0
0.001,0.001,0.001,0.001,115.0,10.0,7.204281585653912e-05,1.8534146318289406e-05,0.1046677854464856,3.434322771287685e-05,7.547983193846763e-06,1.1506807296333362e-06,0.0019544741207090897,0.0,0.0,4.9085354608295095e-05,1.3057552700248792e-05,0.10367052612832674,2.1796011347842038e-05,3.4680297185088268e-06,3.96708455329934e-07,0.0016519978515977833,0.0,0.0
0.001,0.001,0.001,0.001,116.0,10.0,6.927037425759337e-05,1.7265243208853222e-05,0.10449098483247639,3.352128806692899e-05,6.9845719590479705e-06,1.0501729258765822e-06,0.0018933724906531105,0.0,0.0,4.6449752765835365e-05,1.163908293785117e-05,0.10244256716904755,2.0513039705597874e-05,3.839007565508103e-06,2.143663167713372e-07,0.0016329505631481024,0.0,0.0
0.001,0.001,0.001,0.001,117.0,10.0,7.101511763403773e-05,1.7920923261446924e-05,0.10408811793200204,3.457628039115952e-05,7.050509475834368e-06,1.0585928469081072e-06,0.0018962220724802188,0.0,0.0,5.080861308569432e-05,1.472129026696572e-05,0.10221780351907736,2.1875967099401056e-05,3.403094998227524e-06,5.864805894969158e-07,0.001630351948390705,0.0,0.0
0.001,0.001,0.001,0.001,118.0,10.0,6.924608909491117e-05,1.7497915649415568e-05,0.10429229377228695,3.3201808853874215e-05,7.029089282444935e-06,1.0880460914054141e-06,0.0018637333816850028,0.0,0.0,5.381130309004875e-05,1.6913225180483047e-05,0.09790490892519176,2.316124744910034e-05,3.5550687680267894e-06,3.912711293725183e-07,0.0016538706220602648,0.0,0.0
0.001,0.001,0.001,0.001,119.0,10.0,7.031064020998048e-05,1.827868162368467e-05,0.1036964520163598,3.408307300912504e-05,6.5072953988202345e-06,1.0719452216612768e-06,0.0018712300979811917,0.0,0.0,5.143832965671596e-05,1.557139107890463e-05,0.09791594764353083,2.269489080667425e-05,3.207039523928609e-06,1.734133256277472e-07,0.0016546630470571995,0.0,0.0
0.001,0.001,0.001,0.001,120.0,10.0,6.942397231513803e-05,1.7824455029796104e-05,0.1035579467096043,3.375084278549814e-05,6.357941443590694e-06,1.1349383556843137e-06,0.0018728387148795795,0.0,0.0,4.814842972255096e-05,1.3011690525137751e-05,0.10237585474772437,2.1055890406182777e-05,3.364667328040511e-06,4.785962606062756e-07,0.0016188057909709978,0.0,0.0
0.001,0.001,0.001,0.001,121.0,10.0,6.721897180448921e-05,1.7018737792397758e-05,0.10309058026432047,3.27582624358534e-05,6.0933994655850355e-06,1.0395142072210071e-06,0.0018468159826120763,0.0,0.0,4.450781630127768e-05,1.1940255028288932e-05,0.10293783598086413,1.91013161508343e-05,2.9597360596150216e-06,2.1272573801045217e-07,0.001638014252606947,0.0,0.0
0.001,0.001,0.001,0.001,122.0,10.0,6.946096336462137e-05,1.7550174472171797e-05,0.10339088834203727,3.411960470032741e-05,6.337359466500928e-06,1.114736315921951e-06,0.0018601743570063754,0.0,0.0,5.1173954992585296e-05,1.577370792827134e-05,0.09986963223627282,2.1439840075079347e-05,3.3529440082092685e-06,6.204996871995412e-07,0.0016233573247159743,0.0,0.0
0.001,0.001,0.001,0.001,123.0,10.0,7.126271927626661e-05,1.884130639123944e-05,0.10306286129823061,3.453358438980146e-05,6.402060927962399e-06,1.1794815120137265e-06,0.0018838046298788643,0.0,0.0,4.6018112924807565e-05,1.2241118444407218e-05,0.10083070464406459,2.035487502080381e-05,3.10315604502069e-06,2.3589294919411981e-07,0.00166695948712734,0.0,0.0
0.001,0.001,0.001,0.001,124.0,10.0,6.864656847163548e-05,1.763226533767947e-05,0.1024011506861965,3.3433612948860894e-05,6.242423996521289e-06,1.0981518314107998e-06,0.0018960648544827233,0.0,0.0,4.649324417306605e-05,1.3044202477711187e-05,0.09785319480619628,1.99957493080021e-05,3.1210414245341307e-06,5.469319080829585e-07,0.001591793352505998,0.0,0.0
0.001,0.001,0.001,0.001,125.0,10.0,6.77297111108046e-05,1.7546796519081616e-05,0.10191034584177303,3.306615018956665e-05,5.8691885233385045e-06,1.0565414975399541e-06,0.0019054925964033258,0.0,0.0,4.686275116286996e-05,1.2628916816368609e-05,0.09952233860649452,2.084315819579183e-05,2.898211896768035e-06,5.402307865245011e-07,0.0016280939177348952,0.0,0.0
0.001,0.001,0.001,0.001,126.0,10.0,6.82846931488824e-05,1.7386054679462875e-05,0.10140473729726068,3.373884209083352e-05,5.993898327763547e-06,1.0254246017031622e-06,0.0019164397303889538,0.0,0.0,4.774024425818469e-05,1.3323384722639669e-05,0.09846197790546814,2.119248426918832e-05,3.1482527361663967e-06,2.299250298497147e-07,0.0017252953994574482,0.0,0.0
0.001,0.001,0.001,0.001,127.0,10.0,6.871394558438211e-05,1.7604786899669312e-05,0.1008151211443244,3.3770646002707135e-05,6.089989088831239e-06,1.1670119275595129e-06,0.0020002619371694394,0.0,0.0,4.3265864169811204e-05,1.0966662404202797e-05,0.09841684087028141,1.8985830054866253e-05,3.2218667869568995e-06,2.498210719230943e-07,0.0017831438675419682,0.0,0.0
0.001,0.001,0.001,0.001,128.0,10.0,6.555383135943358e-05,1.6687429662803144e-05,0.10038757641071187,3.21309160320528e-05,5.707610059242342e-06,9.891181803939386e-07,0.0019487177499349253,0.0,0.0,4.6181529208243935e-05,1.3065823797698178e-05,0.09670006994248262,2.0306060951609504e-05,2.81653566048393e-06,3.2310212939286756e-07,0.0017101613475995906,0.0,0.0
0.001,0.001,0.001,0.001,129.0,10.0,6.875104646051587e-05,1.8232590236202356e-05,0.09950855813147888,3.3729409906983345e-05,5.7869968841531545e-06,1.0511938281148982e-06,0.0019686375189560397,0.0,0.0,4.64663375496331e-05,1.3053238013325014e-05,0.09869237293112237,2.038989469259215e-05,2.930518623356859e-06,2.2344919842920574e-07,0.0017569786200306303,0.0,0.0
0.001,0.001,0.001,0.001,130.0,10.0,6.606605025288691e-05,1.6775851256859237e-05,0.0993734588016648,3.273320946065024e-05,5.682669907159725e-06,9.36974054965048e-07,0.0019914571206205356,0.0,0.0,4.403185013058888e-05,1.1921860088830311e-05,0.09526323645688259,1.9433121512164685e-05,2.917191364626195e-06,2.3335399112764705e-07,0.0017709382854008912,0.0,0.0
0.001,0.001,0.001,0.001,131.0,10.0,6.79917132569616e-05,1.766937841378269e-05,0.09910818292766126,3.319101299114516e-05,6.1507713164369066e-06,1.0697325090876878e-06,0.002007815325152452,0.0,0.0,4.362835981145946e-05,1.1370416586155396e-05,0.09635617875310376,1.9139675843569888e-05,3.18194618815025e-06,3.0070372038452403e-07,0.001812485368538867,0.0,0.0
0.001,0.001,0.001,0.001,132.0,10.0,6.700538249629078e-05,1.740393662288171e-05,0.09816480999276798,3.2801449651415846e-05,5.878369350757224e-06,1.105146115210355e-06,0.0020007357960878064,0.0,0.0,4.2232355144890796e-05,1.067897645619467e-05,0.09555595517674119,1.8896111869788217e-05,2.8681425749412495e-06,2.3352912417680947e-07,0.0017625213424259454,0.0,0.0
0.001,0.001,0.001,0.001,133.0,10.0,6.515938127590369e-05,1.6337712308584213e-05,0.09800656342029199,3.2418158410513074e-05,5.6843635274103134e-06,9.184908320353095e-07,0.0020210620811110117,0.0,0.0,4.39839218620285e-05,1.1498612726603617e-05,0.09551717737966756,1.9568303244602426e-05,3.0888493416308546e-06,2.764390995974511e-07,0.0018364669840499296,0.0,0.0
0.001,0.001,0.001,0.001,134.0,10.0,6.484036652693745e-05,1.6238453791507212e-05,0.09726561512347767,3.223461925614935e-05,5.700454411187111e-06,9.402774629560732e-07,0.00204561315646953,0.0,0.0,4.452789350696574e-05,1.2184548082448374e-05,0.09392441688008787,1.9724867941753926e-05,2.910413529726945e-06,3.156225180850059e-07,0.0017705857226057913,0.0,0.0
0.001,0.001,0.001,0.001,135.0,10.0,6.408818341544063e-05,1.601099648176034e-05,0.09702954742846073,3.181781395872623e-05,5.591531541440364e-06,9.648869060036787e-07,0.0020090201513137916,0.0,0.0,4.569534967640563e-05,1.2471710765740055e-05,0.09568066219557528,2.0505408411708103e-05,2.869703143836427e-06,2.804620303963945e-07,0.001707205322899801,0.0,0.0
0.001,0.001,0.001,0.001,136.0,10.0,6.536500530492465e-05,1.68828671595417e-05,0.09670800867248389,3.201960788816469e-05,5.706813888351813e-06,1.0849157521785085e-06,0.0020405246624941183,0.0,0.0,4.648125541531787e-05,1.297735470839505e-05,0.09469353309655272,2.03907883922977e-05,3.1682443243067973e-06,4.7551480719319564e-07,0.0017944989676803196,0.0,0.0
0.001,0.001,0.001,0.001,137.0,10.0,6.445769990285141e-05,1.6512699904436468e-05,0.09616907908198338,3.1894946116631264e-05,5.479276156127204e-06,9.53870000550503e-07,0.002023312695003825,0.0,0.0,4.300675119373466e-05,1.1146039551777402e-05,0.0947011531069617,1.9337821405633332e-05,2.780529225347894e-06,2.722457708159709e-07,0.0017879186250482103,0.0,0.0
0.001,0.001,0.001,0.001,138.0,10.0,6.534166329549544e-05,1.6749280411279335e-05,0.09592399775944872,3.2387207036435135e-05,5.619330973456828e-06,9.934453161838635e-07,0.0020348336798676034,0.0,0.0,4.644493321808793e-05,1.3204715235503113e-05,0.09222168140242257,1.989944949764007e-05,3.3195276816606633e-06,7.99072898694579e-07,0.001819545165458404,0.0,0.0
0.001,0.001,0.001,0.001,139.0,10.0,6.510238764746175e-05,1.6694052295397016e-05,0.09613347510774235,3.225079884491886e-05,5.558296168100747e-06,9.858928416312834e-07,0.0020448292788542866,0.0,0.0,4.150707688297195e-05,1.0706994453043061e-05,0.09262655703769836,1.8411383409209987e-05,2.9023511099755168e-06,2.2369245064496162e-07,0.0018146134809039816,0.0,0.0
0.001,0.001,0.001,0.001,140.0,10.0,6.426978589860129e-05,1.6471362700102413e-05,0.09566350984778159,3.164819027936758e-05,5.525830097836872e-06,1.0580520270407984e-06,0.002058273448130161,0.0,0.0,4.524672535855555e-05,1.2905870899983044e-05,0.09363509394924534,1.948837997443507e-05,2.9451150421141158e-06,5.438501707478193e-07,0.0017686968062646609,0.0,0.0
0.001,0.001,0.001,0.001,141.0,10.0,6.29765466775827e-05,1.59313683829598e-05,0.09525531317374265,3.1075060126867776e-05,5.417114444554293e-06,1.0274728650698813e-06,0.002054045612235944,0.0,0.0,4.394001257817332e-05,1.1875840442107204e-05,0.09499412102167169,1.927178140136159e-05,2.988259570052112e-06,3.0471921718541367e-07,0.001859581355363208,0.0,0.0
0.001,0.001,0.001,0.001,142.0,10.0,6.247100089993149e-05,1.5513394722616506e-05,0.09517453477466445,3.098426051181902e-05,5.475164315031116e-06,9.80727953691291e-07,0.002098149756370489,0.0,0.0,4.3013521919174406e-05,1.1794589111411706e-05,0.09254081949436953,1.8636946019497628e-05,3.0102660962036484e-06,3.1763931742307405e-07,0.0018508073810977817,0.0,0.0
0.001,0.001,0.001,0.001,143.0,10.0,6.34022756762164e-05,1.6528346793602466e-05,0.09518567917686412,3.110648242743127e-05,5.198254089239985e-06,1.0506245197834932e-06,0.0020544740563426425,0.0,0.0,4.229324756492901e-05,1.1377184544559792e-05,0.09319771805642797,1.8389686459545924e-05,2.892422476675149e-06,3.141825814967397e-07,0.0018743108095968573,0.0,0.0
0.001,0.001,0.001,0.001,144.0,10.0,6.434521083877131e-05,1.6298754481733988e-05,0.09526736515853321,3.213705416597762e-05,5.341161353387414e-06,1.0415048601135974e-06,0.002072473225943489,0.0,0.0,4.1989654463322695e-05,1.116993224666494e-05,0.09365720866460701,1.808335330137965e-05,2.9425316417876975e-06,4.281163970874999e-07,0.001820178066821814,0.0,0.0
0.001,0.001,0.001,0.001,145.0,10.0,6.225322913364515e-05,1.567922231136749e-05,0.09501129561886629,3.0787832433574113e-05,5.239762093192362e-06,1.0452829930774476e-06,0.0020663794788183614,0.0,0.0,4.091489364141896e-05,1.0747356177285007e-05,0.09321304964977978,1.7797953679074675e-05,2.8215500694381213e-06,2.2672882889875024e-07,0.0018657715906546964,0.0,0.0
0.001,0.001,0.001,0.001,146.0,10.0,6.443772045617477e-05,1.637937370074594e-05,0.09463499717524868,3.195651721272041e-05,5.493296884546119e-06,1.1450333670744007e-06,0.0021198762815262217,0.0,0.0,4.270769563357742e-05,1.1792241995114155e-05,0.09224647876506858,1.846357825824645e-05,3.0113329477488555e-06,2.1589469729382517e-07,0.0019266627165795043,0.0,0.0
0.001,0.001,0.001,0.001,147.0,10.0,6.308385158933599e-05,1.618631494137361e-05,0.09444091028366157,3.093808436732142e-05,5.4727855154489796e-06,1.0425759888412114e-06,0.0021244493368453086,0.0,0.0,4.322124106164379e-05,1.1280236052836925e-05,0.09393481018221501,1.909649761171334e-05,2.8605002720154246e-06,5.905262505825625e-07,0.001808890910129543,0.0,0.0
0.001,0.001,0.001,0.001,148.0,10.0,6.271871911864166e-05,1.6067495027285877e-05,0.0946463085561069,3.107041251416225e-05,5.136133062711909e-06,9.800478753614163e-07,0.002118962175727731,0.0,0.0,4.0815363343640726e-05,1.0260485879500145e-05,0.09376776777852365,1.807290417418447e-05,2.9050148673747184e-06,2.001822356997987e-07,0.00192895575279892,0.0,0.0
0.001,0.001,0.001,0.001,149.0,10.0,6.194425897338769e-05,1.5769196014918765e-05,0.09428565319461389,3.050884895959865e-05,5.280108267687766e-06,9.575405256381496e-07,0.0021327982551830136,0.0,0.0,4.457055065264461e-05,1.214584378799231e-05,0.09312973834032831,1.9977223279358603e-05,2.7692727162604987e-06,3.652375528968638e-07,0.0018047532586342168,0.0,0.0
0.001,0.001,0.001,0.001,150.0,10.0,6.193290217542225e-05,1.5458527771622697e-05,0.09465192763140322,3.083784356265366e-05,5.202619098494315e-06,9.687194425153352e-07,0.0020830666789301167,0.0,0.0,3.921766450585738e-05,1.0011349094160618e-05,0.09131783458394575,1.6961808324566718e-05,2.748141888398699e-06,3.645820557347393e-07,0.0018453179245531096,0.0,0.0
0.0002,0.0002,0.0002,0.0002,151.0,10.0,4.591649670911523e-05,8.455645372331064e-06,0.09361117004185769,2.3839643511095342e-05,4.089762125827885e-06,1.7032885522564642e-07,0.0019904565523848703,0.0,0.0,3.071662588377832e-05,5.59556254225049e-06,0.09417741753444539,1.3342063701384806e-05,2.2165743736996037e-06,1.4468370338790666e-07,0.001918590650974312,0.0,0.0
0.0002,0.0002,0.0002,0.0002,152.0,10.0,4.2878609765701885e-05,7.0248165423682486e-06,0.09445593433787657,2.2489543887020864e-05,3.743678627140061e-06,1.7497732308982247e-07,0.0019437406048171024,0.0,0.0,2.9111218713340753e-05,4.9011654487176485e-06,0.09424517631118273,1.2560707058280804e-05,2.1307717647970475e-06,9.405712732467247e-08,0.0018394669279404577,0.0,0.0
0.0002,0.0002,0.0002,0.0002,153.0,10.0,4.157866032053432e-05,6.234619103865374e-06,0.09507765697443081,2.1997206922345818e-05,3.642483337067416e-06,1.9658537292267572e-07,0.0019186200208112475,0.0,0.0,2.934612368467541e-05,4.670974592979911e-06,0.09502804181361281,1.2904012831810827e-05,2.145791345534962e-06,1.2254111653886723e-07,0.0018139018968817582,0.0,0.0
0.0002,0.0002,0.0002,0.0002,154.0,10.0,4.084445565475515e-05,5.830455585278258e-06,0.09552015649264817,2.17313375061541e-05,3.535670176841676e-06,1.949769636946443e-07,0.0018957678666039716,0.0,0.0,2.9656274903960007e-05,4.9062411199289295e-06,0.09476695511374095,1.3090645292020617e-05,2.080664781665354e-06,1.0202839147477096e-07,0.001787585094748355,0.0,0.0
0.0002,0.0002,0.0002,0.0002,155.0,10.0,4.021053122298196e-05,5.6142234838304e-06,0.0959074149393629,2.1430660431177834e-05,3.386891956752204e-06,1.8801404244572486e-07,0.001871817731155491,0.0,0.0,2.954375377094762e-05,4.650771201196067e-06,0.09530678502312993,1.3151099852907354e-05,2.095535428417018e-06,1.1566897287581946e-07,0.0017812076406585613,0.0,0.0
0.0002,0.0002,0.0002,0.0002,156.0,10.0,3.9563382937827255e-05,5.386358158462568e-06,0.0961357074233264,2.113314966527325e-05,3.2455250863966416e-06,1.8477950871767593e-07,0.0018432209557161052,0.0,0.0,2.9595846735334965e-05,4.766676629294839e-06,0.09576921301626416,1.312633562095354e-05,2.013224567298876e-06,1.1268900795355335e-07,0.0017408620236621956,0.0,0.0
0.0002,0.0002,0.0002,0.0002,157.0,10.0,3.935874226466823e-05,5.260056873374153e-06,0.09655740575289881,2.1088314642584155e-05,3.1761717663313483e-06,1.7845871267881772e-07,0.0018121051414120588,0.0,0.0,2.9548181194302894e-05,4.4354388461580475e-06,0.09670247529410986,1.3292095785923219e-05,2.000142514333939e-06,1.5025692964210542e-07,0.0017159944013482972,0.0,0.0
0.0002,0.0002,0.0002,0.0002,158.0,10.0,3.933092560242899e-05,5.221069457839269e-06,0.09694265084065604,2.117236581338231e-05,3.0607885229026433e-06,1.8243706283960404e-07,0.0017866021890254305,0.0,0.0,2.9284353828836906e-05,4.299888240450046e-06,0.0964612896621846,1.3258830940890142e-05,1.971128975517575e-06,1.0837677132041891e-07,0.0016929173175806252,0.0,0.0
0.0002,0.0002,0.0002,0.0002,159.0,10.0,3.918225531841541e-05,5.172807390080639e-06,0.09731539413552305,2.106959237485093e-05,3.0353272437710255e-06,1.7298915210241413e-07,0.0017641985370888966,0.0,0.0,2.9337103882690516e-05,4.170345556511506e-06,0.09717170442986241,1.338170557079818e-05,1.9551817038405986e-06,1.1270083443337187e-07,0.0016576792955379225,0.0,0.0
0.0002,0.0002,0.0002,0.0002,160.0,10.0,3.909684838073548e-05,5.083404109244205e-06,0.09747784740711475,2.114658541831741e-05,2.954647488091045e-06,1.6442701469305683e-07,0.0017365631919476663,0.0,0.0,2.9079276976180842e-05,4.079926728106949e-06,0.09739469466118664,1.322386444897215e-05,1.8894004155548241e-06,1.4661603461027412e-07,0.0016457696737734453,0.0,0.0
0.0002,0.0002,0.0002,0.0002,161.0,10.0,3.896817167905062e-05,4.982915440504473e-06,0.0977702493789449,2.114033397261917e-05,2.909217373807569e-06,1.5868018040427592e-07,0.0017235838101193615,0.0,0.0,2.904181857459923e-05,4.016799564719505e-06,0.09763069391559977,1.3248944145378679e-05,1.8685503897074992e-06,1.4445565243492912e-07,0.0016275554070423219,0.0,0.0
0.0002,0.0002,0.0002,0.0002,162.0,10.0,3.901136259911929e-05,4.998883967935458e-06,0.09800227742434572,2.1217328669788316e-05,2.8338350689712313e-06,1.6108753137886475e-07,0.0017028112392227053,0.0,0.0,2.963294835378912e-05,4.190377103362602e-06,0.09759839747913156,1.3631105735496783e-05,1.914179818997462e-06,1.3744650568326892e-07,0.0016131527914430392,0.0,0.0
0.0002,0.0002,0.0002,0.0002,163.0,10.0,3.924324064400213e-05,5.11834405436601e-06,0.09821029067609438,2.1269722779691037e-05,2.8766326568474395e-06,1.5751243412487796e-07,0.0016899344518550073,0.0,0.0,2.947696382220642e-05,4.0462180362844854e-06,0.09831518483925031,1.3550582244458341e-05,1.90430654472088e-06,1.4433879515060328e-07,0.0016122503817616398,0.0,0.0
0.0002,0.0002,0.0002,0.0002,164.0,10.0,3.9211826188269573e-05,5.043165911765592e-06,0.09827447018062163,2.134703255898049e-05,2.8390046763606034e-06,1.5517634488599158e-07,0.0016710490362858521,0.0,0.0,2.970361834854491e-05,4.203465027156161e-06,0.09783135993876672,1.3741560482778437e-05,1.8706318650794155e-06,1.0482525772125423e-07,0.0015799775929109653,0.0,0.0
0.0002,0.0002,0.0002,0.0002,165.0,10.0,3.951720557608421e-05,5.030432953414071e-06,0.0985881651707849,2.159301311412856e-05,2.8811272291654253e-06,1.538161129191917e-07,0.0016519023378048759,0.0,0.0,2.990848895360834e-05,3.969810625984883e-06,0.09863758213482926,1.4057116555676529e-05,1.9112789658296366e-06,1.0652479635948873e-07,0.001557255006285713,0.0,0.0
0.0002,0.0002,0.0002,0.0002,166.0,10.0,3.9185145129649534e-05,4.936790334723998e-06,0.09882996451387477,2.142025765436327e-05,2.799301543385768e-06,1.457993988265489e-07,0.0016298262613579795,0.0,0.0,2.9975473348540333e-05,4.250031758151809e-06,0.09847414619885514,1.3918835061130893e-05,1.8694127037815476e-06,8.977941817583147e-08,0.001533831538597064,0.0,0.0
0.0002,0.0002,0.0002,0.0002,167.0,10.0,3.907126191968672e-05,4.955999741439432e-06,0.09882081069847369,2.1323416011668543e-05,2.767950701348812e-06,1.4181472054885762e-07,0.0016115159220953872,0.0,0.0,2.989636033193964e-05,4.19514347989405e-06,0.09877968667184606,1.3803206901461021e-05,1.918238454249256e-06,1.0180315626251357e-07,0.0015113127903664762,0.0,0.0
0.0002,0.0002,0.0002,0.0002,168.0,10.0,3.900020448642672e-05,4.931299814189815e-06,0.09911924141261763,2.129863038240963e-05,2.7184821931605953e-06,1.398681542087672e-07,0.0015914808153858196,0.0,0.0,2.977451892066336e-05,4.1646668753645066e-06,0.09882670017055986,1.3809526279927133e-05,1.818339730498471e-06,9.931624220604973e-08,0.001486409314550382,0.0,0.0
0.0002,0.0002,0.0002,0.0002,169.0,10.0,3.925414648943118e-05,5.042964731763577e-06,0.09935280717123444,2.1394863871711557e-05,2.7461627895195443e-06,1.348746046904193e-07,0.0015804772684238663,0.0,0.0,3.0616760413599675e-05,4.312309870470662e-06,0.09886175146564893,1.4386361436478045e-05,1.952644877303988e-06,7.926930217187675e-08,0.0014885179472887392,0.0,0.0
0.0002,0.0002,0.0002,0.0002,170.0,10.0,3.930414954068642e-05,4.940048700696833e-06,0.0993474250848172,2.157583732783776e-05,2.7174907940024785e-06,1.3603047622131366e-07,0.0015719906105439655,0.0,0.0,3.084258690952653e-05,4.291965331953915e-06,0.09935290485001766,1.4588753150004224e-05,1.9115154088578074e-06,1.1506276657958592e-07,0.0014702215807667087,0.0,0.0
0.0002,0.0002,0.0002,0.0002,171.0,10.0,3.903025608794527e-05,4.852891028094055e-06,0.09950575690476712,2.1431605209586655e-05,2.664788763681343e-06,1.3039557004982994e-07,0.0015453108236467763,0.0,0.0,3.055803147375231e-05,4.194510569139871e-06,0.09901399902715816,1.4440649327071574e-05,1.9287178362311936e-06,9.275408667812447e-08,0.0014470135196914516,0.0,0.0
0.0002,0.0002,0.0002,0.0002,172.0,10.0,3.9031508509391936e-05,4.907183700632378e-06,0.09990377413396083,2.1383786126256294e-05,2.620875123317165e-06,1.2928660406649013e-07,0.001527702308709629,0.0,0.0,3.162663063269764e-05,4.93603199417008e-06,0.09972849921371697,1.4811528181060215e-05,1.8286914079867544e-06,7.752950918553674e-08,0.0014223403677627907,0.0,0.0
0.0002,0.0002,0.0002,0.0002,173.0,10.0,3.891924840419717e-05,4.985727429396237e-06,0.09991976644285643,2.1207601695860446e-05,2.6070554970720264e-06,1.268874319879006e-07,0.001523555473049837,0.0,0.0,3.03881298636842e-05,4.332658356556324e-06,0.09956797748597848,1.4137922930250865e-05,1.8706373744901055e-06,9.011374675142069e-08,0.0014322587412985035,0.0,0.0
0.0002,0.0002,0.0002,0.0002,174.0,10.0,3.898110762926913e-05,4.941760491135656e-06,0.09995093914559658,2.1290131261116022e-05,2.6280624294670454e-06,1.260597402615911e-07,0.0015138783225362156,0.0,0.0,2.9438629561491797e-05,4.068404655220997e-06,0.0993756769953302,1.353106984678149e-05,1.8249315187563454e-06,7.665605177302571e-08,0.0014147467276397255,0.0,0.0
0.0002,0.0002,0.0002,0.0002,175.0,10.0,3.8756513770567864e-05,4.825331577078565e-06,0.10011993914883661,2.1197401315064988e-05,2.5956776188726416e-06,1.2610945190038647e-07,0.0014957115728327496,0.0,0.0,3.0451468050298216e-05,4.090265663646253e-06,0.0998433424372574,1.4363444805639778e-05,1.9209914231409376e-06,9.24322769804342e-08,0.0014175419541797682,0.0,0.0
0.0002,0.0002,0.0002,0.0002,176.0,10.0,3.8784913613162174e-05,5.007675399858279e-06,0.10026299133315207,2.1131440169735647e-05,2.4949415604288697e-06,1.2455749012347006e-07,0.0014719536289959523,0.0,0.0,3.097929818467898e-05,4.585611513053431e-06,0.10014022051463077,1.4463756278330547e-05,1.8263707553985513e-06,8.953785813358185e-08,0.001386651380155171,0.0,0.0
0.0002,0.0002,0.0002,0.0002,177.0,10.0,3.87120370761147e-05,4.970636123890819e-06,0.10022013429749041,2.1105028947956556e-05,2.4934978429622505e-06,1.2086098638501498e-07,0.0014597504831127426,0.0,0.0,3.0477826235837838e-05,4.356391483902827e-06,0.10038397592656753,1.4126258756685363e-05,1.8412096844075957e-06,1.1556907558276736e-07,0.0013945834484808534,0.0,0.0
0.0002,0.0002,0.0002,0.0002,178.0,10.0,3.8638247870113234e-05,4.808241036981046e-06,0.10045757889667119,2.1176906982165118e-05,2.4865590525776123e-06,1.2078309830444925e-07,0.0014563922799679125,0.0,0.0,3.16438253255306e-05,4.769403989906703e-06,0.1002393115350532,1.488144201279453e-05,1.850030021311361e-06,1.1901836703730382e-07,0.0013618651760587384,0.0,0.0
0.0002,0.0002,0.0002,0.0002,179.0,10.0,3.901959598242758e-05,4.921512343841562e-06,0.1005832592532506,2.1390272070991913e-05,2.530936096711934e-06,1.1854985125500021e-07,0.0014481647015833488,0.0,0.0,3.161212772633083e-05,4.661653313170382e-06,0.10023889486971198,1.4962258680944932e-05,1.8605099521814155e-06,1.0381666182932831e-07,0.0013570339377859935,0.0,0.0
0.0002,0.0002,0.0002,0.0002,180.0,10.0,3.848978877892074e-05,4.776453113110884e-06,0.10062442060028379,2.105230403782307e-05,2.4850826452893284e-06,1.135071850613287e-07,0.0014418862311876958,0.0,0.0,3.132186190376343e-05,4.695902698019529e-06,0.10046391171051969,1.4615321247471744e-05,1.8592629903458202e-06,1.0498377051199835e-07,0.001339900447941904,0.0,0.0
0.0002,0.0002,0.0002,0.0002,181.0,10.0,3.867296149946351e-05,4.8432714863208205e-06,0.1007383177170365,2.1125283219261894e-05,2.512391217682979e-06,1.1818407590013538e-07,0.001425633037055847,0.0,0.0,3.309335788106868e-05,5.11048143414939e-06,0.10065913630913698,1.5872846087102354e-05,1.936074854429228e-06,1.0804237481301035e-07,0.001350145632720143,0.0,0.0
0.0002,0.0002,0.0002,0.0002,182.0,10.0,3.93229996453794e-05,5.061855321291132e-06,0.10091280759448334,2.1518135792016828e-05,2.5341190671591776e-06,1.1760903594459276e-07,0.0014307495098018572,0.0,0.0,3.134256963474897e-05,4.709311933860414e-06,0.10117143276550365,1.4542007062090178e-05,1.8488496352894476e-06,1.2525809708022533e-07,0.001327972398719599,0.0,0.0
0.0002,0.0002,0.0002,0.0002,183.0,10.0,3.90172934449994e-05,4.993864329174905e-06,0.1008126622663673,2.1357977120666188e-05,2.4700598644370596e-06,1.1412619518323496e-07,0.0014075255916273248,0.0,0.0,3.20113096400293e-05,4.729701585202593e-06,0.10082873952120645,1.5077189268406425e-05,2.020264961826913e-06,1.0128027993511835e-07,0.00132755374223329,0.0,0.0
0.0002,0.0002,0.0002,0.0002,184.0,10.0,3.836929302710962e-05,4.684198026966895e-06,0.1008977230807016,2.1021628740897478e-05,2.467640013936912e-06,1.0605414546487437e-07,0.0014044921298293142,0.0,0.0,3.25279110080581e-05,4.835221593613735e-06,0.10084057573525551,1.5458227980709194e-05,2.0382630081435764e-06,1.1214141713042559e-07,0.001317374624560062,0.0,0.0
0.0002,0.0002,0.0002,0.0002,185.0,10.0,3.8820660915509764e-05,4.835918407604567e-06,0.1011808348167001,2.1275303444340183e-05,2.4796354164325595e-06,1.1172046351137699e-07,0.0014026590407696475,0.0,0.0,3.652558408723499e-05,6.6112634606797276e-06,0.10055170997100718,1.7622184455677097e-05,2.1024841330352575e-06,1.344812058959301e-07,0.0013359290874759735,0.0,0.0
0.0002,0.0002,0.0002,0.0002,186.0,10.0,3.887651281627212e-05,4.991459943964737e-06,0.10093159395583023,2.1187108494516338e-05,2.4992318665361218e-06,1.055533335560711e-07,0.0014007127655147845,0.0,0.0,3.325197690409837e-05,5.136701980726115e-06,0.10031758511767667,1.5915025348782036e-05,2.0704031555113955e-06,9.808823760147216e-08,0.0013312326694248971,0.0,0.0
0.0002,0.0002,0.0002,0.0002,187.0,10.0,3.856305295090884e-05,4.9080132030383045e-06,0.10121111123276756,2.0951560210038894e-05,2.4734236601932596e-06,1.0894512972077819e-07,0.0013925492457011245,0.0,0.0,3.534819812387604e-05,5.801737617233164e-06,0.10087332714697068,1.7163815368646273e-05,2.1919898411752916e-06,1.0332294974081548e-07,0.0013271013804901533,0.0,0.0
0.0002,0.0002,0.0002,0.0002,188.0,10.0,3.8269381502417875e-05,4.673566825402597e-06,0.10124607808244553,2.0913533264441798e-05,2.461730294830618e-06,9.594349209744802e-08,0.001387527430004556,0.0,0.0,3.3432109989681054e-05,4.974716902463341e-06,0.10107424512350847,1.607510530943712e-05,2.200969629081247e-06,7.3893739465645e-08,0.0013011297953047607,0.0,0.0
0.0002,0.0002,0.0002,0.0002,189.0,10.0,3.884646804241267e-05,4.971584712149138e-06,0.10126356331372982,2.11362617877114e-05,2.508040765997357e-06,1.0422475383697652e-07,0.0013967654872192098,0.0,0.0,3.3710993611937385e-05,4.983744979197827e-06,0.10150608477089232,1.6256755035261877e-05,2.2426923694380726e-06,7.719323957437995e-08,0.0013078379720307654,0.0,0.0
0.0002,0.0002,0.0002,0.0002,190.0,10.0,3.814974651598715e-05,4.6388478528292934e-06,0.1012722095534222,2.079799946042335e-05,2.4831039556985083e-06,1.0257457104204414e-07,0.0013852104098260837,0.0,0.0,3.5182767850966203e-05,5.458389192256753e-06,0.10142551532666164,1.713759316475935e-05,2.341468596017904e-06,1.0276580074106155e-07,0.00130130985677629,0.0,0.0
0.0002,0.0002,0.0002,0.0002,191.0,10.0,3.874003995774421e-05,4.759630764406159e-06,0.10121729170360634,2.1182087326411247e-05,2.5718768163937603e-06,1.047162519958968e-07,0.0013814753815074886,0.0,0.0,3.8064706840074644e-05,7.002173590873984e-06,0.10113295974615949,1.8537580310363523e-05,2.309160582830417e-06,1.024965850724647e-07,0.001302211994956212,0.0,0.0
0.0002,0.0002,0.0002,0.0002,192.0,10.0,3.869639467013038e-05,4.929982870578511e-06,0.10128523354102584,2.1052105059465963e-05,2.4898448443354186e-06,9.593875109744032e-08,0.0013637954156815318,0.0,0.0,3.4304167825070446e-05,5.288167048247078e-06,0.10161455839253627,1.6574734337205302e-05,2.1970552495187385e-06,8.275561718095446e-08,0.0012920303979186039,0.0,0.0
0.0002,0.0002,0.0002,0.0002,193.0,10.0,3.857834195301299e-05,4.882626150318186e-06,0.10141731561130257,2.0957187299674478e-05,2.4986457470641506e-06,9.815141805319139e-08,0.0013649387220762746,0.0,0.0,3.5836919067144736e-05,5.902108008029239e-06,0.10137854356666749,1.7442281409313153e-05,2.255064343683618e-06,9.961133114510847e-08,0.0012956897475979061,0.0,0.0
0.0002,0.0002,0.0002,0.0002,194.0,10.0,3.821085772363961e-05,4.784265367526176e-06,0.10138477033857929,2.079905085467471e-05,2.397442649596829e-06,9.162222294572059e-08,0.0013485195446822959,0.0,0.0,3.422363747899106e-05,5.145599110285928e-06,0.10130096703870899,1.6651670289808254e-05,2.2252171521940246e-06,7.105469175130833e-08,0.001274135016117593,0.0,0.0
0.0002,0.0002,0.0002,0.0002,195.0,10.0,3.830225844901866e-05,4.703852827592282e-06,0.10179925626946057,2.0851909781300606e-05,2.4671350571776983e-06,9.943531628088132e-08,0.0013482880319930376,0.0,0.0,3.393601558584507e-05,5.019812392816411e-06,0.10091815453190292,1.6535312037987097e-05,2.2402806434158e-06,4.8795515054919105e-08,0.0012591462965029902,0.0,0.0
0.0002,0.0002,0.0002,0.0002,196.0,10.0,3.8667239568159684e-05,4.974663075458787e-06,0.10160074286559925,2.1012634985624718e-05,2.422573610714003e-06,9.729387466175954e-08,0.0013293638133710628,0.0,0.0,3.4760803702367136e-05,5.089773687428646e-06,0.10203392633517308,1.7074433446024793e-05,2.2966897690170453e-06,9.651445497168938e-08,0.0012545251999707783,0.0,0.0
0.0002,0.0002,0.0002,0.0002,197.0,10.0,3.843169286284864e-05,4.673087426645061e-06,0.10184133281127125,2.097974876134761e-05,2.505427414680101e-06,8.929635790339e-08,0.0013253330776447744,0.0,0.0,3.618341300236327e-05,6.240434387364327e-06,0.10160382089420998,1.7420786758492667e-05,2.2443508808716056e-06,1.1745914711611482e-07,0.0012506093607512932,0.0,0.0
0.0002,0.0002,0.0002,0.0002,198.0,10.0,3.868825960039627e-05,4.9622581353224445e-06,0.10172467359779482,2.099988237082786e-05,2.4633292144674327e-06,9.032274164006047e-08,0.001326342737879025,0.0,0.0,3.6358617045218726e-05,6.348800520581507e-06,0.10159520150055935,1.74699091853355e-05,2.2870499840744435e-06,9.333744179704468e-08,0.0012588383380974608,0.0,0.0
0.0002,0.0002,0.0002,0.0002,199.0,10.0,3.876381801363679e-05,4.931695021955617e-06,0.10172342943032998,2.1122887456084103e-05,2.4446815320656594e-06,9.221129844590596e-08,0.0013158381802748959,0.0,0.0,3.5527727408829074e-05,5.963921044410316e-06,0.1018819960807434,1.7180046546647306e-05,2.1086558035086646e-06,8.690489511565049e-08,0.0012314301729363399,0.0,0.0
0.0002,0.0002,0.0002,0.0002,200.0,10.0,3.849239991789262e-05,4.757770726502916e-06,0.10205175197123516,2.0990330287957775e-05,2.4451248296709046e-06,9.399923741940971e-08,0.0013117694547584277,0.0,0.0,3.32108713626748e-05,4.854949466792696e-06,0.10202439657853961,1.60343300979054e-05,2.065304324565316e-06,5.3848023027859646e-08,0.0012270325805289369,0.0,0.0
0.0002,0.0002,0.0002,0.0002,201.0,10.0,3.890641827837091e-05,4.966565345885688e-06,0.1018694539416735,2.1245913592208284e-05,2.414893084025505e-06,9.210107201522008e-08,0.0012916543343557518,0.0,0.0,3.4754848696116626e-05,5.330215845822806e-06,0.10202367879630785,1.7074982346139694e-05,2.0666870224369324e-06,8.05959591937161e-08,0.001203172044001945,0.0,0.0
0.0002,0.0002,0.0002,0.0002,202.0,10.0,3.9211123328523535e-05,5.161915848636707e-06,0.10182776253657674,2.1333888981741875e-05,2.440756523162788e-06,9.178613576451067e-08,0.0013019766237724897,0.0,0.0,3.367925659290843e-05,4.829845348958581e-06,0.10135441964369744,1.64429283855359e-05,2.1630943649105888e-06,1.079466043472503e-07,0.0012218418763144826,0.0,0.0
0.0002,0.0002,0.0002,0.0002,203.0,10.0,3.797256741019186e-05,4.6694667423141906e-06,0.1019658847610071,2.0626224196909717e-05,2.3968727618728205e-06,8.34156563436616e-08,0.0012877665331609786,0.0,0.0,3.33308564984118e-05,4.657914628280831e-06,0.10160587748647974,1.629182705688864e-05,2.0995304194954506e-06,1.2099691399986414e-07,0.0012005259199100175,0.0,0.0
0.0002,0.0002,0.0002,0.0002,204.0,10.0,3.878843468766598e-05,4.93848624771084e-06,0.10206596015618373,2.109999303606801e-05,2.451975029123546e-06,9.138444749427301e-08,0.0012877333392254657,0.0,0.0,3.5262991983711776e-05,5.782347962789805e-06,0.10204977480288607,1.705960303266145e-05,2.10123810375627e-06,1.1482547092471854e-07,0.0011935483186528294,0.0,0.0
0.0002,0.0002,0.0002,0.0002,205.0,10.0,3.926989180714488e-05,5.000649813623523e-06,0.1020950231948576,2.15125452230856e-05,2.4633118679659942e-06,8.388279655482299e-08,0.0012880095839762056,0.0,0.0,3.332227983434542e-05,4.928830960902516e-06,0.10171491162896569,1.61059507758289e-05,2.0533495790473083e-06,6.2657756175382e-08,0.0011890354766881021,0.0,0.0
0.0002,0.0002,0.0002,0.0002,206.0,10.0,3.8921318125918426e-05,4.920065623902825e-06,0.102163720815502,2.1273877307661218e-05,2.427767249092076e-06,8.323600540613476e-08,0.0012660653060883004,0.0,0.0,3.4557663610810896e-05,5.40819831173007e-06,0.10190684740209249,1.684612829380196e-05,1.994816059080145e-06,1.1783648538439719e-07,0.0011811696889626577,0.0,0.0
0.0002,0.0002,0.0002,0.0002,207.0,10.0,3.867274042560072e-05,4.909217465117868e-06,0.10221958137216065,2.103778820561348e-05,2.4219180056140443e-06,8.185879029449235e-08,0.0012651730768233824,0.0,0.0,3.3246012378050374e-05,4.940974167923751e-06,0.10144853254193666,1.619301853992775e-05,1.9222021166871233e-06,4.496464460898738e-08,0.0011698499528987648,0.0,0.0
0.0002,0.0002,0.0002,0.0002,208.0,10.0,3.893118139134066e-05,4.86347591664828e-06,0.10239785992246866,2.1359743125646647e-05,2.3832765233712276e-06,8.49000999480185e-08,0.0012475628216027995,0.0,0.0,3.4567947915694183e-05,5.440412149091634e-06,0.10213478069404418,1.689895159620313e-05,1.966798770979691e-06,4.8307457165545165e-08,0.0011533044804706138,0.0,0.0
0.0002,0.0002,0.0002,0.0002,209.0,10.0,3.939009097126219e-05,5.219521418112388e-06,0.10232656063418737,2.1395595957877354e-05,2.453389138572817e-06,8.892864249143749e-08,0.0012657715872093941,0.0,0.0,3.184978213476639e-05,4.293489485361782e-06,0.10159204142316403,1.5374796233631073e-05,1.960823973679949e-06,6.146851514370194e-08,0.001172324238509378,0.0,0.0
0.0002,0.0002,0.0002,0.0002,210.0,10.0,3.854296772779472e-05,4.626479162669023e-06,0.10230501220831721,2.1112295552621145e-05,2.4936545281582204e-06,8.003733737415989e-08,0.0012605430033607449,0.0,0.0,3.353348341151636e-05,4.9868159624071945e-06,0.1025429610098522,1.627953197920065e-05,1.9442876502244528e-06,6.855184255697549e-08,0.0011660976264509775,0.0,0.0
0.0002,0.0002,0.0002,0.0002,211.0,10.0,3.926872165957997e-05,5.176753257693796e-06,0.10209924298667665,2.134647898642321e-05,2.456539891648569e-06,7.902544107203452e-08,0.0012601239094096849,0.0,0.0,3.367405181908158e-05,4.935022917272684e-06,0.10268932843909544,1.637201594986156e-05,2.022841947058809e-06,7.523825891720502e-08,0.0011776779328350456,0.0,0.0
0.0002,0.0002,0.0002,0.0002,212.0,10.0,3.903137570139912e-05,4.906793943005163e-06,0.10231290631631583,2.1333852591242595e-05,2.4764073899854353e-06,8.303130791260071e-08,0.0012584119438557527,0.0,0.0,3.444549092441571e-05,5.161191893421346e-06,0.10179423272712833,1.6924894824391684e-05,2.1479026386483875e-06,3.207854029466596e-08,0.0011612089247294544,0.0,0.0
0.0002,0.0002,0.0002,0.0002,213.0,10.0,3.884105906710319e-05,4.969901445268363e-06,0.10223722946044579,2.1143275074726053e-05,2.4204164281847197e-06,8.374344436917326e-08,0.0012492882361782127,0.0,0.0,3.436279134220842e-05,5.105101591246815e-06,0.10187815403030819,1.697685721020147e-05,2.0396749595021767e-06,5.334232233777052e-08,0.0011502794444457883,0.0,0.0
0.0002,0.0002,0.0002,0.0002,214.0,10.0,3.8735358828189886e-05,4.807119202572623e-06,0.10236608977900123,2.1090045219354506e-05,2.517576570280969e-06,8.400920609389343e-08,0.001250917281898023,0.0,0.0,3.3928103155026877e-05,4.697030407722157e-06,0.10155371370303178,1.6857522271912063e-05,2.1810723380015865e-06,3.710703339216647e-08,0.0011706454872724094,0.0,0.0
0.0002,0.0002,0.0002,0.0002,215.0,10.0,3.8309818948244866e-05,4.656681100927469e-06,0.1026121017138893,2.089904037520093e-05,2.4124083773970024e-06,8.047925703511128e-08,0.0012426201826894931,0.0,0.0,3.463365247534652e-05,5.058313192553513e-06,0.10247809236231147,1.7132325251859142e-05,2.1235649688312064e-06,7.164019686436744e-08,0.0011795692248141012,0.0,0.0
0.0002,0.0002,0.0002,0.0002,216.0,10.0,3.961823913476664e-05,5.126505527821358e-06,0.10240741013186133,2.158458068401952e-05,2.587551793622534e-06,7.886053169311432e-08,0.0012563261279465942,0.0,0.0,3.472639240071123e-05,5.387300105332077e-06,0.10149518122000678,1.6985055267988114e-05,2.1497302320606343e-06,5.4788792968855285e-08,0.0011574009739129987,0.0,0.0
0.0002,0.0002,0.0002,0.0002,217.0,10.0,3.8900383490913006e-05,4.915896561017777e-06,0.10245251504236494,2.1167835742247904e-05,2.488458630481109e-06,8.294136321560688e-08,0.0012525403329504388,0.0,0.0,3.557090082650043e-05,5.399707103974692e-06,0.10150226924864891,1.777231228275281e-05,2.1949706544216596e-06,5.3684049654725563e-08,0.0011606509561624674,0.0,0.0
0.0002,0.0002,0.0002,0.0002,218.0,10.0,3.8792944195734684e-05,4.763300770024709e-06,0.10253538220741674,2.119096482133078e-05,2.5064905804648095e-06,7.865010503367737e-08,0.0012507703864594719,0.0,0.0,3.775882922310022e-05,6.6452633143280985e-06,0.10199557953742962,1.8629350849305504e-05,2.2333620825527957e-06,5.129517669061507e-08,0.0011621701980660635,0.0,0.0
0.0002,0.0002,0.0002,0.0002,219.0,10.0,4.0114447427845624e-05,5.409797770791926e-06,0.10228830338142662,2.1818264963417187e-05,2.5714265957181184e-06,8.612811810240126e-08,0.0012601278431475901,0.0,0.0,3.37906607311043e-05,4.811568788968433e-06,0.10172311843060292,1.653403871236069e-05,2.211814551396289e-06,6.092719418409531e-08,0.0011742721228364043,0.0,0.0
0.0002,0.0002,0.0002,0.0002,220.0,10.0,3.8351975006666766e-05,4.517786956767767e-06,0.10263048795243239,2.1044427830607808e-05,2.451291197240207e-06,7.542048711054977e-08,0.00124330072810161,0.0,0.0,3.501504425412192e-05,4.638283223694309e-06,0.10202830728259465,1.773868098924417e-05,2.3416596968554807e-06,9.359005247528689e-08,0.0011704541592952185,0.0,0.0
0.0002,0.0002,0.0002,0.0002,221.0,10.0,3.886276010035682e-05,4.8000359618274005e-06,0.10245021263283921,2.1161332686502376e-05,2.5784965987986344e-06,7.787389564913917e-08,0.0012547292973692139,0.0,0.0,3.85471756712942e-05,6.705997881962342e-06,0.1010062094893835,1.920759235649098e-05,2.3757068963512015e-06,1.5725802950957623e-07,0.001185193357169048,0.0,0.0
0.0002,0.0002,0.0002,0.0002,222.0,10.0,4.012727252942672e-05,5.030031644189526e-06,0.10239853267361068,2.2040092342945176e-05,2.7402059854705925e-06,7.7089675070583e-08,0.0012580223189020997,0.0,0.0,3.6450423646491075e-05,5.40514508451653e-06,0.10164231634263761,1.838419588645017e-05,2.401503385638835e-06,9.534779862691734e-08,0.001175457128093201,0.0,0.0
0.0002,0.0002,0.0002,0.0002,223.0,10.0,3.959610446772503e-05,4.876393209118914e-06,0.10252848807798302,2.1753781049594954e-05,2.633305905468835e-06,7.977582231699127e-08,0.0012487428251408683,0.0,0.0,3.6869800720102225e-05,5.4828408747041055e-06,0.10215360838855427,1.8537699520650686e-05,2.5214856789836164e-06,1.1241420513253181e-07,0.001177388973289192,0.0,0.0
0.0002,0.0002,0.0002,0.0002,224.0,10.0,4.01135925585439e-05,5.136577107107722e-06,0.10265188215102257,2.1985650742682356e-05,2.6467051224926587e-06,7.947171552141552e-08,0.00124739673127417,0.0,0.0,3.8691146120893894e-05,6.362777819260222e-06,0.10168592193547417,1.963363388234479e-05,2.433838717940613e-06,9.230385215871522e-08,0.001160139895920806,0.0,0.0
0.0002,0.0002,0.0002,0.0002,225.0,10.0,3.976462479128061e-05,5.245175221027139e-06,0.10239577609604425,2.1567613702932743e-05,2.629853143385447e-06,8.240532263136039e-08,0.001244485300128974,0.0,0.0,3.5877722417152245e-05,5.337797114356942e-06,0.10132531251977472,1.7867986474840237e-05,2.4953813705355877e-06,4.402661464617072e-08,0.0011708514638419125,0.0,0.0
0.0002,0.0002,0.0002,0.0002,226.0,10.0,3.879628392100921e-05,4.606770724924639e-06,0.10272867273033054,2.1276126505378433e-05,2.565862448660056e-06,7.46572306723033e-08,0.001226648915178585,0.0,0.0,3.486069603883045e-05,4.868634137124636e-06,0.10214565472619344,1.7318750492827554e-05,2.3975507759759645e-06,6.119527201315791e-08,0.0011344279211327097,0.0,0.0
0.0002,0.0002,0.0002,0.0002,227.0,10.0,3.9805309469119936e-05,5.2550565845611135e-06,0.10257577716439648,2.151943568318594e-05,2.6899506898897304e-06,8.328910082443923e-08,0.0012380295872313157,0.0,0.0,3.78938879432325e-05,5.873215053674936e-06,0.10140610463066498,1.9100378160467645e-05,2.71510936101709e-06,6.457515466603546e-08,0.001171671354999785,0.0,0.0
0.0002,0.0002,0.0002,0.0002,228.0,10.0,3.93908588278072e-05,4.774568918973332e-06,0.10280897142641039,2.159463025520957e-05,2.668162822614242e-06,7.260002119923788e-08,0.001236695280691889,0.0,0.0,3.654762270793808e-05,4.853220296285031e-06,0.10253837096237393,1.8726032503858556e-05,2.5857985073812932e-06,1.287345215311113e-07,0.0011427468752366037,0.0,0.0
0.0002,0.0002,0.0002,0.0002,229.0,10.0,3.964154738718011e-05,5.129259494876954e-06,0.10268807355809072,2.160255144459168e-05,2.562873211363827e-06,7.80562438184835e-08,0.0012237364442607018,0.0,0.0,3.914867206935845e-05,6.074180410830154e-06,0.10169739500461565,2.014781833193121e-05,2.594244422659482e-06,1.6268966633078637e-07,0.001147256326655435,0.0,0.0
0.0002,0.0002,0.0002,0.0002,230.0,10.0,3.931875948197647e-05,4.6543632161047825e-06,0.10300925717529377,2.165646993566515e-05,2.6407904847884826e-06,6.621037820668859e-08,0.0012276962087842738,0.0,0.0,3.712374679069015e-05,5.174773984394976e-06,0.10308571698653245,1.8838629693365377e-05,2.6586728936576142e-06,1.430985785045746e-07,0.0011426870252737279,0.0,0.0
0.0002,0.0002,0.0002,0.0002,231.0,10.0,4.140371720980948e-05,5.487417520841956e-06,0.10295324047864834,2.2790414978460097e-05,2.746020113833345e-06,8.45408513265316e-08,0.0012372513193371379,0.0,0.0,3.7288295785263245e-05,5.527989389935781e-06,0.1021511879810825,1.8935970165109924e-05,2.5176341230774197e-06,9.158348972234691e-08,0.0011520730551077653,0.0,0.0
0.0002,0.0002,0.0002,0.0002,232.0,10.0,3.913126867781351e-05,4.765006661633359e-06,0.1031910569672775,2.1448184590863606e-05,2.529832570782429e-06,6.913932255559364e-08,0.0012172632428956139,0.0,0.0,3.637010251251645e-05,4.862990011268984e-06,0.10302278422669968,1.8472555645599754e-05,2.564900570694505e-06,1.6737807628632407e-07,0.001153849841338811,0.0,0.0
0.0002,0.0002,0.0002,0.0002,233.0,10.0,4.030218243972564e-05,4.932401751003284e-06,0.10287607732080234,2.2347684676977804e-05,2.667158324818344e-06,6.733012306479135e-08,0.001211832141505352,0.0,0.0,3.895483159889233e-05,6.686443471294942e-06,0.10193584537114239,1.9474054233072958e-05,2.502440548568173e-06,9.830924060975358e-08,0.0011507997500378264,0.0,0.0
0.0002,0.0002,0.0002,0.0002,234.0,10.0,4.148370034629358e-05,5.720669103633353e-06,0.10297589967195504,2.2670554893454155e-05,2.709208709697023e-06,8.567786542287538e-08,0.0012280194969348038,0.0,0.0,4.186458428606136e-05,7.218897054249329e-06,0.10220216740580167,2.1457147688445676e-05,2.84417423904238e-06,1.2414891427541357e-07,0.0011752029569903357,0.0,0.0
0.0002,0.0002,0.0002,0.0002,235.0,10.0,3.975269172237816e-05,4.962702672139095e-06,0.10320634348736839,2.1793617977942358e-05,2.6099564663686337e-06,6.578056522739686e-08,0.0012204732479427116,0.0,0.0,3.4533071239131655e-05,4.901527147522351e-06,0.10220842506852529,1.6941150538687282e-05,2.4154771946921984e-06,5.4073927293549444e-08,0.0011750213490882857,0.0,0.0
0.0002,0.0002,0.0002,0.0002,236.0,10.0,3.955921210680648e-05,5.158484707512186e-06,0.1031656991056954,2.149813168282926e-05,2.5068175053105457e-06,7.920858479128948e-08,0.001220104921675476,0.0,0.0,3.568783167447125e-05,5.840965294419692e-06,0.10278749153997659,1.7191815025329448e-05,2.308932386277644e-06,6.736995263079445e-08,0.0011442845276795378,0.0,0.0
0.0002,0.0002,0.0002,0.0002,237.0,10.0,4.028820589765803e-05,5.303148846531544e-06,0.10328642418639515,2.2004541286908373e-05,2.5680525510885848e-06,8.382099734365108e-08,0.0012004506552843435,0.0,0.0,3.5934682241893756e-05,4.788090899980636e-06,0.10316503553242007,1.819726314547127e-05,2.5656438285634436e-06,6.718093524466086e-08,0.0011407495687786606,0.0,0.0
0.0002,0.0002,0.0002,0.0002,238.0,10.0,3.9269709017700115e-05,4.5581456994765106e-06,0.10327198703691988,2.1689072900973024e-05,2.617389019836305e-06,7.790314010414304e-08,0.0012024265408664052,0.0,0.0,3.7023010927787823e-05,6.167161411691224e-06,0.10324838321823562,1.798848632163763e-05,2.480791020845917e-06,6.173396005542788e-08,0.0011533400677080077,0.0,0.0
0.0002,0.0002,0.0002,0.0002,239.0,10.0,4.018830250090727e-05,4.933282341260327e-06,0.10333743138804156,2.2139544415460927e-05,2.703037248892288e-06,7.86956703856605e-08,0.0012181126592962414,0.0,0.0,3.686203656209674e-05,4.974917937376779e-06,0.10306807906466785,1.8859782427677685e-05,2.655524816512244e-06,6.500370118380023e-08,0.0011585937131350945,0.0,0.0
0.0002,0.0002,0.0002,0.0002,240.0,10.0,3.9077502889084974e-05,4.773425665879926e-06,0.10326742328632361,2.1233012042120297e-05,2.6670965243412043e-06,7.722668410697092e-08,0.0012298914136504473,0.0,0.0,3.535610734785997e-05,4.901729974281968e-06,0.10314290362142774,1.744489492101471e-05,2.574765603929251e-06,1.2042669649650684e-07,0.0011611504514079708,0.0,0.0
0.0002,0.0002,0.0002,0.0002,241.0,10.0,4.0202470141173705e-05,5.175402287026346e-06,0.103164725653862,2.193526460039779e-05,2.6981058644882308e-06,7.722503534994913e-08,0.0012289792941669628,0.0,0.0,3.872121999825848e-05,6.309544923638505e-06,0.10148115597897335,1.934111043980407e-05,2.798260911861447e-06,1.2418849207127924e-07,0.0011669034601566237,0.0,0.0
0.0002,0.0002,0.0002,0.0002,242.0,10.0,4.0397885562797185e-05,5.047168190307956e-06,0.1028833126204542,2.2173907174082977e-05,2.8174253815698384e-06,7.105379868679455e-08,0.0012320885960771296,0.0,0.0,3.9959394759053416e-05,6.3385261005524e-06,0.10253942685659369,2.0300365530567375e-05,2.929514575798961e-06,1.3704618364400635e-07,0.0011717767998895199,0.0,0.0
0.0002,0.0002,0.0002,0.0002,243.0,10.0,4.039477886470227e-05,5.005890406458197e-06,0.10292722013786808,2.2131149929467898e-05,2.8963502082872963e-06,6.86666594146092e-08,0.001234446412013205,0.0,0.0,4.136892116658698e-05,7.581930654146084e-06,0.10253784993734327,2.0551819517224312e-05,2.8978668248846257e-06,8.351961763631886e-08,0.0011696131399648979,0.0,0.0
0.0002,0.0002,0.0002,0.0002,244.0,10.0,4.154278132730429e-05,5.698105644073964e-06,0.1030389028360474,2.260990897160706e-05,2.8552283178415792e-06,7.564839142078976e-08,0.0012368079905719766,0.0,0.0,4.044214938560809e-05,6.514527782062715e-06,0.10273915477689988,2.0590361347681948e-05,2.995942751632493e-06,6.740242896998252e-08,0.0011706190301785343,0.0,0.0
0.0002,0.0002,0.0002,0.0002,245.0,10.0,3.910756537790932e-05,4.786976162412806e-06,0.103299175790384,2.1277995378555563e-05,2.6458033728406723e-06,6.687329248805072e-08,0.0012172939989551089,0.0,0.0,3.565756678119e-05,5.042431324638912e-06,0.10377838478059505,1.768272198631947e-05,2.4900342741136645e-06,6.454100933817849e-08,0.0011507029051789337,0.0,0.0
0.0002,0.0002,0.0002,0.0002,246.0,10.0,4.060017768002708e-05,5.076481459993706e-06,0.10324069649984943,2.2344028054032948e-05,2.7775941611455654e-06,7.800474365489318e-08,0.0012028871209225492,0.0,0.0,3.935043896867887e-05,5.925281581348638e-06,0.10317018313597642,2.0159970713755614e-05,2.799127039386396e-06,1.4904177059298146e-07,0.0011559028013699581,0.0,0.0
0.0002,0.0002,0.0002,0.0002,247.0,10.0,4.180716042254685e-05,5.723370286241196e-06,0.10323800790387509,2.2857579936489542e-05,2.8109153582531083e-06,9.149437976437359e-08,0.0012183222727103582,0.0,0.0,3.877423094176876e-05,6.238753564839719e-06,0.10222246745362826,1.9443137403604252e-05,2.818737507130501e-06,5.1355889309707136e-08,0.0011517007327251857,0.0,0.0
0.0002,0.0002,0.0002,0.0002,248.0,10.0,3.9324067717671956e-05,4.6818530253905315e-06,0.10366137322503406,2.1496863007908187e-05,2.7062777307165464e-06,7.293674531160078e-08,0.0012044061280915592,0.0,0.0,3.6041524184725346e-05,5.17987469464054e-06,0.10308424569021872,1.7990741773693436e-05,2.4927513039996337e-06,6.973213404474298e-08,0.0011270582010473244,0.0,0.0
0.0002,0.0002,0.0002,0.0002,249.0,10.0,4.112309940591486e-05,5.392235083917099e-06,0.10343159631960093,2.25544536172169e-05,2.751878079569411e-06,8.137336719247342e-08,0.001200785362217921,0.0,0.0,4.177063830778129e-05,7.4086842569379056e-06,0.1022562356504602,2.124204251668715e-05,2.813154075638648e-06,8.113394871592843e-08,0.0011418285676129936,0.0,0.0
0.0002,0.0002,0.0002,0.0002,250.0,10.0,4.026219762956896e-05,5.007550994661979e-06,0.10329659674034387,2.20162530971551e-05,2.833898740432283e-06,7.483542207547687e-08,0.0012193940654757253,0.0,0.0,3.803747373636712e-05,5.16149509543079e-06,0.1032183622251745,1.9740204309537493e-05,2.756411778884299e-06,5.752673889727149e-08,0.0011315347564770843,0.0,0.0
0.0002,0.0002,0.0002,0.0002,251.0,10.0,4.050418541797444e-05,4.89849269976211e-06,0.10341758994131871,2.2215112871393974e-05,2.9748727706507803e-06,7.394835492073942e-08,0.0012217353718883938,0.0,0.0,3.6948653838364004e-05,5.247859135250481e-06,0.10286494929691499,1.8665303983655994e-05,2.6743927995267486e-06,7.460297996588461e-08,0.0011406818287572776,0.0,0.0
0.0002,0.0002,0.0002,0.0002,252.0,10.0,3.996038090562478e-05,4.8521026912249866e-06,0.10358227857465711,2.1781702271026234e-05,2.894971515831765e-06,7.337686223037687e-08,0.0012228302039254933,0.0,0.0,3.649069721111423e-05,4.9943279822822355e-06,0.10334019301053149,1.8398853191344003e-05,2.6630127670594393e-06,1.0048421605440588e-07,0.0011354218509811971,0.0,0.0
0.0002,0.0002,0.0002,0.0002,253.0,10.0,4.088369717457513e-05,5.109375477412798e-06,0.10372572068067351,2.2353098963720622e-05,2.965122577214282e-06,8.352829124033812e-08,0.0012326935013217653,0.0,0.0,3.470136099485427e-05,4.862064038663202e-06,0.10341264304920876,1.701654395562548e-05,2.4165526890432153e-06,6.493617775443022e-08,0.0011456855852720828,0.0,0.0
0.0002,0.0002,0.0002,0.0002,254.0,10.0,4.105549907784968e-05,5.007678227912412e-06,0.10362890740370352,2.259760667183308e-05,3.015453642629605e-06,7.187020895751657e-08,0.0012256295191882957,0.0,0.0,3.693536352760974e-05,4.9836785011145045e-06,0.10325954864800595,1.8788010950261338e-05,2.7886076997755573e-06,4.911199675159321e-08,0.00115420892903143,0.0,0.0
0.0002,0.0002,0.0002,0.0002,255.0,10.0,4.167012850963165e-05,5.64198155074156e-06,0.10352079884610078,2.262179140621424e-05,2.974520213217971e-06,7.975577581073569e-08,0.0012324461151686336,0.0,0.0,3.734378552353928e-05,5.645090096270034e-06,0.10272784737360931,1.860939714174728e-05,2.7710500409869535e-06,4.546370439210569e-08,0.001145539583540022,0.0,0.0
0.0002,0.0002,0.0002,0.0002,256.0,10.0,4.032914099846748e-05,4.837215506390821e-06,0.10352059711027543,2.2117005647696325e-05,2.9557726378836962e-06,6.708789448784168e-08,0.0012192718727137655,0.0,0.0,3.8362220523478726e-05,5.611345370833953e-06,0.10271443331220984,1.9570227208655475e-05,2.8287495293083714e-06,8.045554168910268e-08,0.0011385671015358353,0.0,0.0
0.0002,0.0002,0.0002,0.0002,257.0,10.0,4.2317970283698034e-05,6.014526138472269e-06,0.10351524354701767,2.2883429680347337e-05,2.988460337764907e-06,8.00301227910396e-08,0.0012329886966416619,0.0,0.0,3.962617613579417e-05,6.807035366666405e-06,0.10299440914165603,1.9671900412453976e-05,2.763380256726735e-06,8.441940339855709e-08,0.0011392298775280351,0.0,0.0
0.0002,0.0002,0.0002,0.0002,258.0,10.0,4.06798896904435e-05,5.37691847067307e-06,0.10396615676615066,2.1931842801511656e-05,2.8981057222275754e-06,7.640723038715256e-08,0.0012164358868730091,0.0,0.0,3.737054082467728e-05,5.811404029826254e-06,0.10348645718864916,1.8505900050176712e-05,2.5973505889210156e-06,1.0724086812576945e-07,0.001146357105505108,0.0,0.0
0.0002,0.0002,0.0002,0.0002,259.0,10.0,4.093155918514152e-05,5.22853113289089e-06,0.1036404636689914,2.2270190407175753e-05,2.9983523514487356e-06,7.043918919149095e-08,0.0012046511085188109,0.0,0.0,4.0697887022288716e-05,8.430251532240697e-06,0.10358609589119684,1.9246791547453747e-05,2.57104876301654e-06,9.118603493200627e-08,0.0011426902863126132,0.0,0.0
0.0002,0.0002,0.0002,0.0002,260.0,10.0,4.1332607869831304e-05,5.339722323341723e-06,0.10402193708572559,2.2532612272276794e-05,2.986736382657872e-06,7.134363497976027e-08,0.001198125792082278,0.0,0.0,4.046922997114527e-05,7.599820009748495e-06,0.10396016657249325,1.9784740537358085e-05,2.6477926169488037e-06,4.0860553344536975e-08,0.0011343125612023818,0.0,0.0
0.0002,0.0002,0.0002,0.0002,261.0,10.0,4.152312275780715e-05,5.4355562772543706e-06,0.10404838926031378,2.2629197491906082e-05,2.977045870419828e-06,7.64843503146128e-08,0.0011994234807216763,0.0,0.0,4.572405514188891e-05,1.1147080636043488e-05,0.10255185125402101,2.1412913878628067e-05,2.8532416977678057e-06,5.563419102414489e-08,0.0011523206773452511,0.0,0.0
0.0002,0.0002,0.0002,0.0002,262.0,10.0,4.155674913688631e-05,5.519514701703237e-06,0.10405699426410862,2.2568673126515744e-05,2.9952050685776437e-06,6.76571015395087e-08,0.0012050051274212939,0.0,0.0,4.039433536720567e-05,6.8679401679486655e-06,0.10318508901501197,2.0243022616586947e-05,2.900952026914655e-06,6.391212079678172e-08,0.001146671596260348,0.0,0.0
0.0002,0.0002,0.0002,0.0002,263.0,10.0,4.136154815249947e-05,5.1765637736447686e-06,0.1042543278885269,2.2606219552952956e-05,3.0855381618847168e-06,6.779430119350976e-08,0.0012035624045797241,0.0,0.0,3.915468999124245e-05,5.209786120594862e-06,0.10449673890242527,2.0461091686027927e-05,2.961233291591253e-06,7.290510324777104e-08,0.0011333610218382444,0.0,0.0
0.0002,0.0002,0.0002,0.0002,264.0,10.0,4.187391937311059e-05,5.138223154500557e-06,0.10442712326232188,2.3004893007460644e-05,3.2160403170913773e-06,7.20507276419767e-08,0.0012069249160945815,0.0,0.0,4.041211318146521e-05,6.595455723664162e-06,0.10384285895985303,2.038743384933211e-05,2.936113500290769e-06,1.0882427627392767e-07,0.0011465570427780282,0.0,0.0
0.0002,0.0002,0.0002,0.0002,265.0,10.0,4.391648219001636e-05,5.88092155319618e-06,0.10387480013896218,2.427921087242704e-05,3.284479882875855e-06,8.439021381292189e-08,0.0012128744913355522,0.0,0.0,4.732640665245063e-05,1.026328323501308e-05,0.10333363353484229,2.3578586768361767e-05,2.9866388807100587e-06,1.6453451749842733e-07,0.0011567253062330753,0.0,0.0
0.0002,0.0002,0.0002,0.0002,266.0,10.0,4.185003428923958e-05,5.1757735366660815e-06,0.10402113956427614,2.2940442945581022e-05,3.2588944494245494e-06,7.280978638313646e-08,0.0012152385403229851,0.0,0.0,4.3638147944497884e-05,7.92910068302165e-06,0.10356715700515001,2.2193203911820564e-05,2.9969626914744195e-06,1.6216545610077573e-07,0.0011458671248959422,0.0,0.0
0.0002,0.0002,0.0002,0.0002,267.0,10.0,4.2676018545904087e-05,5.804276572253925e-06,0.10409902747699248,2.320948283445864e-05,3.1689450239460577e-06,8.341165685155075e-08,0.0012221937267927491,0.0,0.0,4.796046741075361e-05,1.1097328288528324e-05,0.10311448468365884,2.3234013378330167e-05,3.068784450336826e-06,2.488935369592267e-07,0.0011491808401030781,0.0,0.0
0.0002,0.0002,0.0002,0.0002,268.0,10.0,4.102990803594086e-05,4.707596220719351e-06,0.10422937929467667,2.256768826518838e-05,3.2641296002692028e-06,6.755637086021335e-08,0.0012148830328037163,0.0,0.0,4.141352906510771e-05,6.118097325865146e-06,0.10432828911241776,2.155573388981195e-05,3.1266844878210644e-06,1.8018462471396895e-07,0.001131296960860942,0.0,0.0
0.0002,0.0002,0.0002,0.0002,269.0,10.0,4.124211154160094e-05,5.096272051536376e-06,0.10417527091267759,2.2401330061490764e-05,3.2603546184277466e-06,6.662782813161141e-08,0.0012296954806985533,0.0,0.0,3.97920019476351e-05,5.509993460593918e-06,0.10357083439517599,2.0524733792963382e-05,3.1984002098094564e-06,2.0179140719327794e-07,0.0011483859000920888,0.0,0.0
0.0002,0.0002,0.0002,0.0002,270.0,10.0,4.182979588442934e-05,5.154751575429094e-06,0.10397051453046205,2.2882695320801006e-05,3.321325713679661e-06,7.397208335461973e-08,0.001234879348284067,0.0,0.0,4.824554829214334e-05,1.0607121318247298e-05,0.10400506784449812,2.403456480247599e-05,3.096003788004138e-06,1.0735196485082232e-07,0.001164079359595609,0.0,0.0
0.0002,0.0002,0.0002,0.0002,271.0,10.0,4.228872359361357e-05,5.68185593009626e-06,0.10394798947779403,2.2867204433032487e-05,3.2680834952046093e-06,7.67810275965755e-08,0.0012451941147698198,0.0,0.0,4.268250320939376e-05,7.858679408710332e-06,0.10440993646746276,2.1237158054935517e-05,3.0501527832395595e-06,9.551940598269391e-08,0.0011667539180291874,0.0,0.0
0.0002,0.0002,0.0002,0.0002,272.0,10.0,4.0986611870081786e-05,4.994910875179044e-06,0.10381604299073616,2.233429699864289e-05,3.205693574884193e-06,7.010645305469254e-08,0.001229110481068325,0.0,0.0,4.6119702422442955e-05,8.625599789930616e-06,0.10455453359750728,2.3736199843832446e-05,3.204826967190247e-06,9.762228100866963e-08,0.0011540821708729135,0.0,0.0
0.0002,0.0002,0.0002,0.0002,273.0,10.0,4.3240261548459004e-05,6.383809599293037e-06,0.10370798827228746,2.3245603462111328e-05,3.1607579754771565e-06,7.92920463352181e-08,0.0012355809283892169,0.0,0.0,4.821009403923957e-05,1.0748391809303442e-05,0.10368627033947249,2.354391291029787e-05,3.4501492001894944e-06,9.90131598579037e-08,0.0011645097174330463,0.0,0.0
0.0002,0.0002,0.0002,0.0002,274.0,10.0,4.0068408192358356e-05,5.172514997545069e-06,0.10415741882809544,2.1394074912363983e-05,3.009978481653665e-06,7.609825560554249e-08,0.001230284005925971,0.0,0.0,3.979176858199456e-05,5.608225331164038e-06,0.1033455212842222,2.0605629890842244e-05,3.180891041555009e-06,6.247059483013649e-08,0.0011720070339478294,0.0,0.0
0.0002,0.0002,0.0002,0.0002,275.0,10.0,4.091280511341948e-05,5.2636071474214265e-06,0.1040254480812178,2.210758733093184e-05,3.06415076420223e-06,7.491526807870925e-08,0.0012202313916132763,0.0,0.0,4.3186270845596754e-05,6.790030512756952e-06,0.10325241893220526,2.242068359886314e-05,3.5501464455094983e-06,1.0016869276678556e-07,0.0011527483362807637,0.0,0.0
0.0002,0.0002,0.0002,0.0002,276.0,10.0,4.2549360658411104e-05,5.560218934673618e-06,0.10442982213024009,2.3168586132991612e-05,3.300768575524091e-06,7.680523970083637e-08,0.0012259207725692344,0.0,0.0,4.445373903659686e-05,8.18752733677281e-06,0.10331029109785714,2.245815449694916e-05,3.4166048449037196e-06,6.042365433068301e-08,0.0011649194248439583,0.0,0.0
0.0002,0.0002,0.0002,0.0002,277.0,10.0,4.23742707353274e-05,5.66815853020836e-06,0.10435325628431956,2.2987108464509928e-05,3.207271335264254e-06,7.640716567231512e-08,0.0012153131445415827,0.0,0.0,4.026024500716753e-05,5.175211345920672e-06,0.10354520411433646,2.138889108351313e-05,3.2254314086927087e-06,1.1619122928541055e-07,0.0011556996814068728,0.0,0.0
0.0002,0.0002,0.0002,0.0002,278.0,10.0,4.224427921989138e-05,5.518347423465006e-06,0.10408729443766883,2.290590532921403e-05,3.3319919169649013e-06,7.93054162095082e-08,0.0012316624741260786,0.0,0.0,4.625483941576632e-05,8.866087625257215e-06,0.10295410420758501,2.3360354804957953e-05,3.612891542716634e-06,1.200955305490931e-07,0.0011676056888582874,0.0,0.0
0.0002,0.0002,0.0002,0.0002,279.0,10.0,4.1553083143057956e-05,5.097393191091928e-06,0.1040177414893254,2.261285662632097e-05,3.371101585212802e-06,6.995778547393891e-08,0.001237868072133951,0.0,0.0,4.484056173552876e-05,7.544933823485902e-06,0.10382513774101297,2.339563747019953e-05,3.412441737324174e-06,1.0503524498143725e-07,0.001174933078479679,0.0,0.0
0.0002,0.0002,0.0002,0.0002,280.0,10.0,4.162700661692132e-05,5.421621509198941e-06,0.1040655786402946,2.2386180633326234e-05,3.339970453693276e-06,7.267640193116964e-08,0.0012443772125229973,0.0,0.0,4.3017751837415524e-05,6.901790674069996e-06,0.1032742598580654,2.211449619784409e-05,3.6140282219026273e-06,6.001092643653033e-08,0.0011642583717179572,0.0,0.0
0.0002,0.0002,0.0002,0.0002,281.0,10.0,4.116638256502439e-05,5.007671231232392e-06,0.10430863647360987,2.234354538344309e-05,3.312985989387439e-06,7.131669343328131e-08,0.0012305880010253603,0.0,0.0,4.261814102300972e-05,6.549371170017697e-06,0.10286736826067565,2.213785441510991e-05,3.5450487343935217e-06,9.913011956856299e-08,0.0011728581089033361,0.0,0.0
0.0002,0.0002,0.0002,0.0002,282.0,10.0,4.287044366451266e-05,5.83964554848816e-06,0.10403709960187976,2.3209844351785254e-05,3.3397070553579505e-06,7.753696709946103e-08,0.0012307365923711004,0.0,0.0,4.723982595738203e-05,8.796037088444268e-06,0.10377651135917354,2.441600535959224e-05,3.6033133586821824e-06,4.6819280490997346e-08,0.0011751483622326107,0.0,0.0
0.0002,0.0002,0.0002,0.0002,283.0,10.0,4.0968772512073826e-05,4.853912539446431e-06,0.10417859443714422,2.2295948396797767e-05,3.336640717412442e-06,6.44117353376567e-08,0.0012378889957354278,0.0,0.0,4.092180395069263e-05,5.424985752740612e-06,0.1042481821197952,2.1484587274593725e-05,3.5311319498121925e-06,5.628100407555324e-08,0.0011874313581457755,0.0,0.0
0.0002,0.0002,0.0002,0.0002,284.0,10.0,4.1877206249080497e-05,5.2913752327529265e-06,0.10423215615852723,2.2645781121897322e-05,3.442141736238623e-06,7.469271677453338e-08,0.0012451010495798602,0.0,0.0,4.0152557108381675e-05,5.440957112258883e-06,0.1036403863642455,2.0743867483386276e-05,3.498122434082375e-06,1.055717927411386e-07,0.0011802729026649701,0.0,0.0
0.0002,0.0002,0.0002,0.0002,285.0,10.0,4.125929354815647e-05,5.195681093929522e-06,0.10446119311691725,2.2196190690332972e-05,3.353637165893555e-06,6.766552682326946e-08,0.0012353185118705815,0.0,0.0,4.045845006403145e-05,7.023598530027044e-06,0.10390436639010288,1.981056872390799e-05,3.176304260994106e-06,5.754220429017475e-08,0.0011794949405597825,0.0,0.0
0.0002,0.0002,0.0002,0.0002,286.0,10.0,4.2453358760593636e-05,5.652484066949516e-06,0.1042575023506659,2.293517215509503e-05,3.361835151292049e-06,7.811763104039067e-08,0.001239289381725936,0.0,0.0,4.43866417667636e-05,7.744252539696799e-06,0.10413835104877149,2.2606968730441872e-05,3.548057016951606e-06,7.352847624420741e-08,0.0011817858937908622,0.0,0.0
0.0002,0.0002,0.0002,0.0002,287.0,10.0,4.1194738672079415e-05,5.193968431853736e-06,0.10411419017990928,2.2193555144985638e-05,3.3302068816658113e-06,6.558951581401075e-08,0.0012490964009852711,0.0,0.0,4.1670886751027275e-05,6.192009481983845e-06,0.1043156593728643,2.1450083682041632e-05,3.427205451278734e-06,1.7002260325205554e-07,0.00119667278182174,0.0,0.0
0.0002,0.0002,0.0002,0.0002,288.0,10.0,4.101338037383765e-05,5.075408879068058e-06,0.10413112651586616,2.2028384588217897e-05,3.4320607638417705e-06,6.441365062200133e-08,0.0012490315347364934,0.0,0.0,4.2746202046847996e-05,7.055409912049273e-06,0.10326821109518461,2.1668352683358358e-05,3.5331863559399153e-06,1.624319997107198e-07,0.001212487670159528,0.0,0.0
0.0002,0.0002,0.0002,0.0002,289.0,10.0,4.3028679656939326e-05,5.740714450093405e-06,0.10412515472326997,2.326449483797924e-05,3.5353428129745365e-06,7.561242352908966e-08,0.001253968257018186,0.0,0.0,5.3069575713247714e-05,1.3349057535473372e-05,0.10282774622774454,2.5498818417227684e-05,3.5479120747895274e-06,3.9101315082664936e-07,0.0011853105364412482,0.0,0.0
0.0002,0.0002,0.0002,0.0002,290.0,10.0,4.3368814430919523e-05,6.081634817202462e-06,0.1040518503966277,2.3271308960271566e-05,3.529048179410558e-06,8.163783589869645e-08,0.0012550056441551327,0.0,0.0,4.7314108735738744e-05,9.921747398359858e-06,0.10331542320729951,2.3110710719838387e-05,3.792103766020153e-06,1.5800481203927795e-07,0.0011902946795926633,0.0,0.0
0.0002,0.0002,0.0002,0.0002,291.0,10.0,4.1830656831408956e-05,5.88070888497968e-06,0.10460034522125128,2.2215389122529774e-05,3.2000184350050207e-06,7.450622517505765e-08,0.0012306121982051843,0.0,0.0,4.1800547988308274e-05,7.876544807860388e-06,0.10354759389450806,2.024155279919343e-05,3.2544960030533325e-06,7.319526650297822e-08,0.0011848791645014832,0.0,0.0
0.0002,0.0002,0.0002,0.0002,292.0,10.0,4.1458461688636386e-05,5.459582953980614e-06,0.10419390803137428,2.219715250659119e-05,3.311067954915182e-06,7.126768461243741e-08,0.0012369480827596217,0.0,0.0,4.4721376621543035e-05,8.421279185266119e-06,0.10374880051014745,2.2360722253176726e-05,3.509418698724252e-06,5.507650737171512e-08,0.0011804183851605262,0.0,0.0
0.0002,0.0002,0.0002,0.0002,293.0,10.0,4.222068346367597e-05,6.139827888269261e-06,0.10451392645593859,2.2258222406611292e-05,3.287264503228351e-06,8.397618034698486e-08,0.0012387543175991272,0.0,0.0,4.659678183038192e-05,9.97436607507439e-06,0.10320689820500806,2.2899126348407806e-05,3.315099787650735e-06,8.750023224703097e-08,0.0011839369796522632,0.0,0.0
0.0002,0.0002,0.0002,0.0002,294.0,10.0,4.174587697314128e-05,5.539314360137418e-06,0.10441332032648891,2.2324559220986136e-05,3.372285129142906e-06,6.838651508270928e-08,0.0012343062150734678,0.0,0.0,4.4444133340642716e-05,7.929889419485718e-06,0.10368631640932552,2.266483031760667e-05,3.360297763909764e-06,1.2048470527921305e-07,0.0011623605620921637,0.0,0.0
0.0002,0.0002,0.0002,0.0002,295.0,10.0,4.3466160835140325e-05,5.806980193676442e-06,0.10421871058973925,2.3625202919934184e-05,3.541038615134751e-06,7.106831612762022e-08,0.0012393734825619106,0.0,0.0,4.305285390187095e-05,7.0961957715924936e-06,0.10317184484747455,2.2109261740344575e-05,3.4229349934520806e-06,1.0727715276503804e-07,0.0011714296314742894,0.0,0.0
0.0002,0.0002,0.0002,0.0002,296.0,10.0,4.103675737767297e-05,4.763564636643799e-06,0.10432312337922199,2.215758540393132e-05,3.622381361004268e-06,6.091400448794695e-08,0.0012447938023355488,0.0,0.0,3.975812047227507e-05,5.694506988151148e-06,0.10316051390653663,2.03450064206937e-05,3.22436292565287e-06,1.7819312802399748e-07,0.001164423153779202,0.0,0.0
0.0002,0.0002,0.0002,0.0002,297.0,10.0,4.311567423722561e-05,5.7164271250243455e-06,0.10413277806411644,2.328284689275076e-05,3.6282437282359945e-06,7.487916521824474e-08,0.001256447635945839,0.0,0.0,5.676427731943231e-05,1.6963455635043902e-05,0.10351750205647986,2.5784731077154268e-05,3.2422646192766964e-06,4.2207586007881e-07,0.001194194773539166,0.0,0.0
0.0002,0.0002,0.0002,0.0002,298.0,10.0,4.297431004057436e-05,6.1095160023924845e-06,0.10431079554604814,2.2825391126733285e-05,3.5344351607405364e-06,7.388839645841868e-08,0.001248556943358493,0.0,0.0,4.600318053238389e-05,9.275788653971095e-06,0.1039159412150977,2.2778191326097717e-05,3.3991834943470222e-06,1.584229953772935e-07,0.0011799556755454355,0.0,0.0
0.0002,0.0002,0.0002,0.0002,299.0,10.0,4.0879013905923463e-05,4.9735143287923496e-06,0.10444435318911058,2.1867708434453183e-05,3.534258276388988e-06,5.909768752197943e-08,0.0012412725610623358,0.0,0.0,4.005604357620585e-05,5.602632908036605e-06,0.10364150941681284,2.0721353124965616e-05,3.184449165045585e-06,1.8345788031210225e-07,0.0011760877674142588,0.0,0.0
0.0002,0.0002,0.0002,0.0002,300.0,10.0,4.427084822688256e-05,6.063652094272823e-06,0.10406390219465562,2.402443691822777e-05,3.7014433198932644e-06,7.492599970653553e-08,0.001247533026978332,0.0,0.0,4.612947940551692e-05,9.310250275230926e-06,0.10410532190312977,2.281436516121767e-05,3.362569166592775e-06,2.3176280334787864e-07,0.0011590692640852608,0.0,0.0
