lr_enc,lr_dec,lr_dyn,lr_dyn_scale,epoch,n_steps,t_total,t_static_recon,t_kl,t_dyn_recon,t_dyn,t_steady,t_z_std,t_dyn_attn,t_attn_pos,v_total,v_static_recon,v_kl,v_dyn_recon,v_dyn,v_steady,v_z_std,v_dyn_attn,v_attn_pos
0.001,0.001,0.001,0.001,1.0,1.0,0.0005620797125871227,0.0002649972020565441,0.0746608478407261,0.00024842627693365455,1.6945000689552153e-05,2.424515001531513e-05,0.009668652580804004,0.0,0.0,0.00011334239068095369,4.787871061654016e-05,0.08802052652310377,4.610110415264384e-05,7.632169420809273e-06,2.9283544062904436e-06,0.009715920876045111,0.0,0.0
0.001,0.001,0.001,0.001,2.0,1.0,0.00013946477184189116,5.54386217772178e-05,0.08667491071501973,5.3613976245750644e-05,1.532969776118736e-05,6.414985192263541e-06,0.009017327464250584,0.0,0.0,7.897091083338866e-05,3.2413686925149706e-05,0.08737048533782943,2.986158028938433e-05,6.669790693290071e-06,1.2888044909853912e-06,0.00849905069804748,0.0,0.0
0.001,0.001,0.001,0.001,3.0,1.0,0.0001152523942336138,4.359644051002223e-05,0.0902514782025579,4.261511723904534e-05,1.6219465120250358e-05,3.796222917251772e-06,0.009320518246687766,0.0,0.0,5.929824701862936e-05,2.278935922321428e-05,0.08863653751313944,2.0485571430643493e-05,6.25900049429879e-06,9.006623318498097e-07,0.008252115285888558,0.0,0.0
0.001,0.001,0.001,0.001,4.0,1.0,8.974190436919499e-05,3.168780403150708e-05,0.09005347674400647,3.1101242384995544e-05,1.5177421252889862e-05,2.7700895341312337e-06,0.009058494346541294,0.0,0.0,5.5172761336285715e-05,2.0767908130109136e-05,0.08539094892471333,1.8830656710724962e-05,5.9374418481016925e-06,1.0976599061579853e-06,0.00803122090219215,0.0,0.0
0.001,0.001,0.001,0.001,5.0,1.0,8.017993089081969e-05,2.7466855655345407e-05,0.08710413250124972,2.700441987015241e-05,1.4466322339549807e-05,2.531920128332055e-06,0.008738853207818467,0.0,0.0,4.94637092165009e-05,1.8499707458135304e-05,0.07986166082844202,1.6411038186820608e-05,5.585325146115755e-06,9.814725253598222e-07,0.007598961161750601,0.0,0.0
0.001,0.001,0.001,0.001,6.0,1.0,7.303911637446051e-05,2.48501901934063e-05,0.08524087126401032,2.4430535353099272e-05,1.2971272945423655e-05,2.2630309965478905e-06,0.008334638229829012,0.0,0.0,4.792165674568841e-05,1.802752788440029e-05,0.07855376668190689,1.5857033858780265e-05,5.2649707572743575e-06,9.167481012458353e-07,0.007328108720990122,0.0,0.0
0.001,0.001,0.001,0.001,7.0,1.0,7.027199625616137e-05,2.3209104855476916e-05,0.0857746603229966,2.29147502047662e-05,1.3232300413923512e-05,2.338374883213897e-06,0.008035232801996507,0.0,0.0,4.8643125377292764e-05,1.830411660407745e-05,0.07918354595851157,1.640253967337937e-05,5.091930877014331e-06,9.261838381686473e-07,0.007260473377442401,0.0,0.0
0.001,0.001,0.001,0.001,8.0,1.0,6.512190554595555e-05,2.1483629950207396e-05,0.0862049770742918,2.113340475376128e-05,1.1817290679887184e-05,2.067082738187937e-06,0.007812014023548799,0.0,0.0,4.64972352161589e-05,1.7287950021586165e-05,0.07940864282223101,1.5077902687672854e-05,5.021630144855044e-06,1.1688884855334063e-06,0.006876810366093031,0.0,0.0
0.001,0.001,0.001,0.001,9.0,1.0,6.322318618904668e-05,2.0434286537392674e-05,0.08677114431786127,2.0106850047809757e-05,1.1825979954201366e-05,2.1789553748220462e-06,0.007591847245302486,0.0,0.0,4.093631105363657e-05,1.4512411383379194e-05,0.0817648488690138,1.2583774515439623e-05,4.745939192841607e-06,9.177010146901364e-07,0.006801591313531817,0.0,0.0
0.001,0.001,0.001,0.001,10.0,1.0,6.194530723249748e-05,1.9719129697373943e-05,0.08725057995907669,1.9598118639096585e-05,1.182368641978437e-05,2.0793145051381504e-06,0.007426993571772658,0.0,0.0,4.01692941412873e-05,1.3685449398535866e-05,0.08220843495535458,1.2019659642157001e-05,5.127617176947307e-06,1.1157245567988009e-06,0.006645343383144694,0.0,0.0
0.001,0.001,0.001,0.001,11.0,1.0,5.768529698885366e-05,1.8412367355905345e-05,0.08788992168096987,1.8174979378926786e-05,1.0414563451545982e-05,1.8943949603081245e-06,0.007197080816661921,0.0,0.0,4.2211701206029005e-05,1.5229096844782908e-05,0.08023039552293776,1.3156489605209733e-05,4.537730944530181e-06,1.2653441848113355e-06,0.006374853965001263,0.0,0.0
0.001,0.001,0.001,0.001,12.0,1.0,5.702499285097196e-05,1.748599245330032e-05,0.08818764318340115,1.7433157694700892e-05,1.1351291540620167e-05,1.935787104757711e-06,0.007074153015007608,0.0,0.0,4.307504062227504e-05,1.5363465134524208e-05,0.0815490987811917,1.3311132572517551e-05,4.722628504343334e-06,1.5229046729030776e-06,0.00642578920241616,0.0,0.0
0.001,0.001,0.001,0.001,13.0,1.0,5.6188918472934615e-05,1.745885543558696e-05,0.08850733732688382,1.7317888706963272e-05,1.0761197893194508e-05,1.8002426417575839e-06,0.006966624347678859,0.0,0.0,4.105795900898445e-05,1.4200654841386758e-05,0.08236890652618639,1.2512847251187251e-05,4.721997442660064e-06,1.3855688689919174e-06,0.006313001435948737,0.0,0.0
0.001,0.001,0.001,0.001,14.0,1.0,5.2385355550943716e-05,1.6253653692660123e-05,0.08839942914946745,1.600018028188367e-05,9.615660662265865e-06,1.6759181844549194e-06,0.006818033892683773,0.0,0.0,3.934179696008119e-05,1.3679461728768583e-05,0.0832135250780638,1.2128419236913114e-05,4.141166606032342e-06,1.071396989309136e-06,0.006130066957057501,0.0,0.0
0.001,0.001,0.001,0.001,15.0,1.0,5.2160084631378235e-05,1.599024024126265e-05,0.08880466869187115,1.5782257949401712e-05,9.687127709251312e-06,1.8199921577891458e-06,0.0066748626596785125,0.0,0.0,3.910929052731306e-05,1.3367777097385756e-05,0.08277092625482801,1.1689086778879458e-05,4.345784019512905e-06,1.429550170152806e-06,0.005965722343250916,0.0,0.0
0.001,0.001,0.001,0.001,16.0,1.0,5.02728520762526e-05,1.537560579368655e-05,0.08838509500923486,1.5186424762223677e-05,9.309848076251419e-06,1.5624643715299145e-06,0.006606974538246316,0.0,0.0,3.736203778956718e-05,1.2816442058473188e-05,0.08241420569559986,1.101889393670994e-05,4.2355982532486195e-06,1.049683160577723e-06,0.0060118819388110985,0.0,0.0
0.001,0.001,0.001,0.001,17.0,1.0,5.094235345536545e-05,1.5349831620556935e-05,0.0891195944863121,1.5197089905940588e-05,9.787921480402457e-06,1.695551132142988e-06,0.0064904329423508865,0.0,0.0,3.686845255920071e-05,1.2660067147558114e-05,0.08331384180739922,1.0936109277956745e-05,3.913540376900402e-06,1.0273518492058561e-06,0.005848989442840876,0.0,0.0
0.001,0.001,0.001,0.001,18.0,1.0,4.849153386552421e-05,1.4575217576643671e-05,0.08866058211314878,1.4331144892172332e-05,9.083560351543636e-06,1.6355530432663278e-06,0.006464202892712361,0.0,0.0,3.593967498501267e-05,1.2231642189521689e-05,0.08291754827173806,1.0497844833184133e-05,3.953242560908097e-06,9.651909923387607e-07,0.005817325814734169,0.0,0.0
0.001,0.001,0.001,0.001,19.0,1.0,4.908672370738469e-05,1.471096987205626e-05,0.08888685970219326,1.4544990293599724e-05,9.281110003611786e-06,1.660967738578215e-06,0.00639211054032904,0.0,0.0,3.4854299647766976e-05,1.1475078782883521e-05,0.08447092343942812,1.0131310646872424e-05,3.937287491383625e-06,8.635308165368326e-07,0.0058496518715791075,0.0,0.0
0.001,0.001,0.001,0.001,20.0,1.0,4.792985443395076e-05,1.438667185021241e-05,0.08822441569912785,1.4267331038407035e-05,9.014907403125248e-06,1.438502796103004e-06,0.0064505831017743695,0.0,0.0,3.6252113497104054e-05,1.226364185739751e-05,0.08368994835232905,1.0799696123405169e-05,3.892103640429582e-06,9.276773231916132e-07,0.005827318192777597,0.0,0.0
0.001,0.001,0.001,0.001,21.0,1.0,4.7592233211765174e-05,1.4193592081932566e-05,0.08815856072141526,1.4034489330958077e-05,9.04615316043456e-06,1.5021427503344127e-06,0.0064152505753225205,0.0,0.0,3.788511964519466e-05,1.3141789336224162e-05,0.08318655490360079,1.1617771132876626e-05,3.7532898227805174e-06,1.053613870905966e-06,0.005736371106246781,0.0,0.0
0.001,0.001,0.001,0.001,22.0,1.0,4.652948215536308e-05,1.3803872123388067e-05,0.0878872434503207,1.3579731107309475e-05,9.015914105620808e-06,1.341240801655304e-06,0.006383839548592088,0.0,0.0,3.426272373199954e-05,1.1311404118136794e-05,0.08414910248156345,9.802166319140762e-06,3.6980083222777327e-06,1.0362349383941209e-06,0.005780522316346523,0.0,0.0
0.001,0.001,0.001,0.001,23.0,1.0,4.6904720541059635e-05,1.3844734151539593e-05,0.08831255219105767,1.3833816358100189e-05,8.9618078439909e-06,1.4331072119366862e-06,0.006386970190143621,0.0,0.0,3.485030602744653e-05,1.1375512476912788e-05,0.08463500049882854,1.0139581895117275e-05,3.925461495379397e-06,9.462505275816225e-07,0.005787846563881394,0.0,0.0
0.001,0.001,0.001,0.001,24.0,1.0,4.687528549405985e-05,1.3919818413336055e-05,0.08778640294022848,1.3777160303156785e-05,8.999258375208918e-06,1.400408265125728e-06,0.006411153644324154,0.0,0.0,3.4774185323628117e-05,1.1781919255253316e-05,0.08194844688746881,1.0153672133698475e-05,3.8211137301114045e-06,8.226357869933552e-07,0.005802542087118895,0.0,0.0
0.001,0.001,0.001,0.001,25.0,1.0,4.5209008689114654e-05,1.3170359570051779e-05,0.087703885240231,1.2992748443046026e-05,8.926836652973297e-06,1.3486757426333197e-06,0.006391131571753382,0.0,0.0,3.296235914122959e-05,1.0639448022788737e-05,0.08293122843925357,9.17126381237858e-06,4.247268274055814e-06,6.112563676600035e-07,0.005868190561413971,0.0,0.0
0.001,0.001,0.001,0.001,26.0,3.0,7.682477646833579e-05,1.8507891705744374e-05,0.09494273675640522,2.5266601576073673e-05,2.0791858083535496e-05,2.7641518700564618e-06,0.004595342654340293,0.0,0.0,4.383388981627592e-05,1.2542217001544317e-05,0.09220741832163587,1.395262889479015e-05,7.343010696308287e-06,7.752918612628175e-07,0.003711176803536784,0.0,0.0
0.001,0.001,0.001,0.001,27.0,3.0,6.105234055366778e-05,1.618833372588856e-05,0.0979111698869658,2.1357692049291502e-05,1.2221380975318972e-05,1.4938168428730236e-06,0.003884990424954625,0.0,0.0,4.348903979321092e-05,1.2782847312972405e-05,0.0935318917164848,1.4347080730803129e-05,6.164753774789579e-06,8.411692880485356e-07,0.0034364041547929303,0.0,0.0
0.001,0.001,0.001,0.001,28.0,3.0,6.071407197349003e-05,1.642318294219162e-05,0.09939984175816356,2.1704326799839276e-05,1.1071030961802083e-05,1.5755474366129852e-06,0.0037478983479935783,0.0,0.0,4.2834732589547744e-05,1.2428843501648183e-05,0.0952232785027091,1.3944599475448115e-05,5.822758098262637e-06,1.1162038644370358e-06,0.003410337782604177,0.0,0.0
0.001,0.001,0.001,0.001,29.0,3.0,6.04636126395052e-05,1.6109042548087186e-05,0.0997896820305973,2.138070891916767e-05,1.142160788672075e-05,1.5732854672155112e-06,0.003728022718847527,0.0,0.0,4.1700818968028014e-05,1.2140171079719404e-05,0.09350355171703942,1.3478064482094422e-05,5.9385851839531165e-06,7.936434120859153e-07,0.0033840131740646828,0.0,0.0
0.001,0.001,0.001,0.001,30.0,3.0,5.809847573436496e-05,1.558235849882736e-05,0.10001080757002626,2.0800353208930688e-05,1.0415047538337085e-05,1.2996358859429595e-06,0.0036092591104054774,0.0,0.0,4.240863004863558e-05,1.2666530751107745e-05,0.093469336358452,1.4115121291102184e-05,5.6216389534707265e-06,6.584059280055233e-07,0.003294032075109931,0.0,0.0
0.001,0.001,0.001,0.001,31.0,3.0,5.726862416030057e-05,1.5318326968774787e-05,0.10019014487116229,2.036104739759964e-05,1.0163420279682701e-05,1.4068150889752203e-06,0.0035989794472916672,0.0,0.0,4.272975250103615e-05,1.2895906495587222e-05,0.09249134319242776,1.4221605080140982e-05,5.585954433517929e-06,7.771524368596059e-07,0.0033385416278704136,0.0,0.0
0.001,0.001,0.001,0.001,32.0,3.0,5.7393063519266545e-05,1.5521028476885993e-05,0.1003006791466977,2.0454760611218836e-05,9.998127915140919e-06,1.3890787498087374e-06,0.003583896837260966,0.0,0.0,4.212808175062376e-05,1.2492670078999134e-05,0.09444950396064652,1.4249335281176232e-05,5.334876060769665e-06,6.062499477567579e-07,0.0032961238924230393,0.0,0.0
0.001,0.001,0.001,0.001,33.0,3.0,5.699685712518701e-05,1.551048407188886e-05,0.09978411014184184,2.037618313487296e-05,9.712092760431158e-06,1.4196863189331405e-06,0.0035625764199666075,0.0,0.0,4.411641603022614e-05,1.3405858866833979e-05,0.09139750960992139,1.5038294119519112e-05,5.933012790685087e-06,5.994993650237904e-07,0.0034069217815544447,0.0,0.0
0.001,0.001,0.001,0.001,34.0,3.0,5.623360865339039e-05,1.5146299552872896e-05,0.09890569573054614,2.0040365159560875e-05,9.83970282485224e-06,1.3166717703124742e-06,0.003598740038045566,0.0,0.0,4.4653177421939276e-05,1.3858287710558713e-05,0.09220791620330349,1.549813115918664e-05,5.436157987295652e-06,6.398090309641008e-07,0.0033644357110174856,0.0,0.0
0.001,0.001,0.001,0.001,35.0,3.0,5.698941884145176e-05,1.5245358600302035e-05,0.09837002544393288,2.0306065340803076e-05,1.0222078883259694e-05,1.3789137130568653e-06,0.003628574112593582,0.0,0.0,4.3201103348229824e-05,1.300753612389632e-05,0.09028548553470093,1.4670348928820413e-05,5.931887379720436e-06,5.627826791269973e-07,0.0034748568886193926,0.0,0.0
0.001,0.001,0.001,0.001,36.0,3.0,5.6096759107760733e-05,1.5269173988985527e-05,0.09690228155387581,2.0111076723736184e-05,9.693323112307228e-06,1.3329574276517336e-06,0.003694816116985318,0.0,0.0,4.121267560055655e-05,1.2410461727026975e-05,0.08921765696415122,1.4012005026073918e-05,5.288988606988224e-06,5.794546601101221e-07,0.0034559677558642786,0.0,0.0
0.001,0.001,0.001,0.001,37.0,3.0,5.508937149344898e-05,1.5052561336539026e-05,0.09591720705786354,1.9754336277225505e-05,9.419477628815356e-06,1.2712756167231665e-06,0.003686673896964966,0.0,0.0,4.3721297038580205e-05,1.3172049542422433e-05,0.08936517959333434,1.5188779439097711e-05,5.621662810412886e-06,8.022871660140321e-07,0.0034701452045576677,0.0,0.0
0.001,0.001,0.001,0.001,38.0,3.0,5.386986609617184e-05,1.4531658983594848e-05,0.09401731709279124,1.914852317994595e-05,9.648335394265588e-06,1.1396170419773434e-06,0.003668231279658542,0.0,0.0,4.1514287984520666e-05,1.2261362696690232e-05,0.08867074944587648,1.441508621463413e-05,5.246173442030973e-06,7.24590804483567e-07,0.003384828449177814,0.0,0.0
0.001,0.001,0.001,0.001,39.0,3.0,5.5272161005040845e-05,1.5138601504813556e-05,0.09346777237890373,1.9933963610587544e-05,9.589134678640369e-06,1.2636839853663126e-06,0.0037066261450715817,0.0,0.0,3.998865877127624e-05,1.2404790996904295e-05,0.08657227537708233,1.3516417825717298e-05,4.9906445664212416e-06,4.1957786375174987e-07,0.0034011386322016952,0.0,0.0
0.001,0.001,0.001,0.001,40.0,3.0,5.371178544655067e-05,1.4931556176895307e-05,0.09302945512609986,1.9179203975603644e-05,9.068645800711353e-06,1.2294341623540016e-06,0.0036744742471450944,0.0,0.0,4.352006887223784e-05,1.3450830504355562e-05,0.0890105732731914,1.550129375997003e-05,5.190298469262908e-06,4.7658886143306026e-07,0.0034430172075432955,0.0,0.0
0.001,0.001,0.001,0.001,41.0,3.0,5.3421935598837874e-05,1.4656693931016912e-05,0.0930307700121951,1.9297050913875927e-05,9.033423729496552e-06,1.1316900509766563e-06,0.003737867963060961,0.0,0.0,4.258436324692057e-05,1.3427752404093485e-05,0.08507535147481472,1.5056624108754009e-05,4.994076703957866e-06,5.983751543052273e-07,0.0034773475880909297,0.0,0.0
0.001,0.001,0.001,0.001,42.0,3.0,5.241571726890512e-05,1.445328064809218e-05,0.09245555534995467,1.8801446791978216e-05,8.799271788517754e-06,1.1161626561507505e-06,0.0037293925009759844,0.0,0.0,4.3042009051300764e-05,1.3303732907902324e-05,0.08716647333385827,1.535548122686303e-05,5.010295715113782e-06,6.558521177816329e-07,0.0035074824610581766,0.0,0.0
0.001,0.001,0.001,0.001,43.0,3.0,5.4333268145280865e-05,1.4791461261920757e-05,0.0926277744193984,1.9452971165785448e-05,9.491077669771908e-06,1.3349807632392575e-06,0.0037486409687810113,0.0,0.0,4.068371651941901e-05,1.2501367593339871e-05,0.08610626766675489,1.417079816941939e-05,4.962649896589565e-06,4.382742128007352e-07,0.0034801421885023677,0.0,0.0
0.001,0.001,0.001,0.001,44.0,3.0,5.2897167692797086e-05,1.4619014230747537e-05,0.09211866571162554,1.89538392317383e-05,8.835763599454724e-06,1.2766842709297486e-06,0.0037858701107509776,0.0,0.0,4.0853725746374615e-05,1.2655449491243749e-05,0.08716056340711324,1.4218568150772861e-05,4.757795966240873e-06,5.05855829357604e-07,0.0035249945355857767,0.0,0.0
0.001,0.001,0.001,0.001,45.0,3.0,5.1765308421586545e-05,1.4023255735290621e-05,0.09211898548786407,1.8430570386207543e-05,8.873299034901136e-06,1.2262849894058369e-06,0.003815628468856694,0.0,0.0,3.96595871685332e-05,1.1804684253513946e-05,0.08781857473023925,1.3577136771295668e-05,4.914683642231138e-06,5.812254288041912e-07,0.0035283805145628513,0.0,0.0
0.001,0.001,0.001,0.001,46.0,3.0,5.1617038497037505e-05,1.4152395172235485e-05,0.09241000676231727,1.8379938798815547e-05,8.530404718330675e-06,1.3132993178706185e-06,0.003803440129143348,0.0,0.0,4.2728420680072064e-05,1.3187051095480888e-05,0.0895969660867363,1.542363872208205e-05,4.677621494198837e-06,4.80412892926134e-07,0.0035365379150625233,0.0,0.0
0.001,0.001,0.001,0.001,47.0,3.0,5.2491483981957446e-05,1.4287400192348343e-05,0.09232461805723079,1.881135082760523e-05,8.932724287189923e-06,1.2275470098712603e-06,0.0038596292869766367,0.0,0.0,3.862988728915793e-05,1.1202332889776903e-05,0.0883104217495502,1.3053085355012097e-05,5.034877991481531e-06,5.085487378348172e-07,0.003592161534156074,0.0,0.0
0.001,0.001,0.001,0.001,48.0,3.0,5.2332973537288585e-05,1.4249111367798544e-05,0.0920703669800718,1.8520570935391143e-05,8.975313019450635e-06,1.3809417035002307e-06,0.0038937932899549468,0.0,0.0,4.152777282428158e-05,1.2517037481151469e-05,0.08821385849006441,1.4804729184273339e-05,4.910466377006306e-06,4.7415414048079356e-07,0.0036163528336336003,0.0,0.0
0.001,0.001,0.001,0.001,49.0,3.0,5.167952862139456e-05,1.4036155124318377e-05,0.09188155309265422,1.8377873735586046e-05,8.862285136785877e-06,1.2150596119876342e-06,0.0038656938560153067,0.0,0.0,4.660451670201228e-05,1.4725969554457972e-05,0.08932739467896979,1.743750229393036e-05,4.919745331526059e-06,5.885603846793714e-07,0.0036275899424092874,0.0,0.0
0.001,0.001,0.001,0.001,50.0,3.0,5.0901962263882555e-05,1.3837085377402767e-05,0.09264345167908167,1.796760287239692e-05,8.598281715615841e-06,1.234647311663264e-06,0.0038571244969121585,0.0,0.0,4.414264973751676e-05,1.3737399946570608e-05,0.08793652912822383,1.6000226287792763e-05,4.900132097737809e-06,7.112383787401777e-07,0.0036145746112256185,0.0,0.0
0.001,0.001,0.001,0.001,51.0,5.0,7.29818119189017e-05,1.669623253970254e-05,0.09472600467226751,2.9419452431440274e-05,1.5577261465921017e-05,1.816265247923858e-06,0.0033114067082102923,0.0,0.0,7.349830975931326e-05,2.2617463595768142e-05,0.09308180166609656,3.231441020480747e-05,8.280072636453222e-06,9.781830722722989e-07,0.0030057304550860603,0.0,0.0
0.001,0.001,0.001,0.001,52.0,5.0,6.893427385736151e-05,1.7166979072617404e-05,0.0971489827973778,2.8063333050240773e-05,1.239692057887238e-05,1.5921430946538463e-06,0.003195055963079642,0.0,0.0,6.535056165695012e-05,2.0110429341552855e-05,0.09190887351847972,2.7886808608588582e-05,7.5083278603390084e-06,6.54109096536769e-07,0.0028936161853649954,0.0,0.0
0.001,0.001,0.001,0.001,53.0,5.0,6.706015372366125e-05,1.711456726764905e-05,0.09750440939812094,2.7236135238883644e-05,1.1616327000833643e-05,1.342683270552028e-06,0.0031840664151631237,0.0,0.0,6.18729851904e-05,1.8677634153260134e-05,0.09474182899078626,2.6559713966961366e-05,6.55206940261082e-06,6.093852348106494e-07,0.002905776531032271,0.0,0.0
0.001,0.001,0.001,0.001,54.0,5.0,6.508036281493202e-05,1.6591266008425808e-05,0.09763838289068744,2.6099226329860813e-05,1.1276518185678897e-05,1.3495142944820491e-06,0.0031865018619589352,0.0,0.0,5.323607862700427e-05,1.4720678390983259e-05,0.09707981211518871,2.2162619662361342e-05,6.259457374088529e-06,3.853422617145906e-07,0.0028836130403632632,0.0,0.0
0.001,0.001,0.001,0.001,55.0,5.0,6.464968081148124e-05,1.6401789073410783e-05,0.09746011266097596,2.5907944595731316e-05,1.1312158767000357e-05,1.2817774471434721e-06,0.003168220352565111,0.0,0.0,6.124363715000541e-05,1.8544039764115947e-05,0.09613553178959502,2.6734058799966888e-05,5.948012218281152e-06,4.0397356744817684e-07,0.00290208828274093,0.0,0.0
0.001,0.001,0.001,0.001,56.0,5.0,6.427819881121591e-05,1.680606163486296e-05,0.09733092965526122,2.571147433635e-05,1.0762074850115905e-05,1.2654952232197986e-06,0.003206144128801699,0.0,0.0,5.3152366238062625e-05,1.4905775087982554e-05,0.09405419712140835,2.2157663026287896e-05,6.3173492155215664e-06,3.6615947577195903e-07,0.002925698103684233,0.0,0.0
0.001,0.001,0.001,0.001,57.0,5.0,6.434405345582365e-05,1.66556608967666e-05,0.09785244662649438,2.585150684074222e-05,1.0768720836131556e-05,1.2829203161564862e-06,0.003284456844256868,0.0,0.0,5.9004116035891615e-05,1.6915739248854863e-05,0.09427340729234542,2.552136893561448e-05,6.627469410682607e-06,5.121978242488204e-07,0.0030516963540644817,0.0,0.0
0.001,0.001,0.001,0.001,58.0,5.0,6.433088723307347e-05,1.650790445404399e-05,0.09754689049995756,2.5868437108322875e-05,1.0926290491635434e-05,1.2735663254751676e-06,0.003294225084009963,0.0,0.0,5.910376762683916e-05,1.7385448954128394e-05,0.0943167822156987,2.514927211620206e-05,6.699496383929162e-06,4.3787216455604346e-07,0.0030034841388438217,0.0,0.0
0.001,0.001,0.001,0.001,59.0,5.0,6.237125960682309e-05,1.6024774761303928e-05,0.09728177636881927,2.4881051804305086e-05,1.0513418692546436e-05,1.2238371409569527e-06,0.0032714684615975046,0.0,0.0,5.906995118316142e-05,1.740220326462359e-05,0.09504198257842761,2.506073403798594e-05,6.571550456043866e-06,5.312655052651892e-07,0.0029999113697220564,0.0,0.0
0.001,0.001,0.001,0.001,60.0,5.0,6.116493262931752e-05,1.592536878526476e-05,0.09752239358183315,2.4034890079392996e-05,1.0249641421538748e-05,1.2027934886361474e-06,0.0033409368943229127,0.0,0.0,6.058188074924633e-05,1.785814289153079e-05,0.09479950276962518,2.6000772546371586e-05,6.5847217172422545e-06,6.582935792726903e-07,0.0030602790743705006,0.0,0.0
0.001,0.001,0.001,0.001,61.0,5.0,6.152557589174893e-05,1.625858215052941e-05,0.09783976929284569,2.410149714461178e-05,1.0164028172161738e-05,1.2174918727276696e-06,0.003331558592069098,0.0,0.0,5.592142113963586e-05,1.6052644389995748e-05,0.09529363395535131,2.318119663377556e-05,6.603705838924199e-06,5.545109437089911e-07,0.00308888282243713,0.0,0.0
0.001,0.001,0.001,0.001,62.0,5.0,6.284736894678609e-05,1.6665651206961284e-05,0.09707606595164228,2.457872312119679e-05,1.0709603060089154e-05,1.1857854410174999e-06,0.0034216639904351073,0.0,0.0,5.373144257431745e-05,1.4858524398232751e-05,0.09448542346084747,2.2374695275323896e-05,6.523467491583566e-06,5.262134174476649e-07,0.003103829467912223,0.0,0.0
0.001,0.001,0.001,0.001,63.0,5.0,5.913724849775371e-05,1.5598766210319972e-05,0.096245859782193,2.3246111149566443e-05,9.593362633653506e-06,1.0744227826984567e-06,0.0034253586188603934,0.0,0.0,5.483083131788709e-05,1.636170564404644e-05,0.0940163805501257,2.2742005744055493e-05,5.8516161121303525e-06,4.7386589443108146e-07,0.003113728641253045,0.0,0.0
0.001,0.001,0.001,0.001,64.0,5.0,6.219641648180033e-05,1.67882622442104e-05,0.09650999091728422,2.4067797456245405e-05,1.033245305185062e-05,1.3569049332154956e-06,0.0034935369657747577,0.0,0.0,5.3084350366182805e-05,1.5370248001371287e-05,0.09438720752477851,2.1815346731261375e-05,5.971814795924801e-06,4.882202869836183e-07,0.003208252020154467,0.0,0.0
0.001,0.001,0.001,0.001,65.0,5.0,5.935581716781315e-05,1.5607889829575202e-05,0.09516219943878552,2.310523957942696e-05,9.986305178886098e-06,1.1401629696421705e-06,0.003490387941589522,0.0,0.0,4.7450204953229716e-05,1.309920568748634e-05,0.09455792339278793,1.8963317691037886e-05,5.402379009375671e-06,5.295103476310535e-07,0.0031069926523129387,0.0,0.0
0.001,0.001,0.001,0.001,66.0,5.0,5.9655153455485106e-05,1.5839131024653816e-05,0.09381086581407833,2.3265123408116725e-05,1.0069930350759253e-05,1.0998823309486611e-06,0.0035207449175502555,0.0,0.0,4.8325551366029015e-05,1.3167580044917403e-05,0.0923355393556036,2.027885952534584e-05,5.119042411867243e-06,5.265153825607154e-07,0.0031155964581806184,0.0,0.0
0.001,0.001,0.001,0.001,67.0,5.0,5.809028002071023e-05,1.5366763744616224e-05,0.09228097726259242,2.2691569249339266e-05,9.661550089965193e-06,1.1422994992964993e-06,0.0035134982102848697,0.0,0.0,4.5636734536471843e-05,1.236150722590534e-05,0.08882476030080197,1.843700874697201e-05,5.433741593899701e-06,5.220011413751111e-07,0.0031024239596716785,0.0,0.0
0.001,0.001,0.001,0.001,68.0,5.0,5.774924044078655e-05,1.54196943919292e-05,0.09095101767255301,2.2468252980479154e-05,9.649673265225057e-06,1.1165182827542994e-06,0.0035246089984337582,0.0,0.0,4.708434051189889e-05,1.2900111000766465e-05,0.0881699657223816,1.926959523885465e-05,5.313068329952875e-06,7.845692421484247e-07,0.0031381412171786883,0.0,0.0
0.001,0.001,0.001,0.001,69.0,5.0,5.937107763132426e-05,1.6067834445077825e-05,0.08994198437303273,2.3017206426895054e-05,9.95109294726234e-06,1.3407456432813757e-06,0.003614467095525012,0.0,0.0,4.4730491565177e-05,1.2064557252941286e-05,0.08836057086699774,1.7890569040888452e-05,5.382786847840746e-06,5.565214980871182e-07,0.003263589617769679,0.0,0.0
0.001,0.001,0.001,0.001,70.0,5.0,6.000837795963539e-05,1.6140562644057804e-05,0.08828962557300564,2.3667179963973955e-05,1.0150827619561077e-05,1.22084527513588e-06,0.003662934762719726,0.0,0.0,5.1988267039219294e-05,1.4675636575372656e-05,0.08633939181305565,2.241426017515467e-05,5.883972295247586e-06,3.80458743866343e-07,0.0033134686114232705,0.0,0.0
0.001,0.001,0.001,0.001,71.0,5.0,5.596789958282692e-05,1.4826738919393753e-05,0.08782567035333673,2.1909351296418865e-05,9.407539064945702e-06,1.0417034666922351e-06,0.0036691848984291707,0.0,0.0,4.4775225083307865e-05,1.2199923776397233e-05,0.08602922209502296,1.8054134193668988e-05,5.184385103915727e-06,7.338599069628838e-07,0.0032804199303649267,0.0,0.0
0.001,0.001,0.001,0.001,72.0,5.0,5.7826299477587557e-05,1.5335102167717606e-05,0.08813060308558278,2.2470795635809417e-05,9.908552304469497e-06,1.2987891119941e-06,0.0036491204408072874,0.0,0.0,5.112939727454999e-05,1.4683358105210538e-05,0.0860064400870324,2.1160089702269664e-05,5.7386774961264894e-06,9.466282349535798e-07,0.0032389699372759955,0.0,0.0
0.001,0.001,0.001,0.001,73.0,5.0,5.709950319534949e-05,1.5122782493191782e-05,0.08756157728561863,2.2543394997707297e-05,9.434331394374676e-06,1.2428369250753239e-06,0.003720252930350031,0.0,0.0,4.84502562737779e-05,1.367148523698728e-05,0.08472539060777287,2.0441866853661182e-05,5.20189033985126e-06,6.624747895570615e-07,0.0033108216839984974,0.0,0.0
0.001,0.001,0.001,0.001,74.0,5.0,5.625173097286129e-05,1.5197995686898941e-05,0.08753847066060556,2.201089046517136e-05,9.11046786476329e-06,1.1785299403518837e-06,0.0037946092129214127,0.0,0.0,5.400612348854234e-05,1.6023464614766218e-05,0.08568270116812625,2.2936125845348406e-05,5.749072785922838e-06,7.291903469571481e-07,0.003404925568488104,0.0,0.0
0.001,0.001,0.001,0.001,75.0,5.0,5.774652285715494e-05,1.5422674022060417e-05,0.087125354485388,2.249080637710281e-05,1.0000528964389698e-05,1.119978054659515e-06,0.0038076464109613206,0.0,0.0,4.4522878007112875e-05,1.2112114013991919e-05,0.08523143391312457,1.8370651680232684e-05,5.050573600424298e-06,4.663952712475334e-07,0.0033234208870547128,0.0,0.0
0.001,0.001,0.001,0.001,76.0,5.0,5.715917923613455e-05,1.5150715444576772e-05,0.08706774033080984,2.2267674117487877e-05,9.8447907190731e-06,1.1892252151558412e-06,0.0038240791407201033,0.0,0.0,5.170765188666521e-05,1.5120722919800834e-05,0.08560077278080333,2.1871402461679717e-05,5.683417439349018e-06,4.7203184412542794e-07,0.00342319143876472,0.0,0.0
0.001,0.001,0.001,0.001,77.0,5.0,5.543809930210257e-05,1.4748971378137523e-05,0.08660832052534034,2.133138673626772e-05,9.514580041550267e-06,1.182329351029161e-06,0.00383075278481087,0.0,0.0,5.425844686284948e-05,1.6436133429991356e-05,0.08418202912797161,2.341131904903671e-05,5.484900688561232e-06,5.078907925061361e-07,0.0034816688234139436,0.0,0.0
0.001,0.001,0.001,0.001,78.0,5.0,5.685074998920952e-05,1.5143706882581299e-05,0.08680036679706814,2.1729075515567593e-05,9.900880336946434e-06,1.3970507389632458e-06,0.0038882979145023256,0.0,0.0,4.776216523932911e-05,1.303762120087625e-05,0.08475479254355797,1.9916707350538003e-05,5.358888115992168e-06,9.734697002874538e-07,0.0034290162022181285,0.0,0.0
0.001,0.001,0.001,0.001,79.0,5.0,5.661111461827162e-05,1.5200380847846339e-05,0.0863769424718028,2.2026303314899312e-05,9.451649503172724e-06,1.2950870099780822e-06,0.003931033061394406,0.0,0.0,4.655224390829211e-05,1.2652029214182272e-05,0.08476541520401436,1.941364205599409e-05,5.433626295204689e-06,5.76404961263452e-07,0.0034992637784061705,0.0,0.0
0.001,0.001,0.001,0.001,80.0,5.0,5.6163293625269136e-05,1.4998623641347723e-05,0.08644445126467742,2.186564925767209e-05,9.395912297244157e-06,1.2586636739983022e-06,0.003944137620765223,0.0,0.0,4.485852467956693e-05,1.2496304610058807e-05,0.08458331162906868,1.823858763658753e-05,5.018185274097814e-06,6.47116293236564e-07,0.003492606167062512,0.0,0.0
0.001,0.001,0.001,0.001,81.0,5.0,5.586698947388124e-05,1.4993147390601404e-05,0.08630869397016841,2.18664645561297e-05,9.04220869288674e-06,1.3343000619518209e-06,0.003977698071873789,0.0,0.0,4.583454597097409e-05,1.2129631647590107e-05,0.08620636380223642,1.875552702204743e-05,5.554399733861491e-06,7.743513820338947e-07,0.003558548858796561,0.0,0.0
0.001,0.001,0.001,0.001,82.0,5.0,5.429483922773998e-05,1.4389858407548325e-05,0.08632827512236649,2.1189893607116167e-05,9.026552584919221e-06,1.0557072898544292e-06,0.003925357610554792,0.0,0.0,4.3821354077077675e-05,1.1704707778796075e-05,0.08585562261405852,1.815305437558044e-05,4.975610549236324e-06,4.0241926026180993e-07,0.0035392702303588546,0.0,0.0
0.001,0.001,0.001,0.001,83.0,5.0,5.6167136422843196e-05,1.4864913013327938e-05,0.08659322828345037,2.227819182906978e-05,9.222500481087975e-06,1.1422083607894414e-06,0.003937383038425899,0.0,0.0,6.517417727618026e-05,2.0749396119305387e-05,0.08363562332934724,2.8698616135212337e-05,6.386295704862133e-06,9.763071653618407e-07,0.003534302995246396,0.0,0.0
0.001,0.001,0.001,0.001,84.0,5.0,5.6255154268368726e-05,1.5107554720292322e-05,0.08654205405806475,2.1615234268193205e-05,9.563861393614091e-06,1.3142986705432887e-06,0.004030091014494048,0.0,0.0,4.574068876526897e-05,1.2525644365170558e-05,0.08486533847572274,1.884493452924756e-05,5.3041658919919535e-06,5.794102495309993e-07,0.003550263409894813,0.0,0.0
0.001,0.001,0.001,0.001,85.0,5.0,5.827954671276244e-05,1.595792047095156e-05,0.08628142595851425,2.2905038960298737e-05,9.512008472145013e-06,1.2764364062436002e-06,0.004055783997439594,0.0,0.0,5.059903501523916e-05,1.4020685928969507e-05,0.08476332409585872,2.1650864520902208e-05,5.822923431153969e-06,6.282289580627476e-07,0.003590575649580929,0.0,0.0
0.001,0.001,0.001,0.001,86.0,5.0,5.557933964336686e-05,1.4567042380949632e-05,0.08577481044793914,2.1702697748875886e-05,9.551710491861888e-06,1.180408196769711e-06,0.004034882994037964,0.0,0.0,4.832242574166851e-05,1.3121981338704791e-05,0.08415098914630267,2.0581020291380716e-05,5.443002647115084e-06,7.613228106889082e-07,0.0035706152374773265,0.0,0.0
0.001,0.001,0.001,0.001,87.0,5.0,5.677041876553594e-05,1.5155672715796373e-05,0.08632992722446453,2.2351029355400614e-05,9.410373106756262e-06,1.2203511700349885e-06,0.004081374195941872,0.0,0.0,4.467878775511544e-05,1.2430155258703222e-05,0.08423416809780183,1.78544221738604e-05,5.356928221628398e-06,6.138655420964842e-07,0.0035628399166923305,0.0,0.0
0.001,0.001,0.001,0.001,88.0,5.0,5.616182748276285e-05,1.547599185090557e-05,0.08650854583729518,2.1612583603875278e-05,9.081578482592198e-06,1.3408193151467148e-06,0.00408039341206579,0.0,0.0,5.119062125695509e-05,1.4508218848628056e-05,0.08511444818077153,2.1771579870006635e-05,5.69985576351828e-06,6.995223381495898e-07,0.003696537761753401,0.0,0.0
0.001,0.001,0.001,0.001,89.0,5.0,5.6943122457533975e-05,1.5003867007796071e-05,0.08615875908113924,2.192188790601523e-05,1.0174108432066617e-05,1.2273832363427225e-06,0.004137545468034667,0.0,0.0,4.827805988893256e-05,1.368667535651769e-05,0.08484234048460924,2.0069846251005283e-05,5.27909808871656e-06,7.582063901475175e-07,0.0036427035892354896,0.0,0.0
0.001,0.001,0.001,0.001,90.0,5.0,5.601764395031275e-05,1.4681607660888564e-05,0.0862218271355804,2.1942912474203405e-05,9.553860110958266e-06,1.2170811848257465e-06,0.0041383687184494596,0.0,0.0,4.786578275542223e-05,1.3072239768571826e-05,0.08462086276134335,1.9531160231725257e-05,5.837515350098032e-06,9.627814034488717e-07,0.003597514901081601,0.0,0.0
0.001,0.001,0.001,0.001,91.0,5.0,5.570783603667686e-05,1.5265618575326476e-05,0.08588706300393943,2.1619332821642266e-05,9.020395569699157e-06,1.2137829156112197e-06,0.004146403500356994,0.0,0.0,5.056308711216485e-05,1.491123236590876e-05,0.08381456919755004,2.1130846188519478e-05,5.360228731129364e-06,7.79323061519165e-07,0.003695169037937242,0.0,0.0
0.001,0.001,0.001,0.001,92.0,5.0,5.547585086633374e-05,1.4681351181662976e-05,0.0859176395861708,2.171755437905117e-05,9.271398251869669e-06,1.2137831208930255e-06,0.004132132291478259,0.0,0.0,5.013754080783603e-05,1.4294199407305537e-05,0.08460546549580276,2.1041757812555333e-05,5.474629388165211e-06,8.664079678488058e-07,0.003664888622675513,0.0,0.0
0.001,0.001,0.001,0.001,93.0,5.0,5.582700502377843e-05,1.490153876044781e-05,0.08601279746371657,2.158647421096173e-05,9.54157254013542e-06,1.196139865110425e-06,0.004155024239103475,0.0,0.0,4.498279891602692e-05,1.2447832406824192e-05,0.08497521644434027,1.7874054572871597e-05,5.312166307433967e-06,8.512240306420387e-07,0.0036250241986228765,0.0,0.0
0.001,0.001,0.001,0.001,94.0,5.0,5.641149124941907e-05,1.496559217090677e-05,0.08614148708124131,2.2029173649518496e-05,9.400606218746515e-06,1.4019706972543428e-06,0.004160272010798354,0.0,0.0,4.603140684594895e-05,1.2878660771819903e-05,0.08390871754162457,1.8824230310775366e-05,5.1432887096315604e-06,7.94355613254214e-07,0.0036432706487712,0.0,0.0
0.001,0.001,0.001,0.001,95.0,5.0,5.4347825616187626e-05,1.4670454784306919e-05,0.0858220341094763,2.1293412111293524e-05,8.76649697101561e-06,1.035258435374694e-06,0.0041561184587282475,0.0,0.0,4.578446937192074e-05,1.248274351266521e-05,0.08544252219134194,1.8783639471836028e-05,5.417780585932944e-06,5.560539613108982e-07,0.0036889074560232274,0.0,0.0
0.001,0.001,0.001,0.001,96.0,5.0,5.414806728609433e-05,1.4051620147562061e-05,0.08615980570527743,2.0955949192924135e-05,9.208001050688296e-06,1.3165164177047525e-06,0.004171523288106072,0.0,0.0,5.7700279366952274e-05,1.818035995106902e-05,0.0845421463534455,2.432760297861707e-05,5.5873497456822115e-06,1.1507520889667669e-06,0.0036534396537105484,0.0,0.0
0.001,0.001,0.001,0.001,97.0,5.0,5.36560479493681e-05,1.446493013211964e-05,0.08598258904212137,2.0757991536655605e-05,8.641309334226134e-06,1.19355826270432e-06,0.004174778192405431,0.0,0.0,4.528589933708571e-05,1.2681447894096565e-05,0.08458955061775708,1.8682921916938317e-05,4.808319447225662e-06,6.542551914927425e-07,0.0036881369375201165,0.0,0.0
0.001,0.001,0.001,0.001,98.0,5.0,5.448600640833276e-05,1.4384600306995917e-05,0.08590945977001077,2.1325676754448268e-05,8.93769825432321e-06,1.2470853394261683e-06,0.004190896935566766,0.0,0.0,5.080611388789258e-05,1.5424636331649076e-05,0.08357960207254184,2.0818886626399875e-05,5.285131639032796e-06,9.194992617974888e-07,0.0037215245266218793,0.0,0.0
0.001,0.001,0.001,0.001,99.0,5.0,5.3624128149380356e-05,1.4287963495842994e-05,0.08585090768069664,2.0788018709344476e-05,8.836254553476213e-06,1.126800820867264e-06,0.0042138701649791005,0.0,0.0,5.013620842089426e-05,1.5053466622993976e-05,0.0829097904979719,2.069975642830062e-05,5.092133231724674e-06,9.99873563660514e-07,0.00361258980263485,0.0,0.0
0.001,0.001,0.001,0.001,100.0,5.0,5.6960686418354865e-05,1.4866127621453278e-05,0.08605415581310881,2.2094441511463642e-05,9.994172510236655e-06,1.4005293953635563e-06,0.004284422530995843,0.0,0.0,4.714728284029728e-05,1.3366445959525297e-05,0.08335788240181338,1.9100094088497603e-05,5.399509229923087e-06,9.454455329956992e-07,0.0037821871651112777,0.0,0.0
0.001,0.001,0.001,0.001,101.0,10.0,7.678342402342451e-05,1.6189492909302117e-05,0.08601043707405882,3.42922532203589e-05,1.6460169487310364e-05,1.2404651844628232e-06,0.003908858603010275,0.0,0.0,5.2632100201744804e-05,1.1635944971851861e-05,0.08667763374152893,2.4335287804728427e-05,7.60112975882816e-06,3.9197440529675066e-07,0.003452282730863787,0.0,0.0
0.001,0.001,0.001,0.001,102.0,10.0,6.86450225410342e-05,1.543711121374846e-05,0.087227796884195,2.9948626933230775e-05,1.3312308271391059e-05,1.2241965629523258e-06,0.003734666901739434,0.0,0.0,5.429786852458017e-05,1.3420679957644065e-05,0.08734703174821233,2.4739829062294475e-05,6.84330986813743e-06,5.593464553939154e-07,0.0033109025493148186,0.0,0.0
0.001,0.001,0.001,0.001,103.0,10.0,6.69794315097852e-05,1.5624627835071094e-05,0.08773648204011593,2.9299381423309717e-05,1.2081921115750804e-05,1.1998529630797751e-06,0.0036557181701211026,0.0,0.0,5.3831100687483294e-05,1.3301259426934155e-05,0.08681855559555304,2.440013999161093e-05,6.8845152854148405e-06,5.633305968535673e-07,0.0032383715733885765,0.0,0.0
0.001,0.001,0.001,0.001,104.0,10.0,7.271137748561558e-05,1.719698791341501e-05,0.08827790836986378,3.195342829130269e-05,1.3269062842283902e-05,1.4641077340497147e-06,0.0036250921565749417,0.0,0.0,5.30714131883671e-05,1.1322011016191688e-05,0.08740748516622299,2.5363190927746975e-05,7.257914478447444e-06,3.8754837391682653e-07,0.0031550851880949777,0.0,0.0
0.001,0.001,0.001,0.001,105.0,10.0,6.775935789070627e-05,1.568787549626319e-05,0.08757346556975651,3.047887799629136e-05,1.1796853612589972e-05,1.0384043615181628e-06,0.003558344483344959,0.0,0.0,5.1680562719537566e-05,1.3107039878918983e-05,0.08668832620122441,2.283089636822457e-05,6.273129547653581e-06,8.006646790522373e-07,0.0030805191732491896,0.0,0.0
0.001,0.001,0.001,0.001,106.0,10.0,6.669684922445672e-05,1.528474547025338e-05,0.08863096879774816,2.9652604898201197e-05,1.1710583818718736e-05,1.1858183411856098e-06,0.003462132669542337,0.0,0.0,5.667019159052518e-05,1.4205201028637342e-05,0.08827655061202891,2.6255139144765702e-05,6.742513655619757e-06,6.396827016536584e-07,0.003052374468085108,0.0,0.0
0.001,0.001,0.001,0.001,107.0,10.0,6.850160283850045e-05,1.6318081532022706e-05,0.08890107965318662,2.9656496438264546e-05,1.2274198282803023e-05,1.3627188366520593e-06,0.0034587763056470157,0.0,0.0,5.3423355147907204e-05,1.3377910387090703e-05,0.08808870273271646,2.5148307431160326e-05,5.793253530837036e-06,2.950138902073452e-07,0.0030909333705167355,0.0,0.0
0.001,0.001,0.001,0.001,108.0,10.0,6.892750380845378e-05,1.6177456929259896e-05,0.0886145745757037,3.115777764009648e-05,1.1587738108847997e-05,1.1430736598489756e-06,0.003435765249358658,0.0,0.0,5.6508488442638415e-05,1.4417442998567989e-05,0.08856046957746921,2.5755723939516607e-05,6.915721530298671e-06,5.635534372171839e-07,0.0030411394461215984,0.0,0.0
0.001,0.001,0.001,0.001,109.0,10.0,6.763163038300355e-05,1.5332162997264366e-05,0.08851492055562851,3.012984669917348e-05,1.2178107441005117e-05,1.1400215610393994e-06,0.0033930880016949687,0.0,0.0,5.1313359615135984e-05,1.2963432521476165e-05,0.08839848725234761,2.346602442957472e-05,5.633667032424955e-06,4.103868824252657e-07,0.002998366549121261,0.0,0.0
0.001,0.001,0.001,0.001,110.0,10.0,6.481506999258589e-05,1.5089040586347164e-05,0.08899840730660057,2.8889077934660614e-05,1.0852523847329076e-05,1.0845870376180137e-06,0.0033204530811716186,0.0,0.0,5.20087432016169e-05,1.4706535588705306e-05,0.0886465451296638,2.2954748134142545e-05,5.100002256061256e-06,3.8280282381093053e-07,0.002962808677391713,0.0,0.0
0.001,0.001,0.001,0.001,111.0,10.0,6.843491547733777e-05,1.639807486439911e-05,0.08906876990952338,3.0515121827273847e-05,1.1235482730207968e-05,1.3793597528331026e-06,0.0033778014632900835,0.0,0.0,5.564537525161292e-05,1.3168586162706957e-05,0.08917212251664033,2.6396670290237234e-05,6.716628271805628e-06,4.4627809737727353e-07,0.002984476123475647,0.0,0.0
0.001,0.001,0.001,0.001,112.0,10.0,6.688735433830642e-05,1.5763788107389128e-05,0.08853856363371472,2.986605537123865e-05,1.122347744325964e-05,1.1801773646142056e-06,0.003370651739757975,0.0,0.0,5.1900044423072826e-05,1.299503115018631e-05,0.08894175190517234,2.3139385712528594e-05,6.121496885671432e-06,7.499556269007604e-07,0.0029909018319177485,0.0,0.0
0.001,0.001,0.001,0.001,113.0,10.0,6.813560156803586e-05,1.616254981106123e-05,0.0889942333682237,3.0418608038293705e-05,1.1447192122340683e-05,1.2078286015814676e-06,0.0033241642941372993,0.0,0.0,5.6368862255849023e-05,1.437020338114295e-05,0.08811749958765136,2.629038731686998e-05,6.517603751954431e-06,3.7891804150040684e-07,0.0030123502915164386,0.0,0.0
0.001,0.001,0.001,0.001,114.0,10.0,6.71774301213954e-05,1.5790367082089226e-05,0.08859494024124077,2.9877531044566474e-05,1.1464939435829259e-05,1.1850988330016015e-06,0.0033014992466879924,0.0,0.0,5.353905298226677e-05,1.3975950163997252e-05,0.08815219853988568,2.4717298340443405e-05,5.635380888646833e-06,3.952037577131403e-07,0.0029691249779892834,0.0,0.0
0.001,0.001,0.001,0.001,115.0,10.0,6.811056701847161e-05,1.5978538787428974e-05,0.08877951680691379,3.089777282203455e-05,1.1165876497992474e-05,1.1904273718562626e-06,0.003268975258865309,0.0,0.0,6.182117027857552e-05,1.66365944458379e-05,0.08806640569726489,2.8730501079417553e-05,6.988080889827099e-06,6.59353379535293e-07,0.00297583115954197,0.0,0.0
0.001,0.001,0.001,0.001,116.0,10.0,6.651301495759807e-05,1.5628064699224375e-05,0.08848824644909213,2.9895700210151225e-05,1.0934566012504421e-05,1.2058597477384935e-06,0.0032723639704280412,0.0,0.0,5.7374405111744115e-05,1.5755331018207688e-05,0.08841317340370693,2.6457948652306565e-05,6.009229086271498e-06,3.1057893041062903e-07,0.0029606338071549846,0.0,0.0
0.001,0.001,0.001,0.001,117.0,10.0,6.503799677670896e-05,1.4992983703272309e-05,0.08861423307060085,2.8995156459987005e-05,1.1131611697226795e-05,1.0568220307888726e-06,0.003239368045852661,0.0,0.0,5.4425194302201595e-05,1.400766724495118e-05,0.0898490619803795,2.4878264352315504e-05,6.04805070554409e-06,5.063060858749105e-07,0.0029292897422794756,0.0,0.0
0.001,0.001,0.001,0.001,118.0,10.0,6.810660236388818e-05,1.604857797085078e-05,0.0888323892712036,3.0558638453312185e-05,1.1286465046306395e-05,1.3296822877342973e-06,0.00322781802946479,0.0,0.0,5.757659215355819e-05,1.5625107217542113e-05,0.08911194752863122,2.6578403238367625e-05,6.0487325814946415e-06,4.1315497882096426e-07,0.0029037915706750534,0.0,0.0
0.001,0.001,0.001,0.001,119.0,10.0,6.617066943005327e-05,1.547371740829225e-05,0.08859233218503441,2.9890399577350923e-05,1.0748879236199714e-05,1.1984400441194183e-06,0.003248077383536238,0.0,0.0,5.312205476600356e-05,1.4978847691611424e-05,0.08926309482758434,2.3195846103517775e-05,5.495096583308938e-06,5.259551546030166e-07,0.0029071904364393244,0.0,0.0
0.001,0.001,0.001,0.001,120.0,10.0,6.959296744519201e-05,1.679090848902429e-05,0.08871145114588011,3.0895291092654004e-05,1.1681327500694025e-05,1.3542955959746998e-06,0.0032442414150552056,0.0,0.0,5.2377292603646265e-05,1.2620654903556894e-05,0.08804134800256742,2.4421254737210718e-05,6.246243599489893e-06,2.850048045378741e-07,0.0028804253430708368,0.0,0.0
0.001,0.001,0.001,0.001,121.0,10.0,6.620174702630241e-05,1.548033731080516e-05,0.08845051909983279,3.0243619265289342e-05,1.0752868308262868e-05,8.798703177084422e-07,0.003185144616673559,0.0,0.0,5.84597579718855e-05,1.532378808242419e-05,0.08905366519433817,2.7281207280400372e-05,6.566856752064186e-06,3.8253976653177987e-07,0.002842662681158387,0.0,0.0
0.001,0.001,0.001,0.001,122.0,10.0,6.778584716639621e-05,1.6297677030352557e-05,0.08883150229690134,2.978441917545016e-05,1.1384952991497627e-05,1.4356481114699972e-06,0.003210426333245484,0.0,0.0,5.652670896996601e-05,1.4843350281902354e-05,0.0880588906137176,2.6246056131325512e-05,6.201986112126392e-06,4.294275624337306e-07,0.002875598411762178,0.0,0.0
0.001,0.001,0.001,0.001,123.0,10.0,6.547194634765121e-05,1.564590377481017e-05,0.08825545154995136,2.970458454792157e-05,1.0323236020253313e-05,9.72677069845115e-07,0.0031698913422401674,0.0,0.0,6.092254412660591e-05,1.678603636993137e-05,0.08832950792098128,2.8203822807488427e-05,6.611150413084606e-06,4.885842895261694e-07,0.0029024785226629884,0.0,0.0
0.001,0.001,0.001,0.001,124.0,10.0,6.627479267782287e-05,1.534188070383405e-05,0.08872876434947512,2.9812237068495828e-05,1.104646886709447e-05,1.2013297235024824e-06,0.003149873698539548,0.0,0.0,5.975456164611437e-05,1.7042044604888587e-05,0.0887147183803951,2.6748465323897953e-05,6.574809948071378e-06,5.177704859001424e-07,0.002815391306014519,0.0,0.0
0.001,0.001,0.001,0.001,125.0,10.0,6.499802034684543e-05,1.5100252977553828e-05,0.08876039086605103,2.9352032368118974e-05,1.0570860852324626e-05,1.0988351996481622e-06,0.0031639274732693226,0.0,0.0,6.12973627542906e-05,1.7976080852063314e-05,0.08892814402555511,2.7209310836759804e-05,6.637460043723257e-06,5.816967690183743e-07,0.002848690268535257,0.0,0.0
0.001,0.001,0.001,0.001,126.0,10.0,6.523235904311891e-05,1.5326715699015818e-05,0.08838234680378566,2.9226288932062833e-05,1.0610715161402968e-05,1.230404642390058e-06,0.0031740098162458736,0.0,0.0,5.78927135352403e-05,1.618179658967212e-05,0.08760729138207683,2.5423654722443894e-05,6.791562883874299e-06,7.34970435595324e-07,0.002845963243246852,0.0,0.0
0.001,0.001,0.001,0.001,127.0,10.0,6.414676655122208e-05,1.4819665920333716e-05,0.08854030872427507,2.8616372561228435e-05,1.075217922126526e-05,1.1045181341648317e-06,0.0031706918091252466,0.0,0.0,6.432610891956173e-05,1.91458248459844e-05,0.08831613216948757,2.866509820922833e-05,7.002273091049864e-06,6.812995352715114e-07,0.002814991360974972,0.0,0.0
0.001,0.001,0.001,0.001,128.0,10.0,6.653980220145038e-05,1.6012018187486776e-05,0.08845748455326541,2.997179646693082e-05,1.0398419225325144e-05,1.3118200809843189e-06,0.0031690424921649715,0.0,0.0,5.517104888413622e-05,1.5191902433527886e-05,0.0883412733931855,2.46797666080978e-05,6.078411651615044e-06,3.868411106922926e-07,0.002829556240600286,0.0,0.0
0.001,0.001,0.001,0.001,129.0,10.0,6.526961947971979e-05,1.5324107440867968e-05,0.08817764023566779,2.950978420139245e-05,1.0503234047844474e-05,1.114730054458373e-06,0.003125982086303822,0.0,0.0,6.162366089074724e-05,1.6719471012881818e-05,0.08929193852578893,2.867476309786706e-05,6.935719941173683e-06,3.645133842625397e-07,0.0028219065736901903,0.0,0.0
0.001,0.001,0.001,0.001,130.0,10.0,6.432163965977023e-05,1.5209433318530654e-05,0.08844027213708196,2.8683002638547465e-05,1.0450830513575905e-05,1.1343462051948499e-06,0.0030799335668416482,0.0,0.0,5.673806731229419e-05,1.6675585855812558e-05,0.08774867548146463,2.5113926846193126e-05,5.790205566655336e-06,3.8348153796923916e-07,0.0027684549354725745,0.0,0.0
0.001,0.001,0.001,0.001,131.0,10.0,6.571408596086858e-05,1.5473868254551612e-05,0.0884622682587022,2.9717606050339847e-05,1.0503428935698737e-05,1.1729560388243412e-06,0.0030995838857090573,0.0,0.0,5.4187550977642635e-05,1.4652601037590174e-05,0.08930860557770647,2.353319292794893e-05,6.474417222335562e-06,5.964794803287178e-07,0.002781921411158717,0.0,0.0
0.001,0.001,0.001,0.001,132.0,10.0,6.55576327563155e-05,1.5620286484541798e-05,0.08838633753447668,2.875488210427479e-05,1.095932862998246e-05,1.3845018369272638e-06,0.0030727125244425792,0.0,0.0,5.358678178510678e-05,1.392573383807468e-05,0.08748419214181834,2.4323996734842365e-05,6.100239320096652e-06,4.883927677227548e-07,0.002732086705147034,0.0,0.0
0.001,0.001,0.001,0.001,133.0,10.0,6.513088438070991e-05,1.5193618256495443e-05,0.08804718874470766,2.9698671953549524e-05,1.0351373005563497e-05,1.0825025187537903e-06,0.0030657821252259034,0.0,0.0,6.0193679950517844e-05,1.7458762084684276e-05,0.08779729632048458,2.6644378980072548e-05,6.8907989664105975e-06,4.2001040862572543e-07,0.0028070718248191075,0.0,0.0
0.001,0.001,0.001,0.001,134.0,10.0,6.40309917935324e-05,1.4879736927243633e-05,0.08809759621295468,2.8655516776686384e-05,1.062171515954347e-05,1.0642637145961558e-06,0.0030892744837681236,0.0,0.0,5.689005316702398e-05,1.6135181371830254e-05,0.08912750552682315,2.5011124951208744e-05,6.192657900370111e-06,6.383383266709259e-07,0.0027571979404191864,0.0,0.0
0.001,0.001,0.001,0.001,135.0,10.0,6.47751177995364e-05,1.5094462643089855e-05,0.08869684996730759,2.8627605447106287e-05,1.0855160928285531e-05,1.328203821084691e-06,0.003092258960931969,0.0,0.0,5.593378922023293e-05,1.547079723564556e-05,0.08758125876988507,2.475876688354644e-05,6.355660934511645e-06,5.904385215182572e-07,0.0027320979696385896,0.0,0.0
0.001,0.001,0.001,0.001,136.0,10.0,6.449160830080707e-05,1.5167462224027332e-05,0.08803099048172763,2.9040698372342777e-05,1.0340143239767642e-05,1.1402056913507264e-06,0.0030757706141517588,0.0,0.0,5.8093285371110756e-05,1.5852023170107675e-05,0.08887478972182554,2.681154317788147e-05,6.161927215396072e-06,3.803133567424549e-07,0.0027733510207049675,0.0,0.0
0.001,0.001,0.001,0.001,137.0,10.0,6.446650547465183e-05,1.5209161248304237e-05,0.0882040194247138,2.9082913067954927e-05,1.0307707500590716e-05,1.046321944164542e-06,0.0030537813983207386,0.0,0.0,5.744781069347561e-05,1.6874224570135516e-05,0.08826279176147751,2.4754111754502957e-05,6.346218534948134e-06,6.469774602778025e-07,0.0027064793118014674,0.0,0.0
0.001,0.001,0.001,0.001,138.0,10.0,6.414297549684828e-05,1.4896558650964018e-05,0.08824088899903983,2.8672892101805702e-05,1.0536623550096e-05,1.2128125049646391e-06,0.0030031808094790153,0.0,0.0,5.0649099837403314e-05,1.3723361514251723e-05,0.08750071325001008,2.2392434380688925e-05,5.281075810108289e-06,5.02157187011076e-07,0.002681333976104907,0.0,0.0
0.001,0.001,0.001,0.001,139.0,10.0,6.428262048343531e-05,1.5227769080962789e-05,0.08820017186366791,2.875898344873096e-05,1.0283484706063633e-05,1.1923659927574312e-06,0.003024422677295147,0.0,0.0,5.9131284077288453e-05,1.857974681669472e-05,0.0870429390338878,2.485266305361667e-05,6.3491448829302165e-06,6.454356085042872e-07,0.0027337036430706823,0.0,0.0
0.001,0.001,0.001,0.001,140.0,10.0,6.490017179954709e-05,1.5305407185603984e-05,0.08806713401960536,2.9025860851653265e-05,1.0540784181072644e-05,1.2214064508831409e-06,0.0030042553518107033,0.0,0.0,5.531450457861695e-05,1.389288094772266e-05,0.08937312688382026,2.5717701635484696e-05,6.269567348204672e-06,4.970420086402369e-07,0.002641251162065122,0.0,0.0
0.001,0.001,0.001,0.001,141.0,10.0,6.292480646388291e-05,1.4520652001352625e-05,0.08803962565734505,2.842986293304887e-05,1.0062977312179604e-05,1.1073521822891084e-06,0.002966373715398667,0.0,0.0,5.450483390049941e-05,1.5725419395956714e-05,0.08841094281846677,2.352200766785824e-05,5.859232558445612e-06,5.570803425417615e-07,0.0026596697260042376,0.0,0.0
0.001,0.001,0.001,0.001,142.0,10.0,6.191378493591377e-05,1.435402026981968e-05,0.08822712991378098,2.798380958531593e-05,9.723876098729018e-06,1.0293660682498137e-06,0.0029663700140574543,0.0,0.0,5.435274382208266e-05,1.4312649324348407e-05,0.0876857306563318,2.500856507609179e-05,5.694419013224304e-06,5.685374133063809e-07,0.0026099347045393756,0.0,0.0
0.001,0.001,0.001,0.001,143.0,10.0,6.330989877561308e-05,1.461698104388122e-05,0.08851017031934047,2.848361992453323e-05,1.0159277418424643e-05,1.199003566591974e-06,0.0029397364052232483,0.0,0.0,5.582598546629846e-05,1.5066761957676066e-05,0.08814284073955872,2.4533479500831944e-05,6.624410339162936e-06,7.870499963438372e-07,0.0026377427180629596,0.0,0.0
0.001,0.001,0.001,0.001,144.0,10.0,6.269675331922387e-05,1.4807119053132752e-05,0.08819398742573357,2.8219629123412893e-05,9.733858758761628e-06,1.1167479358906068e-06,0.0029562501371283574,0.0,0.0,5.5676550086475685e-05,1.5622573832638488e-05,0.08769091742055227,2.4479677625010093e-05,6.183260002516108e-06,6.219472689817818e-07,0.0026625976809155467,0.0,0.0
0.001,0.001,0.001,0.001,145.0,10.0,6.262594340806328e-05,1.4626332491940029e-05,0.08798277814398386,2.8295777766654936e-05,9.881032848299878e-06,1.0245224098414372e-06,0.002947453535417629,0.0,0.0,5.622599523417429e-05,1.7393439537983014e-05,0.08787986277812079,2.3397701327676604e-05,5.965289593384576e-06,6.81579002891645e-07,0.002667488118594957,0.0,0.0
0.001,0.001,0.001,0.001,146.0,10.0,6.197520099913462e-05,1.4374931708275864e-05,0.08817234492946593,2.794628175457037e-05,9.829683654626883e-06,1.0070697207261757e-06,0.0029131818620807487,0.0,0.0,5.459309751008779e-05,1.601107640290201e-05,0.08896885776189785,2.3712668779301482e-05,5.4888153158965476e-06,4.836516220967154e-07,0.002571527637496178,0.0,0.0
0.001,0.001,0.001,0.001,147.0,10.0,6.400752844987946e-05,1.5032953596153416e-05,0.08836891925437006,2.8775266556231157e-05,1.0060216390871185e-05,1.3022001778367374e-06,0.002909497192047432,0.0,0.0,5.9894813206495963e-05,1.8351723850151555e-05,0.08825613511887388,2.5717444276807456e-05,6.377889426985474e-06,6.221423923763477e-07,0.002570940762481114,0.0,0.0
0.001,0.001,0.001,0.001,148.0,10.0,6.304115263021006e-05,1.4674805997796613e-05,0.08835951940176318,2.8161254371757185e-05,1.0109503387816161e-05,1.2596373121890552e-06,0.0029055314099639576,0.0,0.0,5.2628028988755615e-05,1.4624638926673573e-05,0.08850773070716528,2.2455401882910882e-05,6.122906245466775e-06,5.743090143642838e-07,0.0025903363679906284,0.0,0.0
0.001,0.001,0.001,0.001,149.0,10.0,6.20736161485871e-05,1.452189519484657e-05,0.0881400607057987,2.7748342949244564e-05,9.925226168969958e-06,1.064146134817217e-06,0.002905236919431432,0.0,0.0,5.488728948281296e-05,1.5384152548655623e-05,0.08822109261495432,2.442964499184096e-05,5.7931120989035895e-06,4.5827124593535233e-07,0.002573822047335827,0.0,0.0
0.001,0.001,0.001,0.001,150.0,10.0,6.189049486386235e-05,1.452628963504396e-05,0.0875149736308848,2.7834802779369447e-05,9.64128129299446e-06,1.1366239737001599e-06,0.0029305551009009305,0.0,0.0,5.3527361575786386e-05,1.4566024022985425e-05,0.08782473936109807,2.3789748131131568e-05,5.821261183560026e-06,5.678547267962131e-07,0.002605789788164018,0.0,0.0
0.0002,0.0002,0.0002,0.0002,151.0,10.0,4.200475937829121e-05,7.463684710479559e-06,0.0867529879229172,1.9197624069943793e-05,6.4125581486932825e-06,2.555938411081333e-07,0.0028581359081038915,0.0,0.0,2.911683779504818e-05,4.439206290277121e-06,0.08746723124312694,1.2200065529761628e-05,3.6182272212576915e-06,1.1261588270605827e-07,0.002501447027658715,0.0,0.0
0.0002,0.0002,0.0002,0.0002,152.0,10.0,3.603931397210649e-05,5.447059230264178e-06,0.08766661056491146,1.6183645662398313e-05,5.490304945208316e-06,1.5164325065156308e-07,0.002845074468759479,0.0,0.0,2.8236350580234407e-05,4.1519657216670985e-06,0.08801122200530292,1.194818048470772e-05,3.261877430459586e-06,7.320482260206597e-08,0.0024745307663764974,0.0,0.0
0.0002,0.0002,0.0002,0.0002,153.0,10.0,3.471007214145863e-05,5.187312378418875e-06,0.0880069433588227,1.5585692521267186e-05,5.008838752659302e-06,1.2753446286439163e-07,0.0028092640180823283,0.0,0.0,2.7186963744721357e-05,3.888136399528685e-06,0.08825689322189477,1.1365386078515575e-05,3.0516321298716813e-06,5.6120085261715935e-08,0.002448200814145582,0.0,0.0
0.0002,0.0002,0.0002,0.0002,154.0,10.0,3.3957257570942324e-05,4.961203245679112e-06,0.08824397105232462,1.5254434017836654e-05,4.7936594063637455e-06,1.2356408461960544e-07,0.002771718587484549,0.0,0.0,2.6731217938592532e-05,3.8621160078742e-06,0.08836822531421291,1.1092996521829043e-05,2.8849962480742313e-06,5.428699405578375e-08,0.002424043938388668,0.0,0.0
0.0002,0.0002,0.0002,0.0002,155.0,10.0,3.341205307952277e-05,4.8651737692484674e-06,0.08849196364339221,1.5025013092151128e-05,4.551689171892653e-06,1.20981010856281e-07,0.002732589645673743,0.0,0.0,2.624930783923575e-05,3.81710968458625e-06,0.08826995976140342,1.083505977377175e-05,2.712499861226675e-06,5.764273917854748e-08,0.002385925329983183,0.0,0.0
0.0002,0.0002,0.0002,0.0002,156.0,10.0,3.2975020155812554e-05,4.776873875660855e-06,0.08867179103539206,1.4862235770715718e-05,4.356868791655145e-06,1.1186305706166901e-07,0.002691624072854289,0.0,0.0,2.630248499683658e-05,3.852126424119614e-06,0.0886279612160884,1.0859514579656789e-05,2.673800115571778e-06,5.424814182485493e-08,0.002355421339822321,0.0,0.0
0.0002,0.0002,0.0002,0.0002,157.0,10.0,3.240098963750958e-05,4.589354489961741e-06,0.08869606459186824,1.4668554582119242e-05,4.1691143909564894e-06,1.0436002802745234e-07,0.0026541829317689816,0.0,0.0,2.540263597102019e-05,3.6684290437491256e-06,0.08866268386065342,1.0323074139740185e-05,2.4893911810853923e-06,5.547358204627838e-08,0.002341784712468567,0.0,0.0
0.0002,0.0002,0.0002,0.0002,158.0,10.0,3.1649901910514014e-05,4.399853701967388e-06,0.08891551775579525,1.4301163738524879e-05,3.960034665958784e-06,9.729815261153994e-08,0.002631747892342234,0.0,0.0,2.5164311258695337e-05,3.73292635500409e-06,0.08864188330911847,1.0110321258800537e-05,2.413696350394335e-06,4.3179112597623145e-08,0.002309742251936359,0.0,0.0
0.0002,0.0002,0.0002,0.0002,159.0,10.0,3.161388699852006e-05,4.4194072321351555e-06,0.08903430531603962,1.4289307207700591e-05,3.909764772714343e-06,9.197755378415247e-08,0.0026015855122599814,0.0,0.0,2.4953272850797504e-05,3.79515633058498e-06,0.08866230723251521,9.87882331008531e-06,2.3692181099909956e-06,4.3844602264840957e-08,0.002290177980363756,0.0,0.0
0.0002,0.0002,0.0002,0.0002,160.0,10.0,3.114594809297103e-05,4.307748902643163e-06,0.08903258970177208,1.4093877139382422e-05,3.7544275993051244e-06,8.663564873564413e-08,0.002576515211371477,0.0,0.0,2.512279915740487e-05,3.6973713732018244e-06,0.08881973851613932,1.0179166288709648e-05,2.321395116376618e-06,4.289266607099408e-08,0.0022661355162961055,0.0,0.0
0.0002,0.0002,0.0002,0.0002,161.0,10.0,3.09276883365544e-05,4.304307699762125e-06,0.08926860032470972,1.3976921840078135e-05,3.6277284680140493e-06,9.187056012580255e-08,0.0025576056465709818,0.0,0.0,2.4935039571661843e-05,3.5865752223795917e-06,0.08895062882079385,1.0047029986299251e-05,2.354900200727561e-06,5.1471360752956314e-08,0.0022612490266671077,0.0,0.0
0.0002,0.0002,0.0002,0.0002,162.0,10.0,3.055168599594463e-05,4.155181558657388e-06,0.0892766269375641,1.3797184662868752e-05,3.5927101199995614e-06,7.894713150552526e-08,0.002534579691234585,0.0,0.0,2.475505338363518e-05,3.870001214038494e-06,0.08909931531414442,9.749754763594258e-06,2.185226813789964e-06,4.01391982012908e-08,0.0022407136857509613,0.0,0.0
0.0002,0.0002,0.0002,0.0002,163.0,10.0,3.04983894564638e-05,4.204279067057577e-06,0.08931020019036445,1.38080991743051e-05,3.470820971511533e-06,8.417041645730882e-08,0.0025205354178516287,0.0,0.0,2.4681794715194903e-05,3.5902579422679575e-06,0.08917211449888751,9.997091988571467e-06,2.1429819728020516e-06,3.42514742504641e-08,0.0022344623074406003,0.0,0.0
0.0002,0.0002,0.0002,0.0002,164.0,10.0,3.052948713082618e-05,4.180094616179535e-06,0.08939860037822739,1.3894505085625826e-05,3.4366237737313554e-06,7.840379246797484e-08,0.0025003743367390135,0.0,0.0,2.460766563200167e-05,3.7579041923312e-06,0.08898010220907139,9.793968046840267e-06,2.1265375507964815e-06,3.1245862146779775e-08,0.002210317753580847,0.0,0.0
0.0002,0.0002,0.0002,0.0002,165.0,10.0,3.012059598306377e-05,4.130700690285673e-06,0.08944205451329154,1.3585967218535444e-05,3.379929438239237e-06,7.979353207982882e-08,0.0024826329695837434,0.0,0.0,2.4951250210109734e-05,3.8457865049202215e-06,0.08905870774213005,9.981279656876786e-06,2.1667416554662844e-06,5.1571842166226956e-08,0.002214476031937659,0.0,0.0
0.0002,0.0002,0.0002,0.0002,166.0,10.0,3.0030139942345888e-05,4.056390537825645e-06,0.08957336047541872,1.3600803354481745e-05,3.345429240432686e-06,7.01810286269032e-08,0.0024747846292936127,0.0,0.0,2.4475576632363507e-05,3.715260530540684e-06,0.08913212800624049,9.743726519024069e-06,2.0790796094534834e-06,2.4297347641747876e-08,0.0022046703065400717,0.0,0.0
0.0002,0.0002,0.0002,0.0002,167.0,10.0,2.9877488600858027e-05,4.106041993233244e-06,0.08944650251614675,1.3531612082620324e-05,3.2133740459269134e-06,8.18103018010556e-08,0.002463503900346543,0.0,0.0,2.464682831336095e-05,4.1077391299802336e-06,0.089083089651121,9.525271922174552e-06,2.0666061108949523e-06,3.890256476818879e-08,0.0022049337419259092,0.0,0.0
0.0002,0.0002,0.0002,0.0002,168.0,10.0,3.013875374504277e-05,4.155557656642614e-06,0.08946937362706138,1.3718915430616815e-05,3.2365992065435334e-06,8.074424097109013e-08,0.0024539500966791698,0.0,0.0,2.4755656564297843e-05,3.6050165212850595e-06,0.08908616014108525,1.0144644711607912e-05,2.0760593091836986e-06,2.132025842607503e-08,0.0021908787960528194,0.0,0.0
0.0002,0.0002,0.0002,0.0002,169.0,10.0,2.954053532812975e-05,4.033750952520534e-06,0.08950818410289013,1.3327507239784322e-05,3.1573564929472846e-06,7.110247862467735e-08,0.0024451978026883555,0.0,0.0,2.3951790586629943e-05,3.683543139996646e-06,0.08912039857525314,9.313264164044953e-06,2.0203415872964354e-06,2.260212917095899e-08,0.002201646827821939,0.0,0.0
0.0002,0.0002,0.0002,0.0002,170.0,10.0,2.9366328449742366e-05,3.920975556582403e-06,0.08957319290427186,1.3302323959424608e-05,3.1161735978990833e-06,6.953617999046663e-08,0.002440055041896676,0.0,0.0,2.5158342905846105e-05,4.518210411015861e-06,0.08890202393993787,9.698205195148e-06,2.018977856195303e-06,3.274735945081746e-08,0.0021832800026383623,0.0,0.0
0.0002,0.0002,0.0002,0.0002,171.0,10.0,2.9403743180432867e-05,4.02265440835198e-06,0.08944230435015056,1.3314998602511781e-05,3.049476884012516e-06,7.238312658142181e-08,0.0024305251536048673,0.0,0.0,2.362515687495172e-05,3.5576531677352533e-06,0.0892369486520447,9.09925054564086e-06,2.0196816500535588e-06,2.4876871300336466e-08,0.0021866126010954947,0.0,0.0
0.0002,0.0002,0.0002,0.0002,172.0,10.0,2.9164510043126373e-05,3.921156471074156e-06,0.08949049585420255,1.3203649800591787e-05,3.023783182574472e-06,6.687128021167654e-08,0.0024245883350253686,0.0,0.0,2.4345331549836615e-05,3.993597723502279e-06,0.0894486656908758,9.358284520773211e-06,1.9994881556628846e-06,4.9094809448109664e-08,0.0021826865850016475,0.0,0.0
0.0002,0.0002,0.0002,0.0002,173.0,10.0,2.917975196386314e-05,4.005836633038943e-06,0.08952729501902247,1.3177342613548534e-05,2.9643374034670497e-06,7.950593136800426e-08,0.0024224635767964397,0.0,0.0,2.309790589357948e-05,3.3620633451841796e-06,0.0890940109132483,8.925122194269003e-06,1.8856488750786292e-06,1.5670661836983642e-08,0.0021817299024166482,0.0,0.0
0.0002,0.0002,0.0002,0.0002,174.0,10.0,2.877281792900855e-05,3.923310529371156e-06,0.08940602478468773,1.2951691241006722e-05,2.893620491903071e-06,6.359347217200792e-08,0.0024110404518200845,0.0,0.0,2.588059947389713e-05,5.099965962620108e-06,0.08934795438830828,9.832501343704236e-06,1.9724016479855627e-06,4.0935385775446304e-08,0.0021853910631799882,0.0,0.0
0.0002,0.0002,0.0002,0.0002,175.0,10.0,2.8998694401796134e-05,4.070121496227973e-06,0.0894805041959473,1.300572331382031e-05,2.8927852265132376e-06,8.201419438081556e-08,0.002412754354533022,0.0,0.0,2.351349469517083e-05,3.6011895760714314e-06,0.08910203361593728,9.047479598631295e-06,1.933009938246787e-06,2.1612341339102078e-08,0.0021796541398868066,0.0,0.0
0.0002,0.0002,0.0002,0.0002,176.0,10.0,2.8694914679085335e-05,3.832797546634779e-06,0.08938873874539317,1.2983546578085424e-05,2.878633129980728e-06,6.106376141299474e-08,0.0024062849500539225,0.0,0.0,2.361245248963711e-05,3.6500627549471304e-06,0.0889605609345601,9.076852701280422e-06,1.9590739867287515e-06,3.040723410702642e-08,0.0021631978242738644,0.0,0.0
0.0002,0.0002,0.0002,0.0002,177.0,10.0,2.843199644896558e-05,3.910774210304065e-06,0.08943474493363937,1.2658963231163537e-05,2.8543659488920806e-06,6.441888588844137e-08,0.0024074918288933857,0.0,0.0,2.376500021697608e-05,3.7396104062281665e-06,0.08926774429924347,9.031462838333386e-06,2.024582477940092e-06,4.2570330252058055e-08,0.0021864699850754755,0.0,0.0
0.0002,0.0002,0.0002,0.0002,178.0,10.0,2.8745247205575055e-05,3.902538520842876e-06,0.08944933517049865,1.2982135090041943e-05,2.849579017640799e-06,6.606134154062286e-08,0.0024054310263951703,0.0,0.0,2.361028128975594e-05,3.7326550049782118e-06,0.08896146201654288,9.042876002375841e-06,1.918116965209743e-06,2.0487227889559225e-08,0.0021670232849214936,0.0,0.0
0.0002,0.0002,0.0002,0.0002,179.0,10.0,2.819261363223369e-05,3.7664586484383304e-06,0.08928442625387513,1.2644621204740186e-05,2.796416294638658e-06,5.667506812885944e-08,0.00239913988592707,0.0,0.0,2.399537569384419e-05,4.0284083011998665e-06,0.08893141833659274,9.025513787857002e-06,2.000349706087889e-06,4.796227905722659e-08,0.0021787266783532284,0.0,0.0
0.0002,0.0002,0.0002,0.0002,180.0,10.0,2.8543078784144923e-05,3.871754839644214e-06,0.08935220121567751,1.2842229862457434e-05,2.8238701289174907e-06,7.000407314929937e-08,0.0023997897499948013,0.0,0.0,2.3672704159643277e-05,3.72569250085787e-06,0.08882110836596638,9.01476249127504e-06,1.9939979118262396e-06,5.6140710116865334e-08,0.0021859032724690737,0.0,0.0
0.0002,0.0002,0.0002,0.0002,181.0,10.0,2.8181014393016367e-05,3.751358248722905e-06,0.08931062087637624,1.2646866161702817e-05,2.7808755969848604e-06,7.085255251357917e-08,0.0024013380377382668,0.0,0.0,2.3811757629121948e-05,4.0314958716729e-06,0.08869454690019977,8.908655470515134e-06,1.9621007919804028e-06,4.0050904120286184e-08,0.002187037781270859,0.0,0.0
0.0002,0.0002,0.0002,0.0002,182.0,10.0,2.8184169736904877e-05,3.76020327708178e-06,0.0892919918657531,1.2646195116165465e-05,2.7841485739181596e-06,6.442386366667707e-08,0.0023960052160991205,0.0,0.0,2.4099387386722117e-05,4.03211140289597e-06,0.08890773327602235,9.075818346960426e-06,2.049272184828048e-06,5.141237954703164e-08,0.002183501783494151,0.0,0.0
0.0002,0.0002,0.0002,0.0002,183.0,10.0,2.815979030142775e-05,3.7932395740527305e-06,0.08918482423108819,1.263297077888786e-05,2.7486524519319133e-06,6.644531859780258e-08,0.0023962764467365116,0.0,0.0,2.573082911364342e-05,5.057801398012895e-06,0.08873101522353281,9.656093362744626e-06,2.07777602995001e-06,6.605692549049224e-08,0.0021913518257452025,0.0,0.0
0.0002,0.0002,0.0002,0.0002,184.0,10.0,2.825954585125437e-05,3.881105191278061e-06,0.08919625199081632,1.2625748161893617e-05,2.7681508191046967e-06,6.491679758140317e-08,0.0023935966036497543,0.0,0.0,2.6058027826089076e-05,5.137583719317521e-06,0.08909619083969651,9.935412107800727e-06,2.0257695142732184e-06,4.9643541786416596e-08,0.002185411998199679,0.0,0.0
0.0002,0.0002,0.0002,0.0002,185.0,10.0,2.852477383717488e-05,3.951506164769258e-06,0.08914788594099979,1.2859365818427522e-05,2.7345128767250987e-06,6.460056195548681e-08,0.0023980709792780614,0.0,0.0,2.3250789567490815e-05,3.4973691618880433e-06,0.08893549398464315,8.814158372079782e-06,2.0123843380977816e-06,3.332853261961537e-08,0.002184453307953905,0.0,0.0
0.0002,0.0002,0.0002,0.0002,186.0,10.0,2.7876837298973694e-05,3.79362265741716e-06,0.0890854984108895,1.2415847944355358e-05,2.700484651849055e-06,5.8332524909904687e-08,0.0023945594034733403,0.0,0.0,2.590306270274432e-05,5.065219149076801e-06,0.08884828615044227,9.844112596243468e-06,2.0456951836675714e-06,6.320741269867738e-08,0.0022173968182431993,0.0,0.0
0.0002,0.0002,0.0002,0.0002,187.0,10.0,2.805172529158284e-05,3.833741948087636e-06,0.0891568228541631,1.2536388610135346e-05,2.699423007862212e-06,6.64896359579831e-08,0.002404422741824561,0.0,0.0,2.6356811176684996e-05,5.26563063615342e-06,0.08883485056227879,1.0182614672488865e-05,1.9757376976135723e-06,4.934328163288237e-08,0.0022083299305405996,0.0,0.0
0.0002,0.0002,0.0002,0.0002,188.0,10.0,2.8140650663895625e-05,3.764065721470913e-06,0.08908123747977428,1.2617865157531463e-05,2.786677608024606e-06,6.391874201993801e-08,0.002399112244758075,0.0,0.0,2.411753663672964e-05,4.076016273026864e-06,0.08892556715589081,9.072665290115205e-06,2.0337222300617005e-06,4.257635614618238e-08,0.002192966432945487,0.0,0.0
0.0002,0.0002,0.0002,0.0002,189.0,10.0,2.7768221498685363e-05,3.6620987676439466e-06,0.08898811528253864,1.2428502134608935e-05,2.71687521949644e-06,6.193403374732742e-08,0.0024028623472146615,0.0,0.0,2.4426596103609494e-05,4.172460300846553e-06,0.08886678831387557,9.298391657441533e-06,2.0266194507419825e-06,4.244607782825259e-08,0.0022003622173740944,0.0,0.0
0.0002,0.0002,0.0002,0.0002,190.0,10.0,2.8091110854963154e-05,3.7782089795849615e-06,0.08907737084318124,1.2612533914108667e-05,2.7260232784261395e-06,6.660783299110266e-08,0.002397738150385474,0.0,0.0,2.353162571751983e-05,3.4747801863505917e-06,0.08874821242679774,9.161122301470311e-06,1.995163391325386e-06,2.5738668251707973e-08,0.0021770724343541997,0.0,0.0
0.0002,0.0002,0.0002,0.0002,191.0,10.0,2.7871189024629185e-05,3.818822905708605e-06,0.08895950286985586,1.2385112186631523e-05,2.7094162754777504e-06,6.188765208171705e-08,0.0023975212339593893,0.0,0.0,2.4209224761368637e-05,4.177799873038871e-06,0.08874963205887784,9.105948074852598e-06,2.0106900726455103e-06,3.9823777819435884e-08,0.0022120555866006956,0.0,0.0
0.0002,0.0002,0.0002,0.0002,192.0,10.0,2.767686829805882e-05,3.7543194780770045e-06,0.08891270362314273,1.2267525032140388e-05,2.6954568172550956e-06,6.829693040043255e-08,0.0024015052345548924,0.0,0.0,2.5614527393684113e-05,5.0662933807269925e-06,0.08840336397960524,9.653733777085892e-06,2.0103330107591085e-06,4.3831119532033e-08,0.0022095758935185244,0.0,0.0
0.0002,0.0002,0.0002,0.0002,193.0,10.0,2.790682578965231e-05,3.722493329535757e-06,0.08895026995082693,1.247463933349243e-05,2.7517149997705723e-06,6.295123411460923e-08,0.0024024755297378277,0.0,0.0,2.4680748091350796e-05,4.339593832319413e-06,0.08917447911723675,9.231008330282033e-06,2.153875500223193e-06,3.8822633701425305e-08,0.0022162876428655997,0.0,0.0
0.0002,0.0002,0.0002,0.0002,194.0,10.0,2.8223643970233086e-05,3.893236505458498e-06,0.08896229379242332,1.2602576993186386e-05,2.771281800353152e-06,6.031952488849072e-08,0.0023987664084933165,0.0,0.0,2.412396812693971e-05,3.950217209717502e-06,0.08875084067710956,9.219122986251274e-06,2.050912654327621e-06,2.863143109143344e-08,0.002228190191492928,0.0,0.0
0.0002,0.0002,0.0002,0.0002,195.0,10.0,2.7926665264993623e-05,3.6874097850248827e-06,0.0887989364480899,1.2548862498868249e-05,2.744467195855264e-06,6.603237022837283e-08,0.002401942232610766,0.0,0.0,2.4623886743800314e-05,4.353914572247424e-06,0.08845030194129086,9.356656400948939e-06,2.0308403823139505e-06,3.7445485168575294e-08,0.0022137712902360464,0.0,0.0
0.0002,0.0002,0.0002,0.0002,196.0,10.0,2.7843925507334115e-05,3.722633993856864e-06,0.08873221157519423,1.2448898465616098e-05,2.7379027788881553e-06,6.12694264591802e-08,0.0024054501124074735,0.0,0.0,2.5453864380443962e-05,4.655600345843479e-06,0.08851521121898737,9.804940253469886e-06,2.0901285141804176e-06,5.167430273605174e-08,0.0022147341009396996,0.0,0.0
0.0002,0.0002,0.0002,0.0002,197.0,10.0,2.7854317078700303e-05,3.756887622351892e-06,0.08871997910043589,1.2441885418449015e-05,2.7243434794883253e-06,5.920284614867843e-08,0.002397332103201824,0.0,0.0,2.4172770973787624e-05,3.947438226233571e-06,0.08881981351177586,9.201859191096596e-06,2.1077184012452015e-06,3.377414366325859e-08,0.002193564203065082,0.0,0.0
0.0002,0.0002,0.0002,0.0002,198.0,10.0,2.7973751938856535e-05,3.8017475587740033e-06,0.08874869120571487,1.2491449887337446e-05,2.739086565031935e-06,6.659893000290242e-08,0.002390953949467585,0.0,0.0,2.4933156288221073e-05,4.311467554068721e-06,0.08841297633713917,9.657834805136684e-06,2.086492467361152e-06,3.606390887268632e-08,0.00221121691894044,0.0,0.0
0.0002,0.0002,0.0002,0.0002,199.0,10.0,2.7791456486425278e-05,3.72547535553854e-06,0.08875490267270775,1.2432147845263356e-05,2.691346734315927e-06,6.699648932832281e-08,0.002399524072023301,0.0,0.0,2.4208544154068782e-05,3.963811660692658e-06,0.08867335474202377,9.239088988116554e-06,2.103958973916743e-06,3.43492550727344e-08,0.0022035701317989808,0.0,0.0
0.0002,0.0002,0.0002,0.0002,200.0,10.0,2.7421092105953067e-05,3.6361066376135352e-06,0.08856793711049633,1.2212890601263423e-05,2.657350266630112e-06,5.795105209007261e-08,0.0023918083044111283,0.0,0.0,2.5551305005571983e-05,4.644455625928389e-06,0.08853159770111724,9.955263416955468e-06,2.065622877690755e-06,3.2803649125776324e-08,0.0022247722666472146,0.0,0.0
0.0002,0.0002,0.0002,0.0002,201.0,10.0,2.7589127771842006e-05,3.7416921953400133e-06,0.0887801219113484,1.2272085306920457e-05,2.6313659761733014e-06,6.597236019225353e-08,0.0023996007583029335,0.0,0.0,2.5035407627353875e-05,4.35804853211005e-06,0.08855895383547746,9.649984776000924e-06,2.1402088202432523e-06,3.1270312297257645e-08,0.0022145953173604133,0.0,0.0
0.0002,0.0002,0.0002,0.0002,202.0,10.0,2.738779720205827e-05,3.589386158976918e-06,0.08850254314664034,1.2217218687384536e-05,2.6729512675463003e-06,5.798698891719208e-08,0.0023991632975668303,0.0,0.0,2.49784144471302e-05,4.570872193530751e-06,0.08834932783173854,9.481125925407891e-06,2.059707700974761e-06,3.1776095375883364e-08,0.0022191020110654274,0.0,0.0
0.0002,0.0002,0.0002,0.0002,203.0,10.0,2.7590617596144803e-05,3.73291946489432e-06,0.08855784514783631,1.2298998851042444e-05,2.6395374448792416e-06,6.337752676988506e-08,0.0023988590204116157,0.0,0.0,2.7152430278100646e-05,5.745490236433246e-06,0.08860340657737428,1.0322564462764436e-05,2.155053846446557e-06,6.898128862430234e-08,0.0022318726051018725,0.0,0.0
0.0002,0.0002,0.0002,0.0002,204.0,10.0,2.747988435520518e-05,3.6716735745908317e-06,0.08847981750448301,1.2248401940356195e-05,2.6507515027323063e-06,6.107569800353284e-08,0.0024004590571979623,0.0,0.0,2.4744578726860778e-05,4.242758947971496e-06,0.08813920171099963,9.489050756745761e-06,2.1606983061835363e-06,3.815072286688031e-08,0.002212919385871724,0.0,0.0
0.0002,0.0002,0.0002,0.0002,205.0,10.0,2.7673145039942138e-05,3.7451269184797277e-06,0.08847052285718955,1.236246076571006e-05,2.6507685885518315e-06,6.773677598527705e-08,0.0024054277303771337,0.0,0.0,2.5613486988392012e-05,4.824613116810076e-06,0.0883993675552025,9.820544406075837e-06,2.086737478280817e-06,4.165574438865214e-08,0.002227232887757665,0.0,0.0
0.0002,0.0002,0.0002,0.0002,206.0,10.0,2.757021104303235e-05,3.7367233030476216e-06,0.08838107878222676,1.2303060019667693e-05,2.6323019243598225e-06,6.00180578778868e-08,0.002402206618438544,0.0,0.0,2.41738480546896e-05,3.938627349186003e-06,0.08853864535740916,9.206959078587762e-06,2.1311656929351384e-06,4.323164596013522e-08,0.0022198821838532662,0.0,0.0
0.0002,0.0002,0.0002,0.0002,207.0,10.0,2.7405658002138998e-05,3.6222831290539396e-06,0.0884460023168143,1.222666292807685e-05,2.654327498547147e-06,5.7784399032254215e-08,0.002409859776500107,0.0,0.0,2.3418278580789888e-05,3.455350065687085e-06,0.08839954526057293,8.98374755085214e-06,2.1148169289132168e-06,2.440962836087999e-08,0.0022168263316051356,0.0,0.0
0.0002,0.0002,0.0002,0.0002,208.0,10.0,2.7455052789548222e-05,3.6103547070967645e-06,0.08839721301783007,1.2246802618674374e-05,2.7008425867198045e-06,5.7331787672135846e-08,0.002407854139009489,0.0,0.0,2.43273844185046e-05,4.009058276650645e-06,0.08831613067421534,9.331047395541321e-06,2.1153042233502368e-06,4.036172960174859e-08,0.0022219946868975477,0.0,0.0
0.0002,0.0002,0.0002,0.0002,209.0,10.0,2.8076736835434264e-05,3.8552708474864095e-06,0.08831635634589564,1.2582339333394822e-05,2.736683198654949e-06,7.080805744267021e-08,0.0024058709366799546,0.0,0.0,2.3537043259607202e-05,3.4920289099349795e-06,0.08847352764391982,9.104102695154258e-06,2.0695586893611783e-06,2.4000380847647336e-08,0.0022124642696373397,0.0,0.0
0.0002,0.0002,0.0002,0.0002,210.0,10.0,2.7341821492494877e-05,3.531282958987507e-06,0.08825844346773379,1.2269746693278559e-05,2.660542881875166e-06,5.440484960218745e-08,0.0024064482871433675,0.0,0.0,2.4373599186458685e-05,3.963371261879509e-06,0.08824089133409481,9.453724610812626e-06,2.105929941133937e-06,2.648452497987504e-08,0.0022147074345802197,0.0,0.0
0.0002,0.0002,0.0002,0.0002,211.0,10.0,2.7835469683058936e-05,3.7563143908434414e-06,0.08825901134200699,1.250845121065034e-05,2.677899122851102e-06,6.690410305133298e-08,0.0024074616185309084,0.0,0.0,2.3517089820727562e-05,3.440958787600139e-06,0.0881148267885393,9.128827735636013e-06,2.1012542738157945e-06,3.456647633408944e-08,0.002212398086922649,0.0,0.0
0.0002,0.0002,0.0002,0.0002,212.0,10.0,2.7739923931043943e-05,3.630935105253513e-06,0.08825558744873466,1.2435366354063756e-05,2.7872062019996824e-06,6.085776286218234e-08,0.0024116405178903843,0.0,0.0,2.3648217138291496e-05,3.481660182936872e-06,0.08827842947314768,9.129213149751091e-06,2.1755865667733078e-06,3.391466063156189e-08,0.002217321080610053,0.0,0.0
0.0002,0.0002,0.0002,0.0002,213.0,10.0,2.7333066311727343e-05,3.5432220077912064e-06,0.08818345508970603,1.2201038644150196e-05,2.7137043408071746e-06,5.67560069902339e-08,0.0024101852076409626,0.0,0.0,2.3410776829314587e-05,3.3768390354471888e-06,0.08814574110363593,9.065905531718186e-06,2.124959230380174e-06,2.8499084430313737e-08,0.002220589468967827,0.0,0.0
0.0002,0.0002,0.0002,0.0002,214.0,10.0,2.7235839644286017e-05,3.490372565007851e-06,0.08818635310453334,1.2174159743249142e-05,2.6960889008812127e-06,5.658336494866625e-08,0.002409347692728268,0.0,0.0,2.364159878625822e-05,3.274056051029116e-06,0.08799998065179607,9.45204835975771e-06,2.097344913954972e-06,1.815158264064842e-08,0.00220882035888551,0.0,0.0
0.0002,0.0002,0.0002,0.0002,215.0,10.0,2.7677866255756125e-05,3.740671081972947e-06,0.08814260624160945,1.2398186879172333e-05,2.658688098115027e-06,6.605980366903372e-08,0.00240790992941022,0.0,0.0,2.601133198264336e-05,5.10299707125294e-06,0.0878790966573471,9.968667212350106e-06,2.1117237260244656e-06,4.003449295566362e-08,0.002243086072909533,0.0,0.0
0.0002,0.0002,0.0002,0.0002,216.0,10.0,2.7652744007131605e-05,3.657884425724487e-06,0.08812552566695248,1.2400848684376575e-05,2.726268833361855e-06,5.518963699965234e-08,0.002408951425827843,0.0,0.0,2.3428422568578822e-05,3.4884775136860046e-06,0.08787692348540448,8.955456855471019e-06,2.1694908748313254e-06,2.7305397134438713e-08,0.002220987097785573,0.0,0.0
0.0002,0.0002,0.0002,0.0002,217.0,10.0,2.7565383885690683e-05,3.4877322851584813e-06,0.08816570280076155,1.242535240418039e-05,2.7719704022278556e-06,6.375879565410598e-08,0.002406397245101638,0.0,0.0,2.4766025710245717e-05,4.3606061157881486e-06,0.08757392121124433,9.440422513801652e-06,2.1723251025458227e-06,3.5280181759490666e-08,0.0022172613567302073,0.0,0.0
0.0002,0.0002,0.0002,0.0002,218.0,10.0,2.7733925333716918e-05,3.6310625039872214e-06,0.08802627491244511,1.253558421293759e-05,2.7058269151887523e-06,5.882430480388512e-08,0.0024016290497164495,0.0,0.0,2.5764815838625622e-05,4.790531080952955e-06,0.08794064043818048,1.0036427698150716e-05,2.104532609966592e-06,3.9260577859871847e-08,0.0022250936740435736,0.0,0.0
0.0002,0.0002,0.0002,0.0002,219.0,10.0,2.804595127825077e-05,3.813977051213602e-06,0.08805975237534391,1.2638583364022512e-05,2.722836462023591e-06,6.457941000203992e-08,0.0024057546826874183,0.0,0.0,2.42321037740584e-05,3.979378273039357e-06,0.08760572423365702,9.299323756548389e-06,2.1595787484959183e-06,3.325076265383095e-08,0.002227162662329584,0.0,0.0
0.0002,0.0002,0.0002,0.0002,220.0,10.0,2.762756406655652e-05,3.6341270441369656e-06,0.08804016944568092,1.2376264278308455e-05,2.7560089257208158e-06,5.7147006217994726e-08,0.002410660294805282,0.0,0.0,2.400506485245919e-05,3.47045559608377e-06,0.0881897864611916,9.542273754138374e-06,2.141480133533956e-06,3.187683012591349e-08,0.0022342574797171106,0.0,0.0
0.0002,0.0002,0.0002,0.0002,221.0,10.0,2.7784959764001787e-05,3.6668435295463693e-06,0.08800097628681262,1.2536389690296958e-05,2.7202025697156146e-06,6.142660690656525e-08,0.0024115863382165865,0.0,0.0,2.3640889984622613e-05,3.476904079132346e-06,0.08797146421196551,9.2068099781034e-06,2.13191674255671e-06,2.8112986344093073e-08,0.0022232864514495983,0.0,0.0
0.0002,0.0002,0.0002,0.0002,222.0,10.0,2.7441510463015018e-05,3.5274146051552597e-06,0.08799090379898535,1.2308775498106486e-05,2.751896572544154e-06,5.433368526156681e-08,0.0024114033992032376,0.0,0.0,2.3531344863038292e-05,3.3893111805816188e-06,0.08798515123788873,9.208117295504217e-06,2.1094880543966316e-06,2.591350001476936e-08,0.0022210922816471813,0.0,0.0
0.0002,0.0002,0.0002,0.0002,223.0,10.0,2.8011511736371956e-05,3.733863119166607e-06,0.08798849374335202,1.2670070089981249e-05,2.744064803146421e-06,6.466470242426198e-08,0.0024082324269893655,0.0,0.0,2.350843313686263e-05,3.2985078326082437e-06,0.0877562325873177,9.23166771354744e-06,2.1768795258018857e-06,2.575507687779983e-08,0.0022291088618570133,0.0,0.0
0.0002,0.0002,0.0002,0.0002,224.0,10.0,2.77805495050184e-05,3.5971148445841778e-06,0.08796431418643232,1.2559882678892967e-05,2.772685420744493e-06,5.443536516999045e-08,0.0024065982124431024,0.0,0.0,2.4096034287461353e-05,3.475010508016214e-06,0.08799779613640894,9.618768685994299e-06,2.175961874266196e-06,2.651402296486009e-08,0.0022312538451789055,0.0,0.0
0.0002,0.0002,0.0002,0.0002,225.0,10.0,2.790363953537484e-05,3.698641691613202e-06,0.08793612451415012,1.2617848516463594e-05,2.7306627225123453e-06,6.287436021984058e-08,0.0024092617219517295,0.0,0.0,2.4186825222326893e-05,3.6557751440448236e-06,0.08782364935920313,9.5103470086926e-06,2.2043761754649403e-06,3.3962146005902705e-08,0.0022222706665378385,0.0,0.0
0.0002,0.0002,0.0002,0.0002,226.0,10.0,2.7529026181185885e-05,3.4754710335402633e-06,0.08776388374160243,1.2485023248063454e-05,2.738387938569041e-06,5.375573965857379e-08,0.0024045827463685825,0.0,0.0,2.4366942468854787e-05,3.855473481849397e-06,0.08775652713016656,9.44464617434945e-06,2.2483037285785854e-06,4.2866646082062434e-08,0.0022101905970321805,0.0,0.0
0.0002,0.0002,0.0002,0.0002,227.0,10.0,2.7725392015314425e-05,3.5952759439755628e-06,0.08777862820574171,1.2522008500989002e-05,2.7633311362311724e-06,6.69137468699184e-08,0.0024036949807402412,0.0,0.0,2.880412812625597e-05,6.376608570491173e-06,0.0873786435046823,1.1440701406364563e-05,2.1901281264682506e-06,5.8825913429163095e-08,0.002245987217251379,0.0,0.0
0.0002,0.0002,0.0002,0.0002,228.0,10.0,2.835914861245678e-05,3.947402460800672e-06,0.08781944623156661,1.2759606604679349e-05,2.7989561114185384e-06,7.123901004721657e-08,0.00240270295105791,0.0,0.0,2.482864672094938e-05,4.204382642009159e-06,0.08749906231478424,9.643924331109126e-06,2.1924349830701855e-06,3.799870047835416e-08,0.002243312967177416,0.0,0.0
0.0002,0.0002,0.0002,0.0002,229.0,10.0,2.7647325216816498e-05,3.533644294814547e-06,0.08777543374712266,1.2511492070403891e-05,2.7697984115557337e-06,5.484735858771765e-08,0.0024090703616148133,0.0,0.0,2.4031088158273166e-05,3.5976260881061314e-06,0.08777888915839904,9.44145514767395e-06,2.1843777477237584e-06,2.9740599500993574e-08,0.002238306885981565,0.0,0.0
0.0002,0.0002,0.0002,0.0002,230.0,10.0,2.7891976855923318e-05,3.750408819094159e-06,0.08793076970151485,1.2532237688526252e-05,2.7546846252174695e-06,6.15689885511757e-08,0.0024132664820773492,0.0,0.0,2.3684599318113185e-05,3.5178720559418547e-06,0.0881833866702644,9.096356637352155e-06,2.2198203173872184e-06,3.2211668024190544e-08,0.0022416445555545673,0.0,0.0
0.0002,0.0002,0.0002,0.0002,231.0,10.0,2.7768739436964586e-05,3.6598007361464903e-06,0.08777251665030811,1.2483262405026172e-05,2.7917740666774513e-06,5.665083564857983e-08,0.0024090244456836264,0.0,0.0,2.4655418352349413e-05,4.08071784648729e-06,0.08782942397165464,9.563611089912059e-06,2.193055048981912e-06,3.50920243390505e-08,0.002244709055970671,0.0,0.0
0.0002,0.0002,0.0002,0.0002,232.0,10.0,2.7814478603713195e-05,3.594515729141585e-06,0.08765653231320346,1.258167224778674e-05,2.813565912191529e-06,5.907174456471079e-08,0.0024158937330731683,0.0,0.0,2.6562320904760536e-05,5.227248030602782e-06,0.08722746444408457,1.03558694418082e-05,2.207372323723308e-06,4.9084721302488984e-08,0.002247880152942271,0.0,0.0
0.0002,0.0002,0.0002,0.0002,233.0,10.0,2.752383777189028e-05,3.580927014816376e-06,0.08764217404839299,1.232304657119283e-05,2.7945132516465775e-06,6.113384132272011e-08,0.0024204373881729986,0.0,0.0,2.578291841487563e-05,4.673026078654059e-06,0.08760068214991514,1.0074946833922547e-05,2.236178604501182e-06,3.86990531338852e-08,0.002261172779062344,0.0,0.0
0.0002,0.0002,0.0002,0.0002,234.0,10.0,2.8234164909426722e-05,3.771140551066841e-06,0.08767448202955296,1.28407700070381e-05,2.786171965866975e-06,6.86343499007665e-08,0.002410185442905508,0.0,0.0,2.3593265200911933e-05,3.3736411132125936e-06,0.08746040390746404,9.255010840360729e-06,2.1958704136307437e-06,2.270276054193832e-08,0.002236427717510237,0.0,0.0
0.0002,0.0002,0.0002,0.0002,235.0,10.0,2.7546174938574582e-05,3.4709816368484993e-06,0.08754356955049658,1.2444025149373115e-05,2.8175464622621807e-06,5.926494765594941e-08,0.002418317046336547,0.0,0.0,2.5084126155545926e-05,4.219247971786742e-06,0.08747584001518863,9.903925843581227e-06,2.1778835186061966e-06,3.548503339380064e-08,0.002239348906234139,0.0,0.0
0.0002,0.0002,0.0002,0.0002,236.0,10.0,2.7899258727697478e-05,3.656436892667368e-06,0.08766402641431989,1.2599082146676098e-05,2.808706551515338e-06,6.86307005217224e-08,0.002416356217886614,0.0,0.0,2.520447871140724e-05,4.404535721263919e-06,0.08704938662196526,9.824455753538591e-06,2.2394012004675006e-06,3.114758430724169e-08,0.002261278025764057,0.0,0.0
0.0002,0.0002,0.0002,0.0002,237.0,10.0,2.752875358267082e-05,3.4997901142994294e-06,0.08745908661189553,1.2396439734543755e-05,2.831303148759611e-06,5.531215164941957e-08,0.0024215688333303724,0.0,0.0,2.47579686823581e-05,4.061412529188658e-06,0.08760115112400385,9.669503901853654e-06,2.234735716333143e-06,3.2201593327250715e-08,0.002240063641526475,0.0,0.0
0.0002,0.0002,0.0002,0.0002,238.0,10.0,2.728065587897303e-05,3.370483386047383e-06,0.08754104985232768,1.2298121784871623e-05,2.7998178169133206e-06,5.8128097377314834e-08,0.0024324669645690816,0.0,0.0,2.373608824584285e-05,3.5971712093663046e-06,0.08748891395371677,9.103784780927212e-06,2.2589355941871712e-06,2.730542590650226e-08,0.002262863420774986,0.0,0.0
0.0002,0.0002,0.0002,0.0002,239.0,10.0,2.8173100771349496e-05,3.9467491242338715e-06,0.08768963153028485,1.2577035090720355e-05,2.8067804136798417e-06,7.357333786407689e-08,0.002432108926446559,0.0,0.0,2.4042286036422705e-05,3.5081886056649287e-06,0.08769452600227508,9.486586716092584e-06,2.2547897138268925e-06,2.326851190926101e-08,0.00227600411644083,0.0,0.0
0.0002,0.0002,0.0002,0.0002,240.0,10.0,2.7955183915145407e-05,3.7416073280680555e-06,0.08744642910406451,1.2563947847737355e-05,2.8478078914692046e-06,5.717816264425371e-08,0.0024285420795740046,0.0,0.0,2.5175815907204855e-05,4.4984743692999275e-06,0.08720713101043834,9.724162921752095e-06,2.1951660424380757e-06,3.7299813003740894e-08,0.002264181444837122,0.0,0.0
0.0002,0.0002,0.0002,0.0002,241.0,10.0,2.767956905270962e-05,3.5206531069864825e-06,0.08735716193837938,1.2518604088066575e-05,2.8489709788883408e-06,5.5624873869999835e-08,0.0024321780348531864,0.0,0.0,2.348341393208165e-05,3.2231110455830584e-06,0.0875066058085039,9.27050716709849e-06,2.2192474645570716e-06,1.988778592943731e-08,0.002248587700696243,0.0,0.0
0.0002,0.0002,0.0002,0.0002,242.0,10.0,2.7162021535706912e-05,3.386353604719331e-06,0.08748371815366537,1.2142084435758776e-05,2.8290527905589945e-06,5.615910733223654e-08,0.0024319005082226184,0.0,0.0,2.461768897484636e-05,3.950191946849964e-06,0.08750332639291625,9.617582856944581e-06,2.258396869978522e-06,4.1184989149171595e-08,0.0022533109055503328,0.0,0.0
0.0002,0.0002,0.0002,0.0002,243.0,10.0,2.791570809223439e-05,3.683088783730167e-06,0.08737276486654161,1.255754742626158e-05,2.8778112107411454e-06,5.998445282896546e-08,0.0024429895230303166,0.0,0.0,2.4141371616468102e-05,3.66588533733945e-06,0.0874478353193887,9.414542274218585e-06,2.2843105312791165e-06,3.1850184220131776e-08,0.0022743123109777905,0.0,0.0
0.0002,0.0002,0.0002,0.0002,244.0,10.0,2.799292524850087e-05,3.6960794856722147e-06,0.08749364761352951,1.2617567700387152e-05,2.86091911288289e-06,6.899447640076874e-08,0.002434045718970489,0.0,0.0,2.4551905836740018e-05,4.028232951250773e-06,0.08716376216044476,9.461798501723332e-06,2.2954895541322433e-06,5.000884961961177e-08,0.0022712403285610376,0.0,0.0
0.0002,0.0002,0.0002,0.0002,245.0,10.0,2.7385244382379723e-05,3.551413812935393e-06,0.08733391356054103,1.2232692404666457e-05,2.815528023681989e-06,5.221895323273636e-08,0.0024392155251221946,0.0,0.0,2.3970165183618834e-05,3.6621743346048155e-06,0.08726929878384185,9.280754515105157e-06,2.2692369095127253e-06,3.106972830800854e-08,0.002266356062504969,0.0,0.0
0.0002,0.0002,0.0002,0.0002,246.0,10.0,2.7452007476707554e-05,3.4605260910633886e-06,0.08724450902773204,1.2332618333380124e-05,2.8747270997205836e-06,5.968526622620653e-08,0.0024441931674351056,0.0,0.0,2.4275666468050273e-05,3.7978416915812167e-06,0.08722051287192374,9.487742663796153e-06,2.240549063473223e-06,2.7482163792650772e-08,0.0022625631421553066,0.0,0.0
0.0002,0.0002,0.0002,0.0002,247.0,10.0,2.8504192971606498e-05,4.019765348081743e-06,0.08731338366713562,1.2802568774976953e-05,2.8821344924010977e-06,6.838620804057396e-08,0.002430880315220854,0.0,0.0,2.406632802533759e-05,3.8516977385911705e-06,0.08689882345884317,9.204738616311585e-06,2.281039078345114e-06,3.8970319652552366e-08,0.002274064832950288,0.0,0.0
0.0002,0.0002,0.0002,0.0002,248.0,10.0,2.734917951723499e-05,3.4431370793275214e-06,0.08728837416291234,1.2214360990616907e-05,2.9148140202190047e-06,4.8030147231913853e-08,0.0024344550624740544,0.0,0.0,2.412507942875998e-05,3.76896179508467e-06,0.08746547589665053,9.389894743967284e-06,2.197697111562454e-06,2.1978402808589413e-08,0.0022550953256456137,0.0,0.0
0.0002,0.0002,0.0002,0.0002,249.0,10.0,2.749415225946861e-05,3.5393923383276454e-06,0.08727831531519609,1.2295026856479817e-05,2.865593797369137e-06,6.630801097301247e-08,0.0024402558188529734,0.0,0.0,2.699334379997057e-05,5.130100084567565e-06,0.08713053695367694,1.0715716453930066e-05,2.3850362750694343e-06,4.94374071307435e-08,0.00228107262686359,0.0,0.0
0.0002,0.0002,0.0002,0.0002,250.0,10.0,2.7479761509226884e-05,3.564507001450421e-06,0.08711515944264432,1.2246581927295123e-05,2.896783372515558e-06,6.037357473836843e-08,0.002438261171678152,0.0,0.0,2.7408205993971215e-05,5.4396917340898554e-06,0.08722665931733009,1.0789296570330476e-05,2.3976487201861845e-06,5.89032909553104e-08,0.002290571975331612,0.0,0.0
0.0002,0.0002,0.0002,0.0002,251.0,10.0,2.7882274284587578e-05,3.6984136535479608e-06,0.08721955311149926,1.2490501525267444e-05,2.902009596262577e-06,6.93945163799898e-08,0.002440231763807953,0.0,0.0,2.8083953712575434e-05,5.965544248163962e-06,0.08676241384658022,1.1046086756142393e-05,2.3511841239310325e-06,4.489728921436921e-08,0.0022883280724203246,0.0,0.0
0.0002,0.0002,0.0002,0.0002,252.0,10.0,2.7417966262897642e-05,3.4436845068442107e-06,0.08729842476731313,1.2281503827345326e-05,2.9044822333800503e-06,5.8453534878092294e-08,0.0024402121650034672,0.0,0.0,2.6239244717799262e-05,4.803322487837832e-06,0.08707954293716325,1.031602263613463e-05,2.3833440772719376e-06,2.860147240307751e-08,0.00227163682545126,0.0,0.0
0.0002,0.0002,0.0002,0.0002,253.0,10.0,2.821158873693904e-05,3.835574766694567e-06,0.0873373545715731,1.266434710323021e-05,2.9175237898804287e-06,6.040786706354635e-08,0.0024369405905306394,0.0,0.0,2.359954323198656e-05,3.1945254032730805e-06,0.08760047716871677,9.270286814863763e-06,2.350252024037416e-06,2.4431427480098684e-08,0.0022584532728341365,0.0,0.0
0.0002,0.0002,0.0002,0.0002,254.0,10.0,2.776298743251497e-05,3.650065434105769e-06,0.08715562941379464,1.2390463636382695e-05,2.954640072716505e-06,5.225546291725503e-08,0.002433074944604593,0.0,0.0,2.559405434065499e-05,4.6460880619186946e-06,0.08696564127107805,9.969645946859922e-06,2.2509727678918703e-06,3.0783727948127774e-08,0.0022752396496509082,0.0,0.0
0.0002,0.0002,0.0002,0.0002,255.0,10.0,2.720506508918532e-05,3.391925332288967e-06,0.08706633463300274,1.2172370852074286e-05,2.880236422957124e-06,5.389913585019291e-08,0.0024375481664504913,0.0,0.0,2.616997948324245e-05,4.984105552148793e-06,0.08714184456321195,1.0160226547959673e-05,2.2723998003185824e-06,3.9063358585511616e-08,0.0022771644625961007,0.0,0.0
0.0002,0.0002,0.0002,0.0002,256.0,10.0,2.7799816537943125e-05,3.6848599913121747e-06,0.08709832030696874,1.2482367391167312e-05,2.8489269408157336e-06,7.383044905487046e-08,0.0024336772459899484,0.0,0.0,2.6456743933736373e-05,4.9694620997404375e-06,0.0868713133114432,1.0355770190641898e-05,2.391338485839599e-06,5.304213492266826e-08,0.002280583876671727,0.0,0.0
0.0002,0.0002,0.0002,0.0002,257.0,10.0,2.7576331275676184e-05,3.4855380128043177e-06,0.08715686989752787,1.2390025791566201e-05,2.9269914744686217e-06,5.8089284585816e-08,0.0024448283483990718,0.0,0.0,2.699054852937196e-05,5.281481513980171e-06,0.08720723049760278,1.068494415681976e-05,2.2743739777629392e-06,2.9026001576138538e-08,0.002288956666819648,0.0,0.0
0.0002,0.0002,0.0002,0.0002,258.0,10.0,2.723993909973685e-05,3.4636564999929994e-06,0.08712986334065545,1.2136473938032508e-05,2.8643516190509613e-06,6.247094003675965e-08,0.0024384206047647953,0.0,0.0,2.7480699777367296e-05,5.433186044532622e-06,0.08703870096833648,1.0999192144832535e-05,2.3009472985309144e-06,4.3504390997762866e-08,0.002282180354501859,0.0,0.0
0.0002,0.0002,0.0002,0.0002,259.0,10.0,2.735802110857307e-05,3.573914740256701e-06,0.0871228848396001,1.21139350648755e-05,2.887293818336695e-06,7.058923746381932e-08,0.0024326446285448024,0.0,0.0,2.9492754195426077e-05,6.426469535355209e-06,0.0870288182758955,1.1884292604531215e-05,2.418558995386114e-06,6.055157783868636e-08,0.0022921960198265664,0.0,0.0
0.0002,0.0002,0.0002,0.0002,260.0,10.0,2.793950937396006e-05,3.644436204979774e-06,0.08705079832757358,1.2587562239393807e-05,2.9396036385743502e-06,6.282769675775257e-08,0.002439647066711024,0.0,0.0,2.4909312569151173e-05,4.001554042947158e-06,0.08733505296769027,9.848634853697024e-06,2.289805720001477e-06,3.581301390928844e-08,0.0022762171153920124,0.0,0.0
0.0002,0.0002,0.0002,0.0002,261.0,10.0,2.8191706772882548e-05,3.736966838120368e-06,0.08723085027263834,1.2714105125395496e-05,2.949844342885214e-06,6.770565691735559e-08,0.0024322797982402784,0.0,0.0,2.3793491881969547e-05,3.2538675026551253e-06,0.08730225174794147,9.411445369230077e-06,2.36704624190462e-06,3.0907971404097153e-08,0.0022631091856039984,0.0,0.0
0.0002,0.0002,0.0002,0.0002,262.0,10.0,2.7481044885086574e-05,3.4229904544501425e-06,0.08700606367073545,1.2352954672204464e-05,2.9519740056454183e-06,5.251955913755654e-08,0.002435952038094508,0.0,0.0,2.765972047540074e-05,5.720382226103425e-06,0.08707334786962885,1.0732524548770658e-05,2.4376478381939717e-06,6.183125490580493e-08,0.0022665062132952124,0.0,0.0
0.0002,0.0002,0.0002,0.0002,263.0,10.0,2.839421107033017e-05,3.942078736303064e-06,0.0871381532887979,1.2756292516660397e-05,2.919633684998937e-06,6.239110239590187e-08,0.002443611467797657,0.0,0.0,2.331148995197125e-05,3.103315403381876e-06,0.087168548217488,9.11865514655965e-06,2.3294085724560208e-06,4.325635850126056e-08,0.002282549971940196,0.0,0.0
0.0002,0.0002,0.0002,0.0002,264.0,10.0,2.7624636346681127e-05,3.4781506927094594e-06,0.08719039976988067,1.2388311575406911e-05,2.989126893716267e-06,5.000745186763376e-08,0.002431782100523044,0.0,0.0,2.543429851533594e-05,4.272822894456433e-06,0.0872376561164856,9.991092789808177e-06,2.4167131560231727e-06,2.99043467973771e-08,0.0022581975631557638,0.0,0.0
0.0002,0.0002,0.0002,0.0002,265.0,10.0,2.7829689881349896e-05,3.7271855674988354e-06,0.08694222292139253,1.2419799557844581e-05,2.929591638673137e-06,5.889103371184599e-08,0.0024383020048687793,0.0,0.0,2.458745385886224e-05,3.611470693002702e-06,0.08748948687500607,9.77736154964329e-06,2.4003327693582618e-06,4.934034201432227e-08,0.0022863861834823726,0.0,0.0
0.0002,0.0002,0.0002,0.0002,266.0,10.0,2.7922910445560896e-05,3.624996782654313e-06,0.08719031080003464,1.2534201790498323e-05,2.9830723705506928e-06,6.160859607381329e-08,0.0024337452051423555,0.0,0.0,2.540287051050683e-05,4.44034632261017e-06,0.08715256615493537,9.762290063143873e-06,2.419797081436558e-06,6.518064819447727e-08,0.002257191100331816,0.0,0.0
0.0002,0.0002,0.0002,0.0002,267.0,10.0,2.7399300703894734e-05,3.3747492060400986e-06,0.08710020645482462,1.2284033823475314e-05,2.9762830172503307e-06,5.421414198862751e-08,0.002438748014321484,0.0,0.0,2.668225851389205e-05,4.763358293816853e-06,0.08735105160714021,1.064688480071325e-05,2.4844073641676023e-06,5.250313716735876e-08,0.0022710520273822145,0.0,0.0
0.0002,0.0002,0.0002,0.0002,268.0,10.0,2.780164976323208e-05,3.691324212633812e-06,0.08721662475096696,1.238889003666344e-05,2.9352129000733396e-06,6.456040119027582e-08,0.002438153218760624,0.0,0.0,2.752267161092079e-05,5.678030257988659e-06,0.08724428326613351,1.0501491772371321e-05,2.529273763347881e-06,8.944766741978408e-08,0.0023023575700651918,0.0,0.0
0.0002,0.0002,0.0002,0.0002,269.0,10.0,2.8114344897758196e-05,3.714493738325021e-06,0.08703268500717277,1.2600245451080142e-05,3.0390194594004806e-06,5.7318005673462525e-08,0.00244027059916185,0.0,0.0,2.3980676874765727e-05,3.2606591531604745e-06,0.08722143599628164,9.596942254889674e-06,2.3734391790001228e-06,2.749291952882176e-08,0.0022583066753295465,0.0,0.0
0.0002,0.0002,0.0002,0.0002,270.0,10.0,2.6958734470924402e-05,3.343205564079315e-06,0.0869336442962071,1.192836062078444e-05,2.9361091906881137e-06,5.76948923217793e-08,0.002444296625974689,0.0,0.0,2.6275490992677368e-05,4.678253699994866e-06,0.08675669020228732,1.049612311719769e-05,2.3943803879362086e-06,3.106484724820768e-08,0.0022817758495265227,0.0,0.0
0.0002,0.0002,0.0002,0.0002,271.0,10.0,2.8539992601259208e-05,3.93998190151318e-06,0.08701539837538992,1.2804830195093282e-05,3.016968301742414e-06,7.667249916783563e-08,0.0024374287981712137,0.0,0.0,2.4392996455166508e-05,3.59220534154478e-06,0.0868436320327145,9.542728190325633e-06,2.5033615579960657e-06,7.033828810748025e-08,0.002264887472746771,0.0,0.0
0.0002,0.0002,0.0002,0.0002,272.0,10.0,2.705950159681777e-05,3.37394157518713e-06,0.08703666424230279,1.197043480208155e-05,2.9637081689873665e-06,4.775094668217891e-08,0.002449710521808671,0.0,0.0,2.4652088717422545e-05,3.8319255649166045e-06,0.08686324559590396,9.76176843292158e-06,2.3487401043560764e-06,2.333043598527786e-08,0.002268341135485001,0.0,0.0
0.0002,0.0002,0.0002,0.0002,273.0,10.0,2.816473766409061e-05,3.6868791765639385e-06,0.0869208069488574,1.2666558904036649e-05,3.0513726537815958e-06,6.78464712406923e-08,0.0024428575447525587,0.0,0.0,2.4897017846685378e-05,4.039329125312635e-06,0.08677156945000883,9.741420717664148e-06,2.3945974739362886e-06,4.451391325056068e-08,0.002264805480106299,0.0,0.0
0.0002,0.0002,0.0002,0.0002,274.0,10.0,2.6918600254920383e-05,3.306371962498105e-06,0.08697463135507935,1.1874202614560096e-05,2.9905085434606065e-06,5.0054245318679604e-08,0.0024456869690973574,0.0,0.0,2.4460527311650406e-05,3.7166759257696173e-06,0.08674605074741436,9.671238686681554e-06,2.3779393674388566e-06,2.0068516721553242e-08,0.0022682194440113218,0.0,0.0
0.0002,0.0002,0.0002,0.0002,275.0,10.0,2.736895877002877e-05,3.38921213008255e-06,0.08700777378516596,1.2235784223024165e-05,2.98516999081802e-06,5.8015268918824435e-08,0.002437726806301129,0.0,0.0,2.4893826914421093e-05,3.665024180786232e-06,0.08704706407748292,1.0125666064193041e-05,2.379112586985744e-06,1.9318058405532624e-08,0.0022420506210591657,0.0,0.0
0.0002,0.0002,0.0002,0.0002,276.0,10.0,2.8862756738190505e-05,4.0653073281932855e-06,0.08700531324566559,1.3008262684076642e-05,3.0114147732579404e-06,7.724077860625862e-08,0.0024306312828699795,0.0,0.0,2.461151867640885e-05,3.7671324912559163e-06,0.0866016510964265,9.612200698410274e-06,2.5328988724312313e-06,3.9121682895906393e-08,0.002253650167592798,0.0,0.0
0.0002,0.0002,0.0002,0.0002,277.0,10.0,2.7231522925411507e-05,3.3946886382909706e-06,0.08705357880431473,1.210283564143063e-05,2.979083735296378e-06,4.9557232408442284e-08,0.002443765825187589,0.0,0.0,2.373939121904268e-05,3.2508695657959637e-06,0.08688526260295953,9.400098962177408e-06,2.37837446604575e-06,2.1522070812177808e-08,0.0022725773395996245,0.0,0.0
0.0002,0.0002,0.0002,0.0002,278.0,10.0,2.7441788771292666e-05,3.4447954299694473e-06,0.08699803593730537,1.223572886120389e-05,3.0019844083265375e-06,5.947679390534209e-08,0.0024383628328288123,0.0,0.0,2.6488036864440585e-05,5.079286909434417e-06,0.0865215623306568,1.0298731538830177e-05,2.429693001988614e-06,2.816936675462171e-08,0.002283654347300581,0.0,0.0
0.0002,0.0002,0.0002,0.0002,279.0,10.0,2.7728063449945215e-05,3.526035822340787e-06,0.08692134899192883,1.2461216641883945e-05,2.9905877869805636e-06,5.8088467232697815e-08,0.0024434664141242753,0.0,0.0,2.6834873880572283e-05,4.804539278848726e-06,0.08679636815324374,1.0737583763320453e-05,2.582462883341338e-06,3.0651435382913067e-08,0.0022847862566972737,0.0,0.0
0.0002,0.0002,0.0002,0.0002,280.0,10.0,2.7508062098019013e-05,3.498717852253369e-06,0.08681376590704545,1.2267013320021972e-05,2.9932418995279743e-06,6.771260010504951e-08,0.0024487362342729474,0.0,0.0,2.884207675492296e-05,6.191136876103943e-06,0.08650283505141117,1.1483573723069381e-05,2.4744691004316085e-06,4.2613707841160424e-08,0.002298038104826191,0.0,0.0
0.0002,0.0002,0.0002,0.0002,281.0,10.0,2.7674347900523802e-05,3.6210143042250693e-06,0.0869606345145707,1.2275320999449068e-05,3.0190506291877397e-06,6.28986711141279e-08,0.002455057378718759,0.0,0.0,2.350110462367225e-05,3.0734580624654243e-06,0.08684440756339103,9.32479275091134e-06,2.3991139709289145e-06,1.929928062343521e-08,0.00227991217879456,0.0,0.0
0.0002,0.0002,0.0002,0.0002,282.0,10.0,2.740101373093779e-05,3.4160033840544917e-06,0.08692665964486562,1.2230829475080564e-05,3.0050819065518683e-06,5.643314988064831e-08,0.00244688210302358,0.0,0.0,2.565342776607146e-05,4.479602535586347e-06,0.08674945017148879,1.014596687418879e-05,2.3251586728680624e-06,2.7754907060068135e-08,0.002269219413760624,0.0,0.0
0.0002,0.0002,0.0002,0.0002,283.0,10.0,2.845274118306921e-05,3.9227134233135545e-06,0.08691339180968684,1.2738624713119297e-05,3.0273996451395105e-06,7.266440693336993e-08,0.0024371992899600288,0.0,0.0,2.4247251345375618e-05,3.4593047858585708e-06,0.08688700023819418,9.650745123996178e-06,2.4280502911077963e-06,2.045153237995841e-08,0.0022590570474062825,0.0,0.0
0.0002,0.0002,0.0002,0.0002,284.0,10.0,2.7306556779469527e-05,3.2942564752599092e-06,0.08688860133293108,1.2210814682173878e-05,3.0612597391067685e-06,5.1365961567206576e-08,0.0024459174986665964,0.0,0.0,2.605398201286369e-05,4.505735399320924e-06,0.08681567719650929,1.0306413825790539e-05,2.531832783600791e-06,2.8432625087863052e-08,0.0022875546142587817,0.0,0.0
0.0002,0.0002,0.0002,0.0002,285.0,10.0,2.8352257410924545e-05,3.709834999325975e-06,0.08691345689323836,1.2760108080222514e-05,3.1153561851660105e-06,7.561257006622141e-08,0.0024473982610581056,0.0,0.0,2.429498091294647e-05,3.428906346340592e-06,0.08689517530396736,9.71314242457291e-06,2.4426421417882633e-06,2.0772690037903908e-08,0.002264434841113442,0.0,0.0
0.0002,0.0002,0.0002,0.0002,286.0,10.0,2.7804636720616797e-05,3.5818369561461085e-06,0.08680358415664793,1.2389184604409834e-05,3.0890132379480662e-06,6.424367791642898e-08,0.0024407943307424443,0.0,0.0,2.476623718821964e-05,3.970989386978349e-06,0.08640859471988513,9.64882290222342e-06,2.470983764004606e-06,3.4582020943902545e-08,0.002268614995077407,0.0,0.0
0.0002,0.0002,0.0002,0.0002,287.0,10.0,2.747511852572926e-05,3.36739673550436e-06,0.08684555125556584,1.2273876457644626e-05,3.0906152977933882e-06,5.86751852034847e-08,0.0024444900004498135,0.0,0.0,2.4300285683984903e-05,3.421599450171346e-06,0.08668513389813447,9.682345770746038e-06,2.506276097593812e-06,2.1551176787785188e-08,0.0022749476405472904,0.0,0.0
0.0002,0.0002,0.0002,0.0002,288.0,10.0,2.8230332451216217e-05,3.797632197471745e-06,0.08680814751439869,1.2582760998413335e-05,3.096606355995015e-06,7.251847323339936e-08,0.0024352714603310005,0.0,0.0,2.4497831297396266e-05,3.416508673165711e-06,0.08672118395773185,9.826841719854309e-06,2.562753556852129e-06,1.9609153719476035e-08,0.002263265136616453,0.0,0.0
0.0002,0.0002,0.0002,0.0002,289.0,10.0,2.777589228681458e-05,3.481504003531914e-06,0.08678676611870782,1.2421437259436326e-05,3.136732907062985e-06,5.754170724462407e-08,0.002437194295770709,0.0,0.0,2.586858718258016e-05,4.014736269775917e-06,0.0867787015118401,1.0500309410770154e-05,2.6423967854578437e-06,3.327477210185544e-08,0.0022575248336535476,0.0,0.0
0.0002,0.0002,0.0002,0.0002,290.0,10.0,2.7810240137594786e-05,3.4260975878721953e-06,0.08686477297989006,1.2546767978657749e-05,3.0934963888254274e-06,5.7401032290614624e-08,0.0024464755180923993,0.0,0.0,2.4700633022305998e-05,3.5915686220848477e-06,0.08656317274050729,9.849361267351358e-06,2.5846211410184896e-06,1.8764839493867564e-08,0.002284014383234264,0.0,0.0
0.0002,0.0002,0.0002,0.0002,291.0,10.0,2.7660927978156065e-05,3.430129592969191e-06,0.08685247882194784,1.2397038593947752e-05,3.0877855104273697e-06,6.072667152572226e-08,0.0024403879714156728,0.0,0.0,2.7049112139447154e-05,4.809613965036333e-06,0.08670508410382023,1.1004968205836883e-05,2.538870060173876e-06,2.5151678055158616e-08,0.0022914647334174713,0.0,0.0
0.0002,0.0002,0.0002,0.0002,292.0,10.0,2.76714882221824e-05,3.4961378756295396e-06,0.08680145666641198,1.2340005152062625e-05,3.091020409715367e-06,6.417936967043604e-08,0.0024374738648155064,0.0,0.0,2.8045340290487056e-05,5.409447266281538e-06,0.08655391262270587,1.1342323585694302e-05,2.594442369809887e-06,4.373613512568736e-08,0.0022840042381827757,0.0,0.0
0.0002,0.0002,0.0002,0.0002,293.0,10.0,2.8744055502732664e-05,3.923806348167312e-06,0.08702910438142537,1.2925668395993224e-05,3.1190961655997534e-06,7.257447171846823e-08,0.002435888511434804,0.0,0.0,2.4899365724566727e-05,3.4608892283012554e-06,0.086802717981454,1.0188541662998171e-05,2.547517555959061e-06,2.2145681717499388e-08,0.0022768637855862714,0.0,0.0
0.0002,0.0002,0.0002,0.0002,294.0,10.0,2.7798871807685614e-05,3.501113665547831e-06,0.08702242464259424,1.2409811349012334e-05,3.133949605704744e-06,5.175504829628963e-08,0.002436565118077695,0.0,0.0,2.5090418505654782e-05,3.909772073954115e-06,0.08676282697998529,9.96825756484311e-06,2.5013959316016196e-06,3.471049032820661e-08,0.0022556077299001514,0.0,0.0
0.0002,0.0002,0.0002,0.0002,295.0,10.0,2.7572942669551064e-05,3.4255874098151805e-06,0.08685688543434336,1.2285535854110411e-05,3.121081084251821e-06,5.504998257049225e-08,0.0024368498970548337,0.0,0.0,2.3949855631931362e-05,3.071717071673677e-06,0.08669766476925682,9.692888201004302e-06,2.498681982397841e-06,1.6801976339269683e-08,0.0022646134838487657,0.0,0.0
0.0002,0.0002,0.0002,0.0002,296.0,10.0,2.8562324498421466e-05,3.6730203642506294e-06,0.08702412065966732,1.29257792214394e-05,3.182427132823634e-06,7.868597108981143e-08,0.0024261622939746146,0.0,0.0,2.482700867693292e-05,3.31271736753334e-06,0.08674897954744451,1.0238790921519334e-05,2.5736785427292563e-06,2.6924308577341752e-08,0.0022570592311781327,0.0,0.0
0.0002,0.0002,0.0002,0.0002,297.0,10.0,2.8144796264416555e-05,3.552722763036309e-06,0.08692754428141514,1.2620669433787286e-05,3.2218358365761457e-06,5.681411066673702e-08,0.0024327724620207616,0.0,0.0,2.5170014035944612e-05,3.7701883242189825e-06,0.08668988981770809,1.0161006826162353e-05,2.5530435798758733e-06,1.6786602173661268e-08,0.002250713515369331,0.0,0.0
0.0002,0.0002,0.0002,0.0002,298.0,10.0,2.7942342821040532e-05,3.380656022058516e-06,0.08680720824012397,1.2623791206116296e-05,3.1989515590053286e-06,5.822335403545067e-08,0.0024332127939302012,0.0,0.0,2.5294361939090005e-05,3.3374393158511216e-06,0.08661340362679175,1.0636611266576042e-05,2.6398858928459835e-06,1.9085415846720573e-08,0.002250639368477036,0.0,0.0
0.0002,0.0002,0.0002,0.0002,299.0,10.0,2.8313213382224957e-05,3.5041292679498136e-06,0.08688076988056997,1.2841344388281892e-05,3.2171011121979714e-06,6.256195987333467e-08,0.0024326864741377337,0.0,0.0,2.4718985634070024e-05,3.236439694371341e-06,0.08685050850611657,1.0129962392462737e-05,2.6302937813871506e-06,3.7239074987048616e-08,0.0022617093352665383,0.0,0.0
0.0002,0.0002,0.0002,0.0002,300.0,10.0,2.7977459364036626e-05,3.6105673077540295e-06,0.08686262160335959,1.245126424738126e-05,3.16159674670454e-06,6.776913220174394e-08,0.0024392475212009312,0.0,0.0,2.4069337319865883e-05,3.075932646884385e-06,0.08676074960858764,9.72559948594227e-06,2.5683395797351362e-06,2.339090542173327e-08,0.0022818892038101815,0.0,0.0
4e-05,4e-05,4e-05,4e-05,301.0,10.0,2.544121862067671e-05,2.7406214926076526e-06,0.0871699595032105,1.1136203278243806e-05,2.8328454037623316e-06,1.455267013372057e-08,0.0024075848103118597,0.0,0.0,2.2152572971639573e-05,2.5081178202344117e-06,0.08697277390008154,8.656868309435123e-06,2.2823039687228665e-06,8.00565777606957e-09,0.002288918405655243,0.0,0.0
4e-05,4e-05,4e-05,4e-05,302.0,10.0,2.5060298448110633e-05,2.6432011263054625e-06,0.08702771444895907,1.093573545595471e-05,2.7667180744047736e-06,1.1872461755160592e-08,0.0024152932532270736,0.0,0.0,2.2128109955912653e-05,2.500949751822606e-06,0.0869043416578877,8.644246966651455e-06,2.2856163281184776e-06,6.8629754551401735e-09,0.0022954137433500747,0.0,0.0
4e-05,4e-05,4e-05,4e-05,303.0,10.0,2.4874050866725477e-05,2.611431977122073e-06,0.08695856527495058,1.080734768750236e-05,2.7480060344180373e-06,1.1408855588489577e-08,0.002419941143199235,0.0,0.0,2.203565471183072e-05,2.4832544856152703e-06,0.08681725094475136,8.58727134475013e-06,2.2767953574794337e-06,6.60866616025655e-09,0.002299668579152866,0.0,0.0
4e-05,4e-05,4e-05,4e-05,304.0,10.0,2.485386855956613e-05,2.6030190491776464e-06,0.08694972246438519,1.0793346626395069e-05,2.7514927355324943e-06,1.1038053725603961e-08,0.002422794880092036,0.0,0.0,2.210981784285502e-05,2.4916503266357624e-06,0.08685668532101753,8.639736856970885e-06,2.2874155977729295e-06,5.346888460631746e-09,0.0023014795512064107,0.0,0.0
4e-05,4e-05,4e-05,4e-05,305.0,10.0,2.4696699568704142e-05,2.5815467757184154e-06,0.08689692797670745,1.0694781128115737e-05,2.72029928126379e-06,1.0379878019794263e-08,0.002423037044489224,0.0,0.0,2.2017311128925865e-05,2.4729120301111785e-06,0.08694428558683726,8.568830684300502e-06,2.274774179427903e-06,6.365903779509043e-09,0.0023041749638940327,0.0,0.0
4e-05,4e-05,4e-05,4e-05,306.0,10.0,2.4605688537176387e-05,2.5633953270639213e-06,0.08691600372994733,1.0636222203279298e-05,2.7043636460396737e-06,1.0107197454231315e-08,0.0024261125379383963,0.0,0.0,2.1983923298337175e-05,2.474189867020129e-06,0.08685351464781382,8.560646607831309e-06,2.2584023799546956e-06,5.333313484809336e-09,0.0023071195545145487,0.0,0.0
4e-05,4e-05,4e-05,4e-05,307.0,10.0,2.4604288970045863e-05,2.5599302360236176e-06,0.08689930540684386,1.0637873341051651e-05,2.7066196572423684e-06,9.935498465112147e-09,0.0024273841450175165,0.0,0.0,2.210359897614162e-05,2.4391700048358385e-06,0.08700029234882045,8.678789586636123e-06,2.280344368960132e-06,5.265834745565606e-09,0.0023097723374420386,0.0,0.0
4e-05,4e-05,4e-05,4e-05,308.0,10.0,2.455976321471516e-05,2.5419126203460826e-06,0.0869439704978277,1.0597943182360605e-05,2.715827054848272e-06,9.683497045833397e-09,0.0024281168040923085,0.0,0.0,2.1993719138477762e-05,2.458342936368914e-06,0.08680894772383581,8.585623349201568e-06,2.2640748630546205e-06,4.783522888061891e-09,0.00230938182566895,0.0,0.0
4e-05,4e-05,4e-05,4e-05,309.0,10.0,2.451913549535421e-05,2.5304931120318516e-06,0.08692436668295221,1.0571043552001597e-05,2.7156104741191055e-06,9.551951979633403e-09,0.0024283251204823227,0.0,0.0,2.2072293265305972e-05,2.4498690275017324e-06,0.08685313100736447,8.656579089726578e-06,2.2758480723778624e-06,4.684156676532276e-09,0.00231339384972482,0.0,0.0
4e-05,4e-05,4e-05,4e-05,310.0,10.0,2.4556198064271794e-05,2.5254471424649085e-06,0.08690011065640155,1.0601188833144985e-05,2.729964273630435e-06,9.587046823111526e-09,0.0024288023786614224,0.0,0.0,2.2116663725915764e-05,2.4501614752870594e-06,0.08683051235948054,8.694307525084384e-06,2.2844041737308483e-06,4.739520536126746e-09,0.0023153377785492418,0.0,0.0
4e-05,4e-05,4e-05,4e-05,311.0,10.0,2.451328853809527e-05,2.5155638215310834e-06,0.08690575641299153,1.0563776857593776e-05,2.7338914652854294e-06,9.481030183191141e-09,0.0024300934948868974,0.0,0.0,2.216908882580944e-05,2.4727060142194045e-06,0.08689347770593571,8.717418324387118e-06,2.2849209428082053e-06,4.6961324963298596e-09,0.002312430344960269,0.0,0.0
4e-05,4e-05,4e-05,4e-05,312.0,10.0,2.448680736912043e-05,2.5035112212292353e-06,0.0868664011763733,1.0571629549576748e-05,2.7156685574456925e-06,9.358169451071601e-09,0.0024301517508359093,0.0,0.0,2.2100662016339e-05,2.4261949162121686e-06,0.0868437632041819,8.69865747518693e-06,2.2865032301673963e-06,4.9304236372201434e-09,0.0023148757917967637,0.0,0.0
4e-05,4e-05,4e-05,4e-05,313.0,10.0,2.4580764795370082e-05,2.5016780392764556e-06,0.08688270562356046,1.0643200759761916e-05,2.7384368812532325e-06,9.178826791706973e-09,0.0024294651321671726,0.0,0.0,2.2210835375322372e-05,2.4361025990247483e-06,0.086902395947788,8.788136691318837e-06,2.291466962426913e-06,4.88981401621011e-09,0.0023125650008308947,0.0,0.0
4e-05,4e-05,4e-05,4e-05,314.0,10.0,2.4517390203396388e-05,2.4919383808688755e-06,0.08688980317612315,1.0616133741080666e-05,2.7110788836373948e-06,9.259153071619932e-09,0.0024296815868186648,0.0,0.0,2.2297334968010496e-05,2.4422953917209265e-06,0.08685904179271117,8.878166675530869e-06,2.286192589881891e-06,4.776384390656245e-09,0.0023144118416938402,0.0,0.0
4e-05,4e-05,4e-05,4e-05,315.0,10.0,2.4488655053952717e-05,2.4905595937306123e-06,0.08690889218950873,1.0607844702769593e-05,2.6901907432236125e-06,9.171019491267571e-09,0.0024304902733719874,0.0,0.0,2.2422566994417227e-05,2.461537374042926e-06,0.08694364047999201,8.963147297986812e-06,2.2987797489708524e-06,4.7388263347982595e-09,0.0023170561025363866,0.0,0.0
4e-05,4e-05,4e-05,4e-05,316.0,10.0,2.4545681109255052e-05,2.484440734480034e-06,0.08694612673018619,1.0665291332635259e-05,2.692256084151508e-06,9.080533202789378e-09,0.002431698068414907,0.0,0.0,2.23821171262917e-05,2.4528010846086446e-06,0.08698509966110275,8.93755923200317e-06,2.288637628704586e-06,4.6093298297758495e-09,0.002316728428450887,0.0,0.0
4e-05,4e-05,4e-05,4e-05,317.0,10.0,2.453728670796902e-05,2.480753625811284e-06,0.08695416619102049,1.064984402568309e-05,2.7019805830107286e-06,9.292127599415932e-09,0.0024307055131608402,0.0,0.0,2.243845291808026e-05,2.4654986884443796e-06,0.0870235689680469,8.972444348928297e-06,2.2933058214081835e-06,4.847413329634321e-09,0.002315014574167586,0.0,0.0
4e-05,4e-05,4e-05,4e-05,318.0,10.0,2.456950111535429e-05,2.4672232694478614e-06,0.0869266933458576,1.0685023348110366e-05,2.715724064786257e-06,8.861274669115897e-09,0.0024300817182763387,0.0,0.0,2.2436791825139247e-05,2.444235790012798e-06,0.08701037824360144,8.978930813411862e-06,2.3078218302322106e-06,4.765827078615131e-09,0.0023171944619449674,0.0,0.0
4e-05,4e-05,4e-05,4e-05,319.0,10.0,2.4526396858208326e-05,2.4686340877213727e-06,0.08695841338542333,1.0652465529887577e-05,2.7003940482207423e-06,9.062070466178049e-09,0.002428504900832684,0.0,0.0,2.254049019237185e-05,2.474402806400982e-06,0.08698949155922991,9.036536046788793e-06,2.326061416037015e-06,4.5410356013718754e-09,0.0023164415110070195,0.0,0.0
4e-05,4e-05,4e-05,4e-05,320.0,10.0,2.456330264646337e-05,2.4636784531549413e-06,0.08697807456218218,1.0668167520905915e-05,2.7244867221700087e-06,9.162721967585708e-09,0.002428993783374585,0.0,0.0,2.2824619166395113e-05,2.4879076693943532e-06,0.087082980232874,9.264079019045425e-06,2.3586270799864353e-06,5.707649112279814e-09,0.002320966148784442,0.0,0.0
4e-05,4e-05,4e-05,4e-05,321.0,10.0,2.4490131906096296e-05,2.453613488433566e-06,0.08695545543911669,1.0610519860626662e-05,2.721253862730998e-06,9.199393946851856e-09,0.0024299313795026877,0.0,0.0,2.2776185558660915e-05,2.4332183509702086e-06,0.08706014327524443,9.27136293513163e-06,2.3604828521959252e-06,5.107324708481906e-09,0.002317376950414123,0.0,0.0
4e-05,4e-05,4e-05,4e-05,322.0,10.0,2.4558159872030522e-05,2.4544314500516416e-06,0.0869894277907465,1.0669615438706734e-05,2.7257017521590097e-06,9.468680690762822e-09,0.002429567518431738,0.0,0.0,2.2985382595403236e-05,2.488131444822376e-06,0.08713461082286901,9.409085658279793e-06,2.3693814080043233e-06,5.3233247045335255e-09,0.002319253713237347,0.0,0.0
4e-05,4e-05,4e-05,4e-05,323.0,10.0,2.463368773729438e-05,2.4522094781164245e-06,0.08700441416399377,1.071953788366323e-05,2.7519686484999153e-06,9.530500095044527e-09,0.002430309230965201,0.0,0.0,2.2966295514741363e-05,2.453409123121686e-06,0.08714413568119689,9.416294827237095e-06,2.3763316738742676e-06,5.846322073129651e-09,0.002321095680366802,0.0,0.0
4e-05,4e-05,4e-05,4e-05,324.0,10.0,2.463511072600781e-05,2.4545891860263306e-06,0.0870051340630361,1.0728100494005656e-05,2.7424428605400032e-06,9.4650135133151e-09,0.002428272033410077,0.0,0.0,2.2974317752096357e-05,2.4839897389129627e-06,0.08712520373011956,9.408202486801513e-06,2.364452537774256e-06,5.153036593355175e-09,0.0023196391917597566,0.0,0.0
4e-05,4e-05,4e-05,4e-05,325.0,10.0,2.469828691572042e-05,2.452983902893068e-06,0.08698397756817501,1.0776006114279184e-05,2.7612945118926455e-06,9.604854986934145e-09,0.0024272842578098256,0.0,0.0,2.3084522531131985e-05,2.495908720872765e-06,0.08714164631073863,9.496660968217908e-06,2.37070493079511e-06,7.083593273656077e-09,0.002318947215864248,0.0,0.0
4e-05,4e-05,4e-05,4e-05,326.0,10.0,2.4755622604773306e-05,2.45560513378974e-06,0.08698696295570597,1.0835030865787938e-05,2.7568253514649056e-06,9.465064074492847e-09,0.0024255550952025453,0.0,0.0,2.3206066260701222e-05,2.5038337681762893e-06,0.08714961270869397,9.586194202709767e-06,2.3943130280423063e-06,6.76417398832445e-09,0.0023181540488706946,0.0,0.0
4e-05,4e-05,4e-05,4e-05,327.0,10.0,2.4717348070942448e-05,2.455197782411177e-06,0.087011653488702,1.0799427491339268e-05,2.7520319920299766e-06,9.525686036058123e-09,0.00242388858179268,0.0,0.0,2.306594183446137e-05,2.502441903369104e-06,0.08704957306694407,9.480262799987466e-06,2.372570934279097e-06,5.709170654111212e-09,0.0023138091317780806,0.0,0.0
4e-05,4e-05,4e-05,4e-05,328.0,10.0,2.4710753686658018e-05,2.4578089219726704e-06,0.08700763162661498,1.0793502451548929e-05,2.749200075564616e-06,9.479354727796214e-09,0.002421820522319079,0.0,0.0,2.334046526673547e-05,2.5359886036425967e-06,0.08716514549350243,9.692806924946522e-06,2.388554163401476e-06,6.6012267378604795e-09,0.002313176118833203,0.0,0.0
4e-05,4e-05,4e-05,4e-05,329.0,10.0,2.469812862330331e-05,2.4471421728518055e-06,0.08702862872924376,1.0792742709285657e-05,2.7457551573671044e-06,9.625932067667182e-09,0.0024215512384002016,0.0,0.0,2.3422688264277914e-05,2.5137220282417212e-06,0.08710662319379694,9.799834276258681e-06,2.3911518990873987e-06,7.3180662360400154e-09,0.0023143901513844314,0.0,0.0
4e-05,4e-05,4e-05,4e-05,330.0,10.0,2.4711695655978424e-05,2.4467217418579916e-06,0.08703524563211486,1.079430973212569e-05,2.757217786446937e-06,9.922090366881834e-09,0.0024187814757553523,0.0,0.0,2.3347880027717533e-05,2.4765608087744734e-06,0.08715611131649116,9.753614704150599e-06,2.3960326156149873e-06,6.0609472657959495e-09,0.002310600253402104,0.0,0.0
4e-05,4e-05,4e-05,4e-05,331.0,10.0,2.4610563786080256e-05,2.4440613546115347e-06,0.08702965072647705,1.0714010498879846e-05,2.739621049522792e-06,9.906032704864317e-09,0.002416741103235763,0.0,0.0,2.3368839868116772e-05,2.4616381918453215e-06,0.08718675552870575,9.791052838791453e-06,2.3912111558929358e-06,6.262393344376156e-09,0.002309310958546725,0.0,0.0
4e-05,4e-05,4e-05,4e-05,332.0,10.0,2.4632133510517346e-05,2.4494095206153915e-06,0.08704478099065953,1.0710077079780419e-05,2.7584576163784746e-06,9.71139781809617e-09,0.0024169060663473555,0.0,0.0,2.3479167214938388e-05,2.490937670662313e-06,0.08728415189007986,9.853053955883857e-06,2.400166324402789e-06,6.594166824268645e-09,0.002312116111809175,0.0,0.0
4e-05,4e-05,4e-05,4e-05,333.0,10.0,2.4632061127111023e-05,2.443904363213314e-06,0.08705095102211209,1.0715170332114974e-05,2.758080101586273e-06,9.811357565528657e-09,0.0024161726783348543,0.0,0.0,2.3439118698327745e-05,2.476104046924293e-06,0.08720894523970396,9.836411073194798e-06,2.3992590398577176e-06,6.450238665373529e-09,0.0023071693689932977,0.0,0.0
4e-05,4e-05,4e-05,4e-05,334.0,10.0,2.4639236209108323e-05,2.447880670560952e-06,0.08702175021058868,1.072013897279221e-05,2.759378762862548e-06,9.66299346354456e-09,0.0024135661022423416,0.0,0.0,2.3472186682603215e-05,2.4822165794667006e-06,0.08721518882624418,9.868630846661489e-06,2.392243767686778e-06,7.576774451213566e-09,0.0023050275139807107,0.0,0.0
4e-05,4e-05,4e-05,4e-05,335.0,10.0,2.4594029133586174e-05,2.450628386593943e-06,0.08709825278262304,1.0685735065044052e-05,2.7381437411002614e-06,9.696894768539074e-09,0.0024129726713768445,0.0,0.0,2.3546633708150172e-05,2.492037503486896e-06,0.08727692758542031,9.916087089635243e-06,2.403886557653045e-06,6.9301257558388e-09,0.002309542988381867,0.0,0.0
4e-05,4e-05,4e-05,4e-05,336.0,10.0,2.458124909298285e-05,2.4359685177027838e-06,0.08707256257374635,1.0689845941518638e-05,2.7381888908493284e-06,9.989733238242384e-09,0.002412505173053809,0.0,0.0,2.3475657456002002e-05,2.4574919227271967e-06,0.08726182041180587,9.87955874846832e-06,2.4065494248331677e-06,5.8754122167262045e-09,0.002308154722778803,0.0,0.0
4e-05,4e-05,4e-05,4e-05,337.0,10.0,2.468924478302391e-05,2.4406469604140632e-06,0.08703544462446178,1.077269619734282e-05,2.762391238939446e-06,9.96620697729137e-09,0.0024110913966567025,0.0,0.0,2.3682673813977197e-05,2.480981820034745e-06,0.08720641095951767,1.006463308473836e-05,2.40892658961422e-06,7.491526613205361e-09,0.002305252139156871,0.0,0.0
4e-05,4e-05,4e-05,4e-05,338.0,10.0,2.4812256807473404e-05,2.452615354590909e-06,0.08707920863090575,1.0874729589903925e-05,2.766897232556797e-06,1.0094063928822617e-08,0.002408829448406399,0.0,0.0,2.3807951192384437e-05,2.5146043651642004e-06,0.08721173590751667,1.0142479760765707e-05,2.4236514324064354e-06,6.042385796633038e-09,0.002302062145037944,0.0,0.0
4e-05,4e-05,4e-05,4e-05,339.0,10.0,2.4679315978363475e-05,2.4439222169325974e-06,0.0871084205837852,1.0751960251123343e-05,2.7629434929876697e-06,9.648172612084371e-09,0.0024093857397748746,0.0,0.0,2.3932369054239938e-05,2.5048074487357676e-06,0.08727920328663295,1.0248987636594858e-05,2.445102554100445e-06,5.551482652277839e-09,0.002301241736456262,0.0,0.0
4e-05,4e-05,4e-05,4e-05,340.0,10.0,2.4831666095481262e-05,2.446394265197639e-06,0.08713740003652844,1.0842118497932553e-05,2.8194755326068327e-06,9.938055974451828e-09,0.002409121438674533,0.0,0.0,2.3879746647495665e-05,2.50472085909681e-06,0.08729001516186242,1.020642632714997e-05,2.4325683805520832e-06,7.029812802614522e-09,0.0023010451915419327,0.0,0.0
4e-05,4e-05,4e-05,4e-05,341.0,10.0,2.475269641630608e-05,2.441674379145927e-06,0.08714250441337629,1.0765809109185302e-05,2.820390297962266e-06,1.0572377222305959e-08,0.0024078662833089473,0.0,0.0,2.3878919227609884e-05,2.487710625321638e-06,0.08730231534857238,1.022467140218015e-05,2.4285625982718078e-06,7.743291098666203e-09,0.002303472663691609,0.0,0.0
4e-05,4e-05,4e-05,4e-05,342.0,10.0,2.488673399544907e-05,2.4422673349537525e-06,0.08718042097248556,1.0873317768609163e-05,2.842691812720962e-06,1.041524501298224e-08,0.002407527540501659,0.0,0.0,2.3990112344152697e-05,2.499972776705114e-06,0.08730744709708699,1.0301958544832846e-05,2.450242627184257e-06,7.193783601875154e-09,0.0023004141818267973,0.0,0.0
4e-05,4e-05,4e-05,4e-05,343.0,10.0,2.4877075522064916e-05,2.4601560570451006e-06,0.08715812194122301,1.0864613796685194e-05,2.826266679546531e-06,1.0226984634625259e-08,0.002405860582121812,0.0,0.0,2.4037246875601675e-05,2.522463439091021e-06,0.0873006178278824,1.0320662995330334e-05,2.4550708704012586e-06,8.988126890206962e-09,0.00229774653399202,0.0,0.0
4e-05,4e-05,4e-05,4e-05,344.0,10.0,2.486871080163891e-05,2.4585219055805903e-06,0.0871827287466064,1.0844239391352077e-05,2.8375339092650133e-06,1.0142931132267325e-08,0.002405465934602192,0.0,0.0,2.4304800812211604e-05,2.5273152813745908e-06,0.08726089357504795,1.0568806557185626e-05,2.47525427616688e-06,7.335361605329004e-09,0.002299042916888932,0.0,0.0
4e-05,4e-05,4e-05,4e-05,345.0,10.0,2.47666437751427e-05,2.4470101327249687e-06,0.08717325870345649,1.0789860261172843e-05,2.802474899505951e-06,9.972741818545194e-09,0.0024040854691691127,0.0,0.0,2.4189759189294003e-05,2.5105059696127787e-06,0.08726638029603397,1.0472363100160405e-05,2.4718255412300004e-06,8.426734361433886e-09,0.0022968988374977737,0.0,0.0
4e-05,4e-05,4e-05,4e-05,346.0,10.0,2.4634548759743804e-05,2.4344806856358345e-06,0.08715469214238797,1.0684079276739647e-05,2.790563083371454e-06,9.95664555352641e-09,0.002400572524845225,0.0,0.0,2.426562627280376e-05,2.5206570079525524e-06,0.08723561447693814,1.0556084815942708e-05,2.4576299856800394e-06,7.693154413397567e-09,0.0022973012502198863,0.0,0.0
4e-05,4e-05,4e-05,4e-05,347.0,10.0,2.4611142157593557e-05,2.453772767068105e-06,0.08715717884797479,1.0654660389638576e-05,2.7768363178249798e-06,1.0155128043891315e-08,0.0024005848241093536,0.0,0.0,2.4148444885792448e-05,2.5181453608377345e-06,0.08729142388876747,1.043496581036801e-05,2.4590905389485258e-06,7.101072635712262e-09,0.0022968708232986162,0.0,0.0
4e-05,4e-05,4e-05,4e-05,348.0,10.0,2.4647460854428017e-05,2.4456290456738182e-06,0.0871913060773337,1.0664736480432371e-05,2.8080842438440734e-06,9.880722103568424e-09,0.002399016430806806,0.0,0.0,2.4371687488389325e-05,2.507553188457476e-06,0.08729595536282318,1.068055946811076e-05,2.44723783690684e-06,6.741673071393157e-09,0.002294190339969671,0.0,0.0
4e-05,4e-05,4e-05,4e-05,349.0,10.0,2.461667329729464e-05,2.4368580049951375e-06,0.0872123279163489,1.0658164207302798e-05,2.790234879751471e-06,1.0183618433041737e-08,0.0023972724452250515,0.0,0.0,2.4187536912945673e-05,2.495899666837274e-06,0.08728635489012543,1.051959480966276e-05,2.437495761346893e-06,5.911545819564215e-09,0.002290178599902735,0.0,0.0
4e-05,4e-05,4e-05,4e-05,350.0,10.0,2.451068479359218e-05,2.439331257042907e-06,0.08720800965555077,1.0555445198298826e-05,2.7849706017638187e-06,1.0137111539864137e-08,0.002395663013554628,0.0,0.0,2.4029222114320205e-05,2.4705318124549877e-06,0.08738419679106313,1.039084503339377e-05,2.423400467089472e-06,6.025342118361175e-09,0.002289448931626331,0.0,0.0
4e-05,4e-05,4e-05,4e-05,351.0,10.0,2.4623849423290936e-05,2.441806511841199e-06,0.08723670276900376,1.0639262412375999e-05,2.8087116533791596e-06,1.0398794788818555e-08,0.002394256820564979,0.0,0.0,2.457624550421491e-05,2.5508528103201036e-06,0.08736979891787763,1.081675479167879e-05,2.4660862467309097e-06,5.572103237102274e-09,0.0022928410924320146,0.0,0.0
4e-05,4e-05,4e-05,4e-05,352.0,10.0,2.45316998518968e-05,2.445856908478121e-06,0.08728649903405077,1.0540233873002154e-05,2.806668539635267e-06,1.0290857177102393e-08,0.0023944924162714208,0.0,0.0,2.4412733415424884e-05,2.5136316558600935e-06,0.08743413143298205,1.070041603085622e-05,2.4499819646062296e-06,5.290907991620924e-09,0.0022872130972233355,0.0,0.0
4e-05,4e-05,4e-05,4e-05,353.0,10.0,2.4516201478466798e-05,2.4314846629318976e-06,0.08726138317173791,1.0543893920020995e-05,2.8044529693175636e-06,1.0231825314253314e-08,0.0023928396903902774,0.0,0.0,2.4507829423005505e-05,2.5338641227576503e-06,0.0873703425266751,1.0770752841354432e-05,2.459675642273025e-06,6.502801579026072e-09,0.0022892292361758057,0.0,0.0
4e-05,4e-05,4e-05,4e-05,354.0,10.0,2.4588396525515763e-05,2.440276383566038e-06,0.08726949290039634,1.060170848858342e-05,2.8088914155644824e-06,1.0571139704487892e-08,0.0023905930719696714,0.0,0.0,2.445884413907331e-05,2.494253398817252e-06,0.08754549497757816,1.0735668489426339e-05,2.467150360375476e-06,7.222755482517491e-09,0.0022865848939633802,0.0,0.0
4e-05,4e-05,4e-05,4e-05,355.0,10.0,2.452510708864093e-05,2.4317403669705444e-06,0.0872785114288227,1.0550201063050953e-05,2.8047300796517507e-06,1.0584686976661097e-08,0.002388390545425331,0.0,0.0,2.466406231587668e-05,2.500390940497058e-06,0.08748875246431588,1.0948357164445898e-05,2.4580696950700455e-06,8.36947824386281e-09,0.002285125385808749,0.0,0.0
4e-05,4e-05,4e-05,4e-05,356.0,10.0,2.4613553413995538e-05,2.443600471702917e-06,0.08730918215873262,1.0604922515577887e-05,2.8235050462827748e-06,1.060732744353438e-08,0.00238556655138471,0.0,0.0,2.4459002608297212e-05,2.472825729213186e-06,0.08749689192714163,1.0784997780288356e-05,2.44346810213567e-06,8.022091515483074e-09,0.0022837267858282404,0.0,0.0
4e-05,4e-05,4e-05,4e-05,357.0,10.0,2.4465280942340515e-05,2.4337861767516843e-06,0.08735749753791952,1.0460804980343894e-05,2.824611051445801e-06,1.0329260037973837e-08,0.0023863236070305557,0.0,0.0,2.4635108256223935e-05,2.511988046695906e-06,0.0875463789154914,1.090129549858899e-05,2.4606499171314306e-06,6.5369268214503135e-09,0.0022847316595226218,0.0,0.0
4e-05,4e-05,4e-05,4e-05,358.0,10.0,2.4538783569045177e-05,2.4350435599942262e-06,0.08733865278427484,1.053198422862827e-05,2.8271276920639786e-06,1.076310272466839e-08,0.002385897578762692,0.0,0.0,2.4912444104173237e-05,2.5593770085009442e-06,0.08750882925253013,1.1114205819276919e-05,2.4813326090335166e-06,6.645907542860211e-09,0.0022829049270903,0.0,0.0
4e-05,4e-05,4e-05,4e-05,359.0,10.0,2.453498020051454e-05,2.425486417797303e-06,0.08737129458751006,1.0533900712984594e-05,2.8279846969269313e-06,1.0479287902423148e-08,0.002384789268723705,0.0,0.0,2.463256141929573e-05,2.501144130745406e-06,0.08759800138461137,1.0917037159555656e-05,2.4465338987272745e-06,8.046082092021108e-09,0.0022844886157506994,0.0,0.0
4e-05,4e-05,4e-05,4e-05,360.0,10.0,2.442731142838211e-05,2.4249336731968694e-06,0.08731392484079487,1.0442453311151353e-05,2.817710667861198e-06,1.0821583606642987e-08,0.0023822017873979936,0.0,0.0,2.4616475334416375e-05,2.459439856607523e-06,0.08753595627509186,1.0934867206032981e-05,2.4611174159461775e-06,7.45531810834505e-09,0.0022821877357972124,0.0,0.0
4e-05,4e-05,4e-05,4e-05,361.0,10.0,2.442072864286364e-05,2.4326978604695505e-06,0.08733329906645491,1.043284247007401e-05,2.8107999231482186e-06,1.105881412894969e-08,0.00238128244479991,0.0,0.0,2.464940528634889e-05,2.4835283544536816e-06,0.08757163785320665,1.0942065402636922e-05,2.458598059713125e-06,8.050014611075832e-09,0.002281666068669576,0.0,0.0
4e-05,4e-05,4e-05,4e-05,362.0,10.0,2.439923179081433e-05,2.4254014377137067e-06,0.08735069314470258,1.0416492650556429e-05,2.8116752813171767e-06,1.0593323741938887e-08,0.0023810126532207983,0.0,0.0,2.4987502432894365e-05,2.5170244668380483e-06,0.08760346830613061,1.1237611218609525e-05,2.464715312078681e-06,7.804927589271973e-09,0.0022847912810858868,0.0,0.0
4e-05,4e-05,4e-05,4e-05,363.0,10.0,2.4324340180047285e-05,2.4405833971974923e-06,0.08737854153728508,1.0357467196235098e-05,2.7777082517786914e-06,1.0727425932467693e-08,0.0023795646525743746,0.0,0.0,2.494862744138857e-05,2.520974739847941e-06,0.08756885257353007,1.1211658974543344e-05,2.450324853599092e-06,8.783755815741117e-09,0.002282731113375316,0.0,0.0
4e-05,4e-05,4e-05,4e-05,364.0,10.0,2.4232487604355602e-05,2.4246490952257003e-06,0.0873813624899931,1.0286826284868751e-05,2.7723566716980796e-06,1.05195404549156e-08,0.002377565521788634,0.0,0.0,2.4596216465816002e-05,2.4606051828851348e-06,0.08766670816394284,1.0934674824694131e-05,2.4270909058814017e-06,7.174913045085546e-09,0.0022783106987309806,0.0,0.0
4e-05,4e-05,4e-05,4e-05,365.0,10.0,2.423384560098693e-05,2.425542947876433e-06,0.08739794552260191,1.0288271132212902e-05,2.7694621776508748e-06,1.0775046060957702e-08,0.002375854315159081,0.0,0.0,2.4989395956804888e-05,2.4731355152247156e-06,0.08772306721721966,1.126265267021311e-05,2.472348131397987e-06,8.95325381384646e-09,0.002277005196768133,0.0,0.0
4e-05,4e-05,4e-05,4e-05,366.0,10.0,2.4109366883730474e-05,2.417263818564307e-06,0.08734744098287538,1.0187265057904654e-05,2.759501808867616e-06,1.059236394823526e-08,0.002376522552200379,0.0,0.0,2.497086348223571e-05,2.534347746171938e-06,0.08755481848976604,1.1211020638094669e-05,2.460999431726321e-06,9.014086403100744e-09,0.0022803020226901277,0.0,0.0
4e-05,4e-05,4e-05,4e-05,367.0,10.0,2.420227974024329e-05,2.42229452559114e-06,0.08740827407485542,1.02664615726644e-05,2.7618795973659222e-06,1.0816877817855886e-08,0.0023746986503318805,0.0,0.0,2.4569126892331174e-05,2.4564280527078197e-06,0.08765650120367229,1.0900934758451498e-05,2.440101941525902e-06,6.012273073860209e-09,0.0022754796428580133,0.0,0.0
4e-05,4e-05,4e-05,4e-05,368.0,10.0,2.430791829673998e-05,2.429160376097858e-06,0.0874516517467287,1.0355218099046024e-05,2.7671769749596164e-06,1.1197982603382604e-08,0.002371837051698974,0.0,0.0,2.533417470460342e-05,2.4794899969605983e-06,0.08772428929290145,1.1615983905332831e-05,2.4565522013407546e-06,9.719959222734611e-09,0.0022772353550960605,0.0,0.0
4e-05,4e-05,4e-05,4e-05,369.0,10.0,2.4359996773976047e-05,2.4496440081062855e-06,0.08748006635848123,1.0406087443058867e-05,2.74526884198417e-06,1.0990001202849076e-08,0.0023708987800657856,0.0,0.0,2.516919415322081e-05,2.5157051645235943e-06,0.08785387425067928,1.1397953913087002e-05,2.458621436519959e-06,1.1526526252501088e-08,0.002272783319391697,0.0,0.0
4e-05,4e-05,4e-05,4e-05,370.0,10.0,2.420239580022811e-05,2.4224801517867596e-06,0.08750232765081523,1.0279948772557166e-05,2.7387772723173338e-06,1.0957070772424266e-08,0.0023715482783565186,0.0,0.0,2.4774276303152786e-05,2.470737785861715e-06,0.08772348594500531,1.1093622653464625e-05,2.4278111021638663e-06,9.756532304859879e-09,0.002279126181212418,0.0,0.0
4e-05,4e-05,4e-05,4e-05,371.0,10.0,2.4123641176198607e-05,2.439158837129962e-06,0.08748267502649616,1.021269853720806e-05,2.7123921549498007e-06,1.112434436949107e-08,0.002370048847854184,0.0,0.0,2.4800135947126054e-05,2.4941688697030554e-06,0.08772688799869643,1.1120931223596492e-05,2.4044925692753205e-06,7.854756777337208e-09,0.0022757479278080707,0.0,0.0
4e-05,4e-05,4e-05,4e-05,372.0,10.0,2.411558733477496e-05,2.4192333598163526e-06,0.08748298733223006,1.0200319447175728e-05,2.736813685031474e-06,1.092234388494421e-08,0.002369708745684733,0.0,0.0,2.5503535105530205e-05,2.4936597761099374e-06,0.08771011669021164,1.1785362473337608e-05,2.4443487387711795e-06,9.152740202039e-09,0.0022772749137474953,0.0,0.0
4e-05,4e-05,4e-05,4e-05,373.0,10.0,2.4053571910786888e-05,2.424018877379899e-06,0.08750288699196893,1.0163028536274615e-05,2.704895140979117e-06,1.1340896954478405e-08,0.002367001688889967,0.0,0.0,2.4915103680679976e-05,2.4630000712573323e-06,0.08786260818733889,1.1232917431320653e-05,2.421198326735513e-06,1.1727431796144223e-08,0.0022691754426059528,0.0,0.0
4e-05,4e-05,4e-05,4e-05,374.0,10.0,2.4358994697671252e-05,2.445492352558231e-06,0.08757002578878167,1.0430104266577807e-05,2.7148945995356052e-06,1.1501137665532066e-08,0.002364293429911489,0.0,0.0,2.5161854568741988e-05,2.4847257545812134e-06,0.08774678184808744,1.1493149512304365e-05,2.4010443563213947e-06,8.257134356498033e-09,0.0022745858467019655,0.0,0.0
4e-05,4e-05,4e-05,4e-05,375.0,10.0,2.4173910541535187e-05,2.4366049588104874e-06,0.08752799625318933,1.0262520213610634e-05,2.7106949073916934e-06,1.1291049827940918e-08,0.0023651830047020433,0.0,0.0,2.4440045173115387e-05,2.4308398476643253e-06,0.0878955730362747,1.0840934618803577e-05,2.3716042792416516e-06,7.1093802986128154e-09,0.002269418474696061,0.0,0.0
4e-05,4e-05,4e-05,4e-05,376.0,10.0,2.4129848363424516e-05,2.4326125105544196e-06,0.08760990746413279,1.0215697043070097e-05,2.709463774897081e-06,1.1084631398019956e-08,0.0023635603428725786,0.0,0.0,2.5288416833428877e-05,2.4994736840132952e-06,0.0878086838239617,1.1593171736176467e-05,2.4057548019773788e-06,9.14859779320859e-09,0.0022761101885231463,0.0,0.0
4e-05,4e-05,4e-05,4e-05,377.0,10.0,2.405264629089956e-05,2.4212181702415974e-06,0.08759156973878915,1.0156510878890264e-05,2.704450679491013e-06,1.1309800954197015e-08,0.0023635491061227056,0.0,0.0,2.4816310567695527e-05,2.4583414769288863e-06,0.08793169244556691,1.1133035642360232e-05,2.4210196913253197e-06,1.0744723201138016e-08,0.002264152697100591,0.0,0.0
4e-05,4e-05,4e-05,4e-05,378.0,10.0,2.4210758155147356e-05,2.4347287106216217e-06,0.08764621825115287,1.0281918193087001e-05,2.717808819045279e-06,1.1680745658417166e-08,0.002361559659723222,0.0,0.0,2.509742671621107e-05,2.4553001596900827e-06,0.08794086542509007,1.1440715599910554e-05,2.3990596837428644e-06,8.26477941832116e-09,0.0022709625297802852,0.0,0.0
4e-05,4e-05,4e-05,4e-05,379.0,10.0,2.4019475922406138e-05,2.4063245138714843e-06,0.08761838911444006,1.0120595098919896e-05,2.719550570433964e-06,1.1167051308293098e-08,0.002361745817071019,0.0,0.0,2.462730132049706e-05,2.426050122452718e-06,0.0879971130805857,1.0988260548006786e-05,2.4050359602008098e-06,8.243783708728874e-09,0.002267300929136213,0.0,0.0
4e-05,4e-05,4e-05,4e-05,380.0,10.0,2.4148195499588943e-05,2.448355986873617e-06,0.08770280702101031,1.0227062683433851e-05,2.6907836748782444e-06,1.171266384767606e-08,0.002357357830523234,0.0,0.0,2.5237403407782133e-05,2.471815473355746e-06,0.08796849070845178,1.1542707839659345e-05,2.418024792933752e-06,8.00650594343444e-09,0.0022696795080591856,0.0,0.0
4e-05,4e-05,4e-05,4e-05,381.0,10.0,2.417303552729801e-05,2.4253077142859174e-06,0.08759484475649645,1.0293007143523868e-05,2.683547411848288e-06,1.1689007562452152e-08,0.0023576810905486826,0.0,0.0,2.4844465666149654e-05,2.471681300857951e-06,0.08787442565892395,1.1173621879421124e-05,2.400892691884138e-06,1.0827289007694237e-08,0.0022612677828270206,0.0,0.0
4e-05,4e-05,4e-05,4e-05,382.0,10.0,2.379246019907815e-05,2.401925117626902e-06,0.08763278133784613,9.948893799305607e-06,2.66728020378523e-06,1.108318388940239e-08,0.002357648132783352,0.0,0.0,2.5210677588119447e-05,2.4392329023738427e-06,0.08786403599185515,1.1585224362194183e-05,2.3915038073507896e-06,8.313042698659956e-09,0.0022667122055747414,0.0,0.0
4e-05,4e-05,4e-05,4e-05,383.0,10.0,2.3939499487011985e-05,2.406580037637525e-06,0.08763722400830665,1.0087961307217616e-05,2.6699758126356743e-06,1.1260196387576139e-08,0.0023571698353346974,0.0,0.0,2.4899531982715844e-05,2.430688685475062e-06,0.08794012923554154,1.1264298610940922e-05,2.401636873532392e-06,8.895108326959012e-09,0.0022654292321921837,0.0,0.0
4e-05,4e-05,4e-05,4e-05,384.0,10.0,2.3851296917341736e-05,2.4159337662012964e-06,0.08768361304703474,1.0023822967037396e-05,2.6312204722556253e-06,1.195857984527688e-08,0.002356988415075744,0.0,0.0,2.474012001877599e-05,2.4678670964377494e-06,0.0878857803695342,1.110242106154439e-05,2.37253850673133e-06,8.715520663495179e-09,0.0022679251154633334,0.0,0.0
4e-05,4e-05,4e-05,4e-05,385.0,10.0,2.3867933943056684e-05,2.4081459457747526e-06,0.08766277479567071,1.0054310985686125e-05,2.6277149820780987e-06,1.1484716018540822e-08,0.0023579408957616834,0.0,0.0,2.486556073173173e-05,2.5027570983564768e-06,0.08790441442629045,1.1175729001820794e-05,2.3882663319311687e-06,8.367086413184656e-09,0.0022613378499463767,0.0,0.0
4e-05,4e-05,4e-05,4e-05,386.0,10.0,2.3685113245925517e-05,2.4022792840174346e-06,0.08765309423885251,9.885863200210669e-06,2.619970055391257e-06,1.1691599550416974e-08,0.0023556362680273945,0.0,0.0,2.5339420405691846e-05,2.5196118848533775e-06,0.08779271715240082,1.1659783441264846e-05,2.3739438523781817e-06,6.809694206446046e-09,0.0022664299528001707,0.0,0.0
4e-05,4e-05,4e-05,4e-05,387.0,10.0,2.3863290504381786e-05,2.401473989239969e-06,0.08765996656214083,1.0044619189581556e-05,2.6396353289402e-06,1.1565543753419017e-08,0.002356051249125541,0.0,0.0,2.4510987327079842e-05,2.435608594704022e-06,0.08783791894834347,1.0913386469065262e-05,2.3704886551087845e-06,7.711811881125209e-09,0.002260524433937607,0.0,0.0
4e-05,4e-05,4e-05,4e-05,388.0,10.0,2.381174205317236e-05,2.42208350989809e-06,0.08768314974694613,9.980111293729572e-06,2.6293315167620073e-06,1.190099700441061e-08,0.002355857805520073,0.0,0.0,2.582620021662148e-05,2.487468310678086e-06,0.08777272128935092,1.215087756698072e-05,2.4009970821183883e-06,9.585297357070107e-09,0.0022667078998191187,0.0,0.0
4e-05,4e-05,4e-05,4e-05,389.0,10.0,2.4023210299741045e-05,2.4273124762061017e-06,0.08762084765107238,1.0200142389972342e-05,2.6216868520361674e-06,1.1984040759536427e-08,0.0023542282721143704,0.0,0.0,2.4985410192259105e-05,2.4705163644199796e-06,0.08793006747136066,1.1312338098665903e-05,2.4024994669554564e-06,7.049804312791911e-09,0.0022588613492220797,0.0,0.0
4e-05,4e-05,4e-05,4e-05,390.0,10.0,2.3921659431694448e-05,2.420605061391209e-06,0.08778967922019346,1.0083831972577414e-05,2.6261172609605337e-06,1.213748894210089e-08,0.002354704887592594,0.0,0.0,2.5015382404480643e-05,2.4536627926807083e-06,0.08785417351136983,1.140614977266586e-05,2.3623575379712453e-06,7.794991133154241e-09,0.002264886389963432,0.0,0.0
4e-05,4e-05,4e-05,4e-05,391.0,10.0,2.366604431259651e-05,2.3946209833897663e-06,0.08766932106363255,9.887828316357404e-06,2.6053893837642433e-06,1.1273832941581228e-08,0.0023557032147774977,0.0,0.0,2.4927268175463228e-05,2.459857899238408e-06,0.08794298701014074,1.1258483713293329e-05,2.407222331521631e-06,7.405761829233997e-09,0.002261836393124015,0.0,0.0
4e-05,4e-05,4e-05,4e-05,392.0,10.0,2.3744856734705994e-05,2.395456351607826e-06,0.08775202036773343,9.9456300067048e-06,2.6166914902835715e-06,1.1877093652378188e-08,0.002355592646579592,0.0,0.0,2.50048850103387e-05,2.4131760998542626e-06,0.08793767923199182,1.1419137228568587e-05,2.3704996119236326e-06,8.304180913843806e-09,0.0022666999441007586,0.0,0.0
4e-05,4e-05,4e-05,4e-05,393.0,10.0,2.3644412009538854e-05,2.40199532469232e-06,0.08767436868396553,9.874701099435046e-06,2.5888065830572344e-06,1.1472337898078705e-08,0.002354006254533093,0.0,0.0,2.489193058649749e-05,2.4405108053706437e-06,0.08791580448204259,1.1267434180862278e-05,2.383896591713672e-06,8.508910217711196e-09,0.0022623056866499275,0.0,0.0
4e-05,4e-05,4e-05,4e-05,394.0,10.0,2.3405162346703064e-05,2.3918850103309916e-06,0.08769588492226489,9.650326210630029e-06,2.5816074000445537e-06,1.175547624567582e-08,0.0023562224131383532,0.0,0.0,2.5098051583129755e-05,2.4778076500882526e-06,0.08781275864703432,1.1456344888715663e-05,2.3723489971161014e-06,1.0274626151038982e-08,0.002263980274729972,0.0,0.0
4e-05,4e-05,4e-05,4e-05,395.0,10.0,2.347887451139606e-05,2.38615594776915e-06,0.08769067842490681,9.724163723474272e-06,2.5872217410928517e-06,1.2265557782423884e-08,0.002355490190480298,0.0,0.0,2.530871151535003e-05,2.4547211600997878e-06,0.08789362193803886,1.1663832809072465e-05,2.392795554129536e-06,7.999960696967364e-09,0.002261480220648296,0.0,0.0
4e-05,4e-05,4e-05,4e-05,396.0,10.0,2.3582492956563565e-05,2.3874388340086375e-06,0.08773248716200684,9.819872010331517e-06,2.58934906038212e-06,1.2584478018864333e-08,0.0023540617251430955,0.0,0.0,2.5387739332123527e-05,2.500661884161333e-06,0.08783867666465602,1.1699827596864128e-05,2.394607213584054e-06,8.775101173186788e-09,0.002262897260574089,0.0,0.0
4e-05,4e-05,4e-05,4e-05,397.0,10.0,2.35822364818583e-05,2.3977440036975265e-06,0.08772407145178307,9.837392426474106e-06,2.56201954134293e-06,1.2673545302196418e-08,0.0023557849443521374,0.0,0.0,2.4815817804095516e-05,2.483091031872611e-06,0.08777709398096407,1.1221371183263032e-05,2.324126203526975e-06,9.520355625723488e-09,0.0022619725092214286,0.0,0.0
4e-05,4e-05,4e-05,4e-05,398.0,10.0,2.360012747929554e-05,2.4152037052893867e-06,0.08772729140671921,9.82755863100425e-06,2.572211756564608e-06,1.2424430564072562e-08,0.0023542860687038236,0.0,0.0,2.483866064470188e-05,2.4460454830587344e-06,0.08790876463725905,1.1265422372681255e-05,2.3264773379559897e-06,9.839260359178422e-09,0.0022661354002836047,0.0,0.0
4e-05,4e-05,4e-05,4e-05,399.0,10.0,2.3217281958748943e-05,2.385913254214232e-06,0.08764910630960074,9.52907573222693e-06,2.524832779250653e-06,1.2549792704304855e-08,0.002354277398933652,0.0,0.0,2.482214874950895e-05,2.4219389101855184e-06,0.08784241693345733,1.1251081881533744e-05,2.3552834071937357e-06,9.603041225728225e-09,0.0022614597315516543,0.0,0.0
4e-05,4e-05,4e-05,4e-05,400.0,10.0,2.34498055094691e-05,2.3899486978551735e-06,0.08771920515862963,9.719920756019172e-06,2.5554250215738307e-06,1.2590741972537639e-08,0.0023561825275466223,0.0,0.0,2.5502801590185624e-05,2.484235647870135e-06,0.08783215116773922,1.1840526858176258e-05,2.3853672732156654e-06,9.456691866338113e-09,0.002266973011746719,0.0,0.0
4e-05,4e-05,4e-05,4e-05,401.0,10.0,2.3674556471151873e-05,2.4177003974927112e-06,0.08775267573063192,9.942000970996132e-06,2.5252850268369205e-06,1.4302776211526865e-08,0.0023542427395757404,0.0,0.0,2.4738522266318933e-05,2.4451645607309556e-06,0.08785398709217157,1.111716788105463e-05,2.380247071946927e-06,1.054428656038141e-08,0.0022578847559916572,0.0,0.0
4e-05,4e-05,4e-05,4e-05,402.0,10.0,2.3673304144828604e-05,2.417679870835297e-06,0.08781697965770173,9.898655850929413e-06,2.5617257943890348e-06,1.3544853093888643e-08,0.002355027951295918,0.0,0.0,2.5134142082650617e-05,2.3957049288929395e-06,0.08788645563962963,1.1571094748722624e-05,2.3695472690854404e-06,9.149640937249555e-09,0.0022663314219332174,0.0,0.0
4e-05,4e-05,4e-05,4e-05,403.0,10.0,2.342919825934174e-05,2.3951233456048968e-06,0.08773830920962582,9.7109893160088e-06,2.535613558512259e-06,1.3641256817623685e-08,0.0023541827716696273,0.0,0.0,2.446418142533409e-05,2.4312198697189036e-06,0.08781511401016406,1.09099251554735e-05,2.3305919036406946e-06,1.0933520389709001e-08,0.002260371838425605,0.0,0.0
4e-05,4e-05,4e-05,4e-05,404.0,10.0,2.326402740845794e-05,2.39098935500334e-06,0.08777245900506078,9.537731574706391e-06,2.5447878371817347e-06,1.3272955557705966e-08,0.002353320483943734,0.0,0.0,2.5123998689652335e-05,2.401943157379581e-06,0.08800630817982565,1.1520191746825996e-05,2.3922115460243e-06,9.021759932732527e-09,0.0022610626215675915,0.0,0.0
4e-05,4e-05,4e-05,4e-05,405.0,10.0,2.3323489607903394e-05,2.37993951111896e-06,0.08774975799624844,9.636498716247553e-06,2.5185631274195965e-06,1.3512788383236217e-08,0.0023505299649888133,0.0,0.0,2.4729508742679816e-05,2.4293463904894035e-06,0.08791401304278819,1.1170301206872193e-05,2.3286458675241297e-06,9.814261415855467e-09,0.002260535247672259,0.0,0.0
4e-05,4e-05,4e-05,4e-05,406.0,10.0,2.342554277782858e-05,2.3989107102126634e-06,0.08774653781590916,9.69529351719968e-06,2.542750742119633e-06,1.393429988144876e-08,0.002350567014626451,0.0,0.0,2.4458649614206508e-05,2.4154267503130363e-06,0.08796930741067577,1.0921599412746803e-05,2.3120047194444512e-06,1.2688349376175656e-08,0.002257014640887303,0.0,0.0
4e-05,4e-05,4e-05,4e-05,407.0,10.0,2.353103058338585e-05,2.4168693645138952e-06,0.08778109584222146,9.790529859539682e-06,2.531323169786972e-06,1.4198729486613103e-08,0.002351124540882222,0.0,0.0,2.4684270019892757e-05,2.4415271098399062e-06,0.08798905464604652,1.1096532345538221e-05,2.3389967661936502e-06,8.30834844060579e-09,0.0022591370714596347,0.0,0.0
4e-05,4e-05,4e-05,4e-05,408.0,10.0,2.3080235213658246e-05,2.377413841408664e-06,0.08777393312882618,9.397263205204353e-06,2.5145858592322383e-06,1.357918959397733e-08,0.0023507376594069916,0.0,0.0,2.4732574743730706e-05,2.423518689894336e-06,0.0879468023777008,1.1158741964881077e-05,2.346211819428255e-06,9.422054294019867e-09,0.002258547165617991,0.0,0.0
4e-05,4e-05,4e-05,4e-05,409.0,10.0,2.322594811423157e-05,2.369871174528462e-06,0.08783087094513209,9.528839673062566e-06,2.53033471279284e-06,1.381570475784157e-08,0.002351064879584778,0.0,0.0,2.484350945677884e-05,2.4091470367518886e-06,0.08802042664334848,1.128499720488778e-05,2.336338184643433e-06,1.0984664727224555e-08,0.0022565969938708784,0.0,0.0
4e-05,4e-05,4e-05,4e-05,410.0,10.0,2.327620888072702e-05,2.37249742382336e-06,0.0877733014718997,9.562382466284206e-06,2.5495090082738123e-06,1.4490045412036733e-08,0.0023485803124097754,0.0,0.0,2.4268092432201946e-05,2.3926801265358704e-06,0.08790239170967089,1.0764209000815402e-05,2.309265405389354e-06,1.1698760917324353e-08,0.0022536887292618052,0.0,0.0
4e-05,4e-05,4e-05,4e-05,411.0,10.0,2.3402452833623935e-05,2.3850621841982013e-06,0.08776104148507605,9.689959033070944e-06,2.5372636842587917e-06,1.4063981387191654e-08,0.0023465078388581044,0.0,0.0,2.47022578644876e-05,2.4169830605740155e-06,0.08799852760811579,1.11369196839361e-05,2.338077451865028e-06,1.0425185592923179e-08,0.0022552547598528355,0.0,0.0
4e-05,4e-05,4e-05,4e-05,412.0,10.0,2.3368719287418873e-05,2.3871029938589593e-06,0.08782639339514307,9.663854457351938e-06,2.5203549645417527e-06,1.4767748739345742e-08,0.0023499527607355733,0.0,0.0,2.5072115296132382e-05,2.455234432569297e-06,0.08800407169083822,1.1450704600675891e-05,2.356050674473819e-06,9.71863768700486e-09,0.002256833426138728,0.0,0.0
4e-05,4e-05,4e-05,4e-05,413.0,10.0,2.3076182536123292e-05,2.367077918756115e-06,0.08778467482574587,9.411640387561813e-06,2.505673345579887e-06,1.33236353038294e-08,0.002347817092390096,0.0,0.0,2.472807751272327e-05,2.433375757281185e-06,0.08801137666285656,1.1174618690924898e-05,2.3082506058201022e-06,1.0694935490082996e-08,0.0022580823172238303,0.0,0.0
4e-05,4e-05,4e-05,4e-05,414.0,10.0,2.31538364180814e-05,2.3838492325270292e-06,0.08786755344771813,9.42631926143075e-06,2.54234384641736e-06,1.456895897307522e-08,0.002346963344928186,0.0,0.0,2.472717296516915e-05,2.38813062711969e-06,0.08803306901537424,1.122153251747392e-05,2.3002792343018335e-06,1.392378540032367e-08,0.0022532191340228266,0.0,0.0
4e-05,4e-05,4e-05,4e-05,415.0,10.0,2.3075492121820107e-05,2.361506365366469e-06,0.08781600903306794,9.39191728641718e-06,2.5269525181995487e-06,1.351525905055365e-08,0.002346298227305576,0.0,0.0,2.4676141881478214e-05,2.3866769312278466e-06,0.08803925982911694,1.1155203704772491e-05,2.3195519535470277e-06,1.0783428271044525e-08,0.002256737462048351,0.0,0.0
4e-05,4e-05,4e-05,4e-05,416.0,10.0,2.3117047544349512e-05,2.376977205288297e-06,0.0878049161709101,9.419369759374362e-06,2.5259030331775357e-06,1.4306108736224523e-08,0.0023459913711961176,0.0,0.0,2.4906459701417505e-05,2.4213750439261823e-06,0.08800611129372178,1.1352396917310282e-05,2.3199766018404883e-06,1.2100360049589615e-08,0.0022537975356943106,0.0,0.0
4e-05,4e-05,4e-05,4e-05,417.0,10.0,2.3574000493269388e-05,2.3920697410105292e-06,0.08789032934189925,9.825821790043386e-06,2.551558885829489e-06,1.5517355809980212e-08,0.0023454688860748553,0.0,0.0,2.5215697463876352e-05,2.4635125345440558e-06,0.08814362629887142,1.1569201875462722e-05,2.3603690587276204e-06,8.251364684944745e-09,0.0022559185443078666,0.0,0.0
4e-05,4e-05,4e-05,4e-05,418.0,10.0,2.303544680295955e-05,2.368171502742334e-06,0.08784605181554332,9.363511945287307e-06,2.5045902474425332e-06,1.45681074476516e-08,0.0023464282497078167,0.0,0.0,2.4640280927090734e-05,2.3959948653399553e-06,0.08795906451231056,1.1146029641943588e-05,2.2925992112928964e-06,9.75101513413345e-09,0.0022567045571972137,0.0,0.0
4e-05,4e-05,4e-05,4e-05,419.0,10.0,2.3058733552767173e-05,2.3741591206373326e-06,0.08782820369161665,9.387355664309436e-06,2.4998496468066478e-06,1.4548979634901783e-08,0.002342821938968813,0.0,0.0,2.4479400632733996e-05,2.381830621834839e-06,0.08809679793032808,1.1004978275383002e-05,2.27415301451063e-06,8.75952378836068e-09,0.002251914479998569,0.0,0.0
4e-05,4e-05,4e-05,4e-05,420.0,10.0,2.3384798403371938e-05,2.380422185148197e-06,0.0877936544882279,9.696087953365597e-06,2.514780436146657e-06,1.4142638392420018e-08,0.002343559023391833,0.0,0.0,2.473881144786961e-05,2.3904221434727536e-06,0.08819519006566605,1.1193040892211839e-05,2.321129477762091e-06,1.4700154914176005e-08,0.0022540311973580644,0.0,0.0
4e-05,4e-05,4e-05,4e-05,421.0,10.0,2.3406027884762603e-05,2.3948513047606065e-06,0.08790181647925899,9.692185063891284e-06,2.514461250783213e-06,1.43488794609245e-08,0.002347282931284684,0.0,0.0,2.4961537891767467e-05,2.4346876809658293e-06,0.08823819559028817,1.1352096769306944e-05,2.3407426460849034e-06,1.0191291025233932e-08,0.002257560334284387,0.0,0.0
4e-05,4e-05,4e-05,4e-05,422.0,10.0,2.3185542930960917e-05,2.3639058332470264e-06,0.08792143763085727,9.475921018619274e-06,2.539054646616299e-06,1.4517893857944821e-08,0.002348550611720061,0.0,0.0,2.465442907387712e-05,2.394193982040492e-06,0.08803079919212829,1.1147329732165918e-05,2.302570169952168e-06,7.255430205114453e-09,0.0022555519097603883,0.0,0.0
4e-05,4e-05,4e-05,4e-05,423.0,10.0,2.3403494449818433e-05,2.3937284799583696e-06,0.0877836892794231,9.715245381627231e-06,2.5015450190171304e-06,1.4606802246563073e-08,0.0023429746034200356,0.0,0.0,2.4468181184768937e-05,2.373845759912851e-06,0.08804921125251941,1.0969932792355318e-05,2.3092150688946738e-06,1.0266609922834873e-08,0.0022537808335196083,0.0,0.0
4e-05,4e-05,4e-05,4e-05,424.0,10.0,2.3362634195403906e-05,2.4066616172560167e-06,0.08782341930353031,9.646555380985283e-06,2.5115667497390208e-06,1.550869034315957e-08,0.002344370749969607,0.0,0.0,2.5151704120078924e-05,2.4439658915593457e-06,0.08807448581325142,1.1541380867220456e-05,2.3505154101577116e-06,8.39350829209473e-09,0.0022587119033689058,0.0,0.0
4e-05,4e-05,4e-05,4e-05,425.0,10.0,2.301245887585262e-05,2.376649588350406e-06,0.08787909663318283,9.337023997148614e-06,2.4963118757650005e-06,1.4563918223874834e-08,0.002347261374793406,0.0,0.0,2.50779405058449e-05,2.4174547987965107e-06,0.08817108787570445,1.1509661684436858e-05,2.3252519261685688e-06,8.463509610177855e-09,0.0022580191041068997,0.0,0.0
4e-05,4e-05,4e-05,4e-05,426.0,10.0,2.303986310896122e-05,2.3592374089069524e-06,0.08782283058268515,9.417403345009371e-06,2.466564895203118e-06,1.4374641036618334e-08,0.002344990864141309,0.0,0.0,2.469563549683066e-05,2.385747315529317e-06,0.08811134419639217,1.1173166146653183e-05,2.3113349467165913e-06,1.4252882896982617e-08,0.002252213923167115,0.0,0.0
4e-05,4e-05,4e-05,4e-05,427.0,10.0,2.3381394689920976e-05,2.373064088868996e-06,0.08786403652734294,9.68630709728753e-06,2.521026597205706e-06,1.4593469002813292e-08,0.0023445799648528294,0.0,0.0,2.4736542057178093e-05,2.4048414290399262e-06,0.0881665107958457,1.1204584525865571e-05,2.301560051703991e-06,8.905329418137364e-09,0.0022557457400627667,0.0,0.0
4e-05,4e-05,4e-05,4e-05,428.0,10.0,2.3259502386627042e-05,2.3842044580006927e-06,0.0878423494978516,9.556213003373406e-06,2.520676271900072e-06,1.4173924857538554e-08,0.0023423490270455837,0.0,0.0,2.459305191519215e-05,2.3760255512145588e-06,0.08813027952472231,1.1112537015103255e-05,2.280255037658837e-06,1.1206458555433777e-08,0.00225086397109521,0.0,0.0
4e-05,4e-05,4e-05,4e-05,429.0,10.0,2.3009035199851568e-05,2.365457821332123e-06,0.0878596433232152,9.346599252197479e-06,2.4970405041294007e-06,1.3973535232161711e-08,0.002341181777502387,0.0,0.0,2.4872018628758555e-05,2.3689127334257457e-06,0.08821703877725404,1.1345904292101575e-05,2.3226561280269656e-06,1.2841854687674996e-08,0.002249857496992269,0.0,0.0
4e-05,4e-05,4e-05,4e-05,430.0,10.0,2.328805773868933e-05,2.3873249217687414e-06,0.08787096194273482,9.59480382033123e-06,2.504350079516673e-06,1.4482957313238987e-08,0.002342580316042334,0.0,0.0,2.470774327565019e-05,2.4220328745204855e-06,0.08820871289523002,1.1163541185893985e-05,2.2912112188452762e-06,1.0086830674061332e-08,0.002252946268995921,0.0,0.0
4e-05,4e-05,4e-05,4e-05,431.0,10.0,2.33104982581297e-05,2.3626543174871723e-06,0.08784461355664021,9.604956180563096e-06,2.5442719535769118e-06,1.4154653093717e-08,0.0023414464709450985,0.0,0.0,2.463305235131818e-05,2.360714988376253e-06,0.08820534507811688,1.1156627170980141e-05,2.28481550692058e-06,1.0360409957087608e-08,0.0022504002050815672,0.0,0.0
4e-05,4e-05,4e-05,4e-05,432.0,10.0,2.2971892012671122e-05,2.3663716299489884e-06,0.08785834790551261,9.314116328619185e-06,2.4912429470957304e-06,1.4326474131664629e-08,0.0023431342424889384,0.0,0.0,2.4693176487508468e-05,2.3424521774126284e-06,0.08818561913748514,1.1240191676158048e-05,2.2820131755924224e-06,9.957542343155083e-09,0.0022577180685862176,0.0,0.0
4e-05,4e-05,4e-05,4e-05,433.0,10.0,2.3418576451606513e-05,2.3839567779846417e-06,0.08791022737229529,9.72579112186508e-06,2.5025563709154265e-06,1.5249675048307004e-08,0.0023412957707213858,0.0,0.0,2.4903782476307695e-05,2.412208118978493e-06,0.08831742179022528,1.1355668220661517e-05,2.2947332500348473e-06,9.430962994018252e-09,0.0022518434851820286,0.0,0.0
4e-05,4e-05,4e-05,4e-05,434.0,10.0,2.3045573849507728e-05,2.354703685692287e-06,0.08784423924571791,9.373961237912483e-06,2.518784869745696e-06,1.3700441678340212e-08,0.0023450980216070715,0.0,0.0,2.458071514511836e-05,2.378036072649401e-06,0.08817181138121959,1.1077212700944376e-05,2.2979417114867694e-06,1.0343711621947e-08,0.002254963893150092,0.0,0.0
4e-05,4e-05,4e-05,4e-05,435.0,10.0,2.304781404573077e-05,2.351474314767257e-06,0.0878410542797918,9.372951225068161e-06,2.5242298214301695e-06,1.5053453731749743e-08,0.002345609679125441,0.0,0.0,2.5289423360830095e-05,2.418157324840001e-06,0.08813897071722057,1.1730841760164716e-05,2.315783021295769e-06,1.0744367748446514e-08,0.0022584169093603237,0.0,0.0
4e-05,4e-05,4e-05,4e-05,436.0,10.0,2.3173327013014107e-05,2.367259628284942e-06,0.08787012358467343,9.502160868636237e-06,2.5025056622021298e-06,1.4388733284571315e-08,0.0023459410214640842,0.0,0.0,2.4710661290269054e-05,2.3866704707470993e-06,0.0881385922071018,1.1218550949159111e-05,2.28113258596583e-06,1.0448278256421637e-08,0.0022581511545301156,0.0,0.0
4e-05,4e-05,4e-05,4e-05,437.0,10.0,2.3149614830470862e-05,2.3818804891126955e-06,0.08784984423653697,9.453345963168265e-06,2.5147315743370113e-06,1.4672573358424056e-08,0.002342495249092204,0.0,0.0,2.4951727704269285e-05,2.3642675092988236e-06,0.08829691047074473,1.1446683308009867e-05,2.298716604562273e-06,1.236952424993735e-08,0.0022526808932204455,0.0,0.0
4e-05,4e-05,4e-05,4e-05,438.0,10.0,2.3166019189060075e-05,2.3743584180214293e-06,0.0879582341616803,9.47003032019521e-06,2.5104746254629625e-06,1.5332685860436762e-08,0.0023408987073629314,0.0,0.0,2.4938497165255054e-05,2.382049983538573e-06,0.08825967350014353,1.1404800323473717e-05,2.3135173879001513e-06,1.2162464189182968e-08,0.002253430939414845,0.0,0.0
4e-05,4e-05,4e-05,4e-05,439.0,10.0,2.3019975981512097e-05,2.3489043574973126e-06,0.08797649113473299,9.326590812905167e-06,2.531679360870191e-06,1.515260334876041e-08,0.0023429017170954972,0.0,0.0,2.5580463534739485e-05,2.3991294663662198e-06,0.08842495550436957,1.1996657626239785e-05,2.3302303180802778e-06,1.1950831647626292e-08,0.002255706539116542,0.0,0.0
4e-05,4e-05,4e-05,4e-05,440.0,10.0,2.2943623059878702e-05,2.353027080250326e-06,0.08790751633260661,9.295012133054684e-06,2.48965874880426e-06,1.5173649446099055e-08,0.0023396432733628183,0.0,0.0,2.4939913229623473e-05,2.4178914699401994e-06,0.08821265378831579,1.1401052683090381e-05,2.2890246481545226e-06,1.0679414747375794e-08,0.0022503584325249118,0.0,0.0
4e-05,4e-05,4e-05,4e-05,441.0,10.0,2.3391488935404303e-05,2.372291450309386e-06,0.08797483420256731,9.663223382707638e-06,2.5428361884755713e-06,1.5654735274803864e-08,0.002339935635344908,0.0,0.0,2.5458929413084867e-05,2.420973666841595e-06,0.08838789309391101,1.1881912940754151e-05,2.302866193537666e-06,1.4387621831333042e-08,0.002250585564860114,0.0,0.0
4e-05,4e-05,4e-05,4e-05,442.0,10.0,2.320453587877261e-05,2.380335975683064e-06,0.08796116455084102,9.504881627601016e-06,2.5066984844109834e-06,1.650352099334312e-08,0.002340840299568668,0.0,0.0,2.5173870450832155e-05,2.4770617051138737e-06,0.08818115636861036,1.157051498892536e-05,2.297760177726043e-06,1.041817941719902e-08,0.0022536627525321907,0.0,0.0
4e-05,4e-05,4e-05,4e-05,443.0,10.0,2.287986877537542e-05,2.3438014558860763e-06,0.08793562366833567,9.220277128819324e-06,2.5069400993896283e-06,1.528796764444628e-08,0.0023419190762596588,0.0,0.0,2.5123208209727833e-05,2.385291716117218e-06,0.08823178566760258,1.159416744306903e-05,2.3087072671862636e-06,1.1863391708446225e-08,0.0022534103629060064,0.0,0.0
4e-05,4e-05,4e-05,4e-05,444.0,10.0,2.298134909644766e-05,2.3744439685015027e-06,0.08785671482744101,9.299942821901871e-06,2.505634706680868e-06,1.565633689927905e-08,0.0023407605646107135,0.0,0.0,2.540729177195682e-05,2.429911465605668e-06,0.08829709712196798,1.1820894674893903e-05,2.314762587909383e-06,1.2013603439235595e-08,0.0022522807934975643,0.0,0.0
4e-05,4e-05,4e-05,4e-05,445.0,10.0,2.3282673662126996e-05,2.3811120846745793e-06,0.08785978728499141,9.590038362775038e-06,2.51043125663367e-06,1.5113466000778517e-08,0.002337822837973494,0.0,0.0,2.5228400492816512e-05,2.3909389862597e-06,0.08835080363964952,1.1692476580760725e-05,2.292908579731491e-06,1.6996266398128465e-08,0.0022485874590035333,0.0,0.0
4e-05,4e-05,4e-05,4e-05,446.0,10.0,2.2942807378274247e-05,2.355207421693747e-06,0.0878956323375688,9.306522818182058e-06,2.4760894512042623e-06,1.542476860107816e-08,0.002336936517642269,0.0,0.0,2.4824693606948686e-05,2.376825797192462e-06,0.0882837728026829,1.1306423669765408e-05,2.2999558716871785e-06,1.3111436559302839e-08,0.0022461480363578277,0.0,0.0
4e-05,4e-05,4e-05,4e-05,447.0,10.0,2.2737147784106746e-05,2.338011865408963e-06,0.08802411176986985,9.077414133861574e-06,2.503639762317438e-06,1.567103190304733e-08,0.0023396125727484745,0.0,0.0,2.5088781043840813e-05,2.425396630053731e-06,0.08834379970718008,1.1521783424118078e-05,2.2937367655282496e-06,1.3484517619389082e-08,0.0022518600105182317,0.0,0.0
4e-05,4e-05,4e-05,4e-05,448.0,10.0,2.2672188579324986e-05,2.3391638641558585e-06,0.08802317022224328,9.044474079516292e-06,2.470652028038389e-06,1.558182907861666e-08,0.002336573462890737,0.0,0.0,2.5249983853201106e-05,2.4066084702460944e-06,0.08838374002685184,1.1697758904942788e-05,2.2949630253447374e-06,1.2279701985739518e-08,0.0022499615038103814,0.0,0.0
4e-05,4e-05,4e-05,4e-05,449.0,10.0,2.313330307490709e-05,2.3774359052229217e-06,0.08797747509679359,9.453768822142708e-06,2.4874604606831194e-06,1.689057501782838e-08,0.0023350905085541543,0.0,0.0,2.4560957779449445e-05,2.3895834052558503e-06,0.08827969328754913,1.1087853395181677e-05,2.2429038666384485e-06,1.2648040163844716e-08,0.0022433444351653946,0.0,0.0
4e-05,4e-05,4e-05,4e-05,450.0,10.0,2.3085005861409655e-05,2.38676115032198e-06,0.08798882851856062,9.423044150422524e-06,2.459395868188416e-06,1.6922021244798882e-08,0.002338031699255514,0.0,0.0,2.521231890820506e-05,2.3971955824481642e-06,0.08837025102137694,1.1671510062144873e-05,2.2960786328081244e-06,1.0509793484550221e-08,0.002252550171704312,0.0,0.0
8.000000000000001e-06,8.000000000000001e-06,8.000000000000001e-06,8.000000000000001e-06,451.0,10.0,2.3485092762810128e-05,2.2905806273618362e-06,0.08802545827680795,9.904954087662303e-06,2.4742026691035093e-06,1.2809703301813584e-08,0.002332393991369498,0.0,0.0,2.443306657621012e-05,2.332134778251542e-06,0.08832291523993634,1.1007833993941974e-05,2.2549782805838725e-06,5.82838814197292e-09,0.002231981013144228,0.0,0.0
8.000000000000001e-06,8.000000000000001e-06,8.000000000000001e-06,8.000000000000001e-06,452.0,10.0,2.2803269351271147e-05,2.2618348805029012e-06,0.08796189561055966,9.31782552947707e-06,2.417249166934719e-06,1.0170365736789592e-08,0.002329564923946573,0.0,0.0,2.4537625416694774e-05,2.341391559466218e-06,0.08824438047450306,1.111306090745759e-05,2.2526012563870197e-06,6.133826056072695e-09,0.0022324438603227525,0.0,0.0
8.000000000000001e-06,8.000000000000001e-06,8.000000000000001e-06,8.000000000000001e-06,453.0,10.0,2.262807586395868e-05,2.263016639510346e-06,0.08791695366009833,9.151589165960431e-06,2.4118240023428586e-06,9.950953700665633e-09,0.0023310465040282838,0.0,0.0,2.4535136935338385e-05,2.3429817303093553e-06,0.08821585403181689,1.1114114681181004e-05,2.250046192652421e-06,6.409010366628539e-09,0.0022332474575651917,0.0,0.0
8.000000000000001e-06,8.000000000000001e-06,8.000000000000001e-06,8.000000000000001e-06,454.0,10.0,2.2490303566294362e-05,2.2652736281093793e-06,0.08789889884147686,9.016939719976023e-06,2.4082239366820094e-06,9.976642317376102e-09,0.0023312147495733477,0.0,0.0,2.4538812234898654e-05,2.3240018020490056e-06,0.08821372592428564,1.1133005494892471e-05,2.2533029198463805e-06,7.129571273994267e-09,0.002234800073808014,0.0,0.0
8.000000000000001e-06,8.000000000000001e-06,8.000000000000001e-06,8.000000000000001e-06,455.0,10.0,2.236741024563136e-05,2.2593506860209966e-06,0.08789116120190962,8.90399643840598e-06,2.4048016902328322e-06,1.0145470424412896e-08,0.0023320161864970124,0.0,0.0,2.4579183143778273e-05,2.3372010173890922e-06,0.088209928345309,1.1159109007753913e-05,2.2546268933032005e-06,7.253661654410644e-09,0.002235093361466066,0.0,0.0
8.000000000000001e-06,8.000000000000001e-06,8.000000000000001e-06,8.000000000000001e-06,456.0,10.0,2.2294404822662602e-05,2.2605296950482157e-06,0.08788931023626646,8.837010291982698e-06,2.3978993438758844e-06,1.003466586402049e-08,0.002333166758521012,0.0,0.0,2.4461628977232692e-05,2.3317353637400808e-06,0.08821923422359677,1.1055701395985612e-05,2.2443958093493066e-06,7.873368075153434e-09,0.0022364294883121566,0.0,0.0
8.000000000000001e-06,8.000000000000001e-06,8.000000000000001e-06,8.000000000000001e-06,457.0,10.0,2.2228645024734774e-05,2.2517257553315066e-06,0.08789673920231067,8.78621532137643e-06,2.3908469026441712e-06,1.0183227685014565e-08,0.002334305896768629,0.0,0.0,2.457049803269659e-05,2.340419310810163e-06,0.08823384996825849,1.1141798896030815e-05,2.256793249544847e-06,8.101882681852328e-09,0.002238227889927871,0.0,0.0
8.000000000000001e-06,8.000000000000001e-06,8.000000000000001e-06,8.000000000000001e-06,458.0,10.0,2.2177630615960778e-05,2.2499123522659643e-06,0.08790316460909982,8.743584587005137e-06,2.383468435557498e-06,1.034910322931873e-08,0.0023350503100142907,0.0,0.0,2.4584007871554354e-05,2.3440742887498444e-06,0.0882385698723958,1.1150512248653861e-05,2.257093943928503e-06,8.4705967038733e-09,0.0022399314283635015,0.0,0.0
8.000000000000001e-06,8.000000000000001e-06,8.000000000000001e-06,8.000000000000001e-06,459.0,10.0,2.212653144201525e-05,2.2533137766626505e-06,0.08791242431890398,8.693582136830556e-06,2.377913224788197e-06,1.0480058193241004e-08,0.002336227458881754,0.0,0.0,2.4647205630927606e-05,2.34346430772606e-06,0.08826725473659673,1.1211934065810294e-05,2.2559040886092707e-06,9.178089207517303e-09,0.0022401256526249965,0.0,0.0
8.000000000000001e-06,8.000000000000001e-06,8.000000000000001e-06,8.000000000000001e-06,460.0,10.0,2.2064338759890345e-05,2.2529631409422932e-06,0.08793148230393501,8.636066237351414e-06,2.3714555075307434e-06,1.0705868625531574e-08,0.0023369655704991604,0.0,0.0,2.466482781774081e-05,2.3243603907909427e-06,0.08826355924862066,1.1247222130783283e-05,2.257629941300326e-06,9.25959667726433e-09,0.0022420327067955246,0.0,0.0
8.000000000000001e-06,8.000000000000001e-06,8.000000000000001e-06,8.000000000000001e-06,461.0,10.0,2.2031509805011496e-05,2.2456564413213285e-06,0.08793303613669674,8.612938322744077e-06,2.368879894731391e-06,1.0731852020840808e-08,0.0023372883862590116,0.0,0.0,2.4647720109107e-05,2.3173540999293553e-06,0.08827462212334042,1.123924943433638e-05,2.2539282651398062e-06,9.726303793124625e-09,0.00224111870915716,0.0,0.0
8.000000000000001e-06,8.000000000000001e-06,8.000000000000001e-06,8.000000000000001e-06,462.0,10.0,2.19769409334194e-05,2.2426258543793453e-06,0.08793464475530578,8.567891239183719e-06,2.362179901726823e-06,1.077970474925047e-08,0.0023377638659669536,0.0,0.0,2.465849857487628e-05,2.3186236581549153e-06,0.08827150383622588,1.1248156112410423e-05,2.255039444913913e-06,9.529073754595136e-09,0.002244012698991978,0.0,0.0
8.000000000000001e-06,8.000000000000001e-06,8.000000000000001e-06,8.000000000000001e-06,463.0,10.0,2.1952441853141626e-05,2.2467808992882234e-06,0.08794457689424745,8.546252813539703e-06,2.3541427321918767e-06,1.0807959003904911e-08,0.0023387981796714813,0.0,0.0,2.4735212036043728e-05,2.335203793773843e-06,0.08830923507164094,1.130493095155493e-05,2.254235837306696e-06,9.918125584178728e-09,0.0022447411765289657,0.0,0.0
8.000000000000001e-06,8.000000000000001e-06,8.000000000000001e-06,8.000000000000001e-06,464.0,10.0,2.1945577540086553e-05,2.2370670930237132e-06,0.0879533623880101,8.552532880867432e-06,2.349703052832309e-06,1.0938479599949778e-08,0.002339494097629206,0.0,0.0,2.4776892009915084e-05,2.3293157148466835e-06,0.08828706387108172,1.1352208348217608e-05,2.2563866166321914e-06,1.0275035462992786e-08,0.0022444914378689854,0.0,0.0
8.000000000000001e-06,8.000000000000001e-06,8.000000000000001e-06,8.000000000000001e-06,465.0,10.0,2.1878206026256232e-05,2.236677870023431e-06,0.08794294974105883,8.495941733765907e-06,2.340426865751804e-06,1.0864860555951789e-08,0.0023396767336564366,0.0,0.0,2.483187630516497e-05,2.3477771260945467e-06,0.08828697191183955,1.13855314738836e-05,2.259095790374129e-06,1.0775050763206757e-08,0.0022450303425206753,0.0,0.0
8.000000000000001e-06,8.000000000000001e-06,8.000000000000001e-06,8.000000000000001e-06,466.0,10.0,2.1880214494009262e-05,2.2408022861793726e-06,0.08796769786778147,8.49267882009846e-06,2.338912297058586e-06,1.1051422115702116e-08,0.0023405498632741726,0.0,0.0,2.4745565947168586e-05,2.321161829707128e-06,0.08833279424575786,1.1328333744289021e-05,2.252071227549591e-06,1.0719847631636794e-08,0.0022472850482904427,0.0,0.0
8.000000000000001e-06,8.000000000000001e-06,8.000000000000001e-06,8.000000000000001e-06,467.0,10.0,2.1863012661692672e-05,2.240763170561665e-06,0.08799136290657524,8.476854768950844e-06,2.335051625439895e-06,1.1206977477899994e-08,0.0023409529789086407,0.0,0.0,2.4767860126441746e-05,2.3192466911357542e-06,0.08834498710801444,1.1350629572611396e-05,2.252484500643922e-06,1.100096030879457e-08,0.002248009366698718,0.0,0.0
8.000000000000001e-06,8.000000000000001e-06,8.000000000000001e-06,8.000000000000001e-06,468.0,10.0,2.1815137185268743e-05,2.235420035092129e-06,0.08801007579293309,8.435755578478636e-06,2.331727520820098e-06,1.1226659682497931e-08,0.002341804054034999,0.0,0.0,2.480639552710228e-05,2.327476192970837e-06,0.08835009413297613,1.137506593329874e-05,2.257139286659995e-06,1.1705155792726349e-08,0.0022481829894764613,0.0,0.0
8.000000000000001e-06,8.000000000000001e-06,8.000000000000001e-06,8.000000000000001e-06,469.0,10.0,2.1770287677830586e-05,2.2339287740132276e-06,0.08801367968672637,8.398018754591543e-06,2.3255671783952416e-06,1.1405271556691085e-08,0.00234260218618613,0.0,0.0,2.4725191220272555e-05,2.3181300885191573e-06,0.08837350037683665,1.1312233520150123e-05,2.245824699284553e-06,1.1653110199977337e-08,0.002248207756534064,0.0,0.0
8.000000000000001e-06,8.000000000000001e-06,8.000000000000001e-06,8.000000000000001e-06,470.0,10.0,2.176480105902646e-05,2.232872714833557e-06,0.08802832248116173,8.393897585258722e-06,2.3236784998438167e-06,1.1520156553602493e-08,0.002343136171799084,0.0,0.0,2.4721244434970287e-05,2.321194118735941e-06,0.08836962256877068,1.1303457806559475e-05,2.247658580729563e-06,1.1972014881186481e-08,0.0022495558201802643,0.0,0.0
8.000000000000001e-06,8.000000000000001e-06,8.000000000000001e-06,8.000000000000001e-06,471.0,10.0,2.1718709907387295e-05,2.226092567613618e-06,0.08801927684639574,8.358315355499345e-06,2.320827806633431e-06,1.1546692670971943e-08,0.0023438621113441426,0.0,0.0,2.47127625534694e-05,2.3273874751457476e-06,0.0883537542500298,1.1295993258610095e-05,2.2419617077708012e-06,1.2044935672467977e-08,0.002250067969046172,0.0,0.0
8.000000000000001e-06,8.000000000000001e-06,8.000000000000001e-06,8.000000000000001e-06,472.0,10.0,2.1660816565641556e-05,2.226283070111967e-06,0.08801543852687929,8.308202553186305e-06,2.3132507426091295e-06,1.1536631132870309e-08,0.002343681613728736,0.0,0.0,2.4758927472302114e-05,2.3253675830044648e-06,0.08835031832068849,1.1342378202975394e-05,2.24360541471452e-06,1.254466296623127e-08,0.0022500970672371325,0.0,0.0
8.000000000000001e-06,8.000000000000001e-06,8.000000000000001e-06,8.000000000000001e-06,473.0,10.0,2.1659606492190322e-05,2.226798901181808e-06,0.08802206968166998,8.308830445544978e-06,2.310159580880352e-06,1.1610901743079132e-08,0.0023441493858562317,0.0,0.0,2.4782294147239255e-05,2.3367236243282157e-06,0.08836558502438159,1.1355463944296374e-05,2.240887894824512e-06,1.2660300013266419e-08,0.0022524919463192666,0.0,0.0
8.000000000000001e-06,8.000000000000001e-06,8.000000000000001e-06,8.000000000000001e-06,474.0,10.0,2.162137330323538e-05,2.229802371714052e-06,0.0880216962788004,8.272639485854573e-06,2.3053261950301955e-06,1.1435886477258265e-08,0.0023458152466032064,0.0,0.0,2.477765039002658e-05,2.3467368455039266e-06,0.08835875895196592,1.1349760464667e-05,2.232975825104624e-06,1.2301518410607627e-08,0.0022539656946055308,0.0,0.0
8.000000000000001e-06,8.000000000000001e-06,8.000000000000001e-06,8.000000000000001e-06,475.0,10.0,2.1605706933228923e-05,2.221194316338034e-06,0.08802349355985169,8.270577239918862e-06,2.300056890151047e-06,1.1529253500910976e-08,0.0023461159334081374,0.0,0.0,2.4744703928719655e-05,2.3284709870249664e-06,0.0883563408389636,1.1334080782695895e-05,2.233691216716779e-06,1.2827205214191422e-08,0.0022525640210993973,0.0,0.0
8.000000000000001e-06,8.000000000000001e-06,8.000000000000001e-06,8.000000000000001e-06,476.0,10.0,2.162306409105584e-05,2.228005015072279e-06,0.08804724407796262,8.277329606683202e-06,2.30144794653154e-06,1.1557297068253237e-08,0.002346171868308392,0.0,0.0,2.4792357765908142e-05,2.314296746158972e-06,0.08836499067945051,1.139207743906834e-05,2.236694355830561e-06,1.2790233327662583e-08,0.00225421052529222,0.0,0.0
8.000000000000001e-06,8.000000000000001e-06,8.000000000000001e-06,8.000000000000001e-06,477.0,10.0,2.1607959408232335e-05,2.2222326250289323e-06,0.088041961284856,8.27252928870928e-06,2.297346633045138e-06,1.1654922890562593e-08,0.0023469638028789748,0.0,0.0,2.4780397422788553e-05,2.3073020666966545e-06,0.08836717741196544,1.1385605130759661e-05,2.2376969294671285e-06,1.3075639207292088e-08,0.002255139065178105,0.0,0.0
8.000000000000001e-06,8.000000000000001e-06,8.000000000000001e-06,8.000000000000001e-06,478.0,10.0,2.1546468808357227e-05,2.222293096292715e-06,0.08804587389725295,8.217581667296876e-06,2.29030892644721e-06,1.169790328649921e-08,0.0023477560723342474,0.0,0.0,2.4818945949754974e-05,2.3269504381586017e-06,0.08837177547719652,1.1408908984474528e-05,2.2332858530940644e-06,1.2623128615434291e-08,0.002255943643290124,0.0,0.0
8.000000000000001e-06,8.000000000000001e-06,8.000000000000001e-06,8.000000000000001e-06,479.0,10.0,2.1536551754974654e-05,2.210995129940714e-06,0.0880349775608875,8.22174511050651e-06,2.2885152096091105e-06,1.179881842822402e-08,0.0023478182692159527,0.0,0.0,2.477787542859798e-05,2.34193333153441e-06,0.08836481116944118,1.136206709337042e-05,2.2245582282244272e-06,1.2835837380299825e-08,0.0022568212238794584,0.0,0.0
8.000000000000001e-06,8.000000000000001e-06,8.000000000000001e-06,8.000000000000001e-06,480.0,10.0,2.1545739043625e-05,2.223610387035651e-06,0.08803305108518682,8.225888034871034e-06,2.281102488805827e-06,1.1833359072359455e-08,0.0023486367904913875,0.0,0.0,2.4761595998992006e-05,2.3244500149636936e-06,0.08836744857185028,1.136505637075429e-05,2.2221938986234296e-06,1.315107104492329e-08,0.002257663276446113,0.0,0.0
8.000000000000001e-06,8.000000000000001e-06,8.000000000000001e-06,8.000000000000001e-06,481.0,10.0,2.153171533528647e-05,2.2266718367066263e-06,0.0880427919405695,8.212645212305852e-06,2.2762782197197146e-06,1.1841050271678143e-08,0.002348589580806456,0.0,0.0,2.4786545034211166e-05,2.33102847432495e-06,0.08837801096864226,1.1384618051478604e-05,2.2201238101536995e-06,1.297392720284462e-08,0.002258008215044686,0.0,0.0
8.000000000000001e-06,8.000000000000001e-06,8.000000000000001e-06,8.000000000000001e-06,482.0,10.0,2.144758157560856e-05,2.2207036528765303e-06,0.08805476799669665,8.145966798221447e-06,2.2636396049268043e-06,1.1794928670351788e-08,0.002348799657152369,0.0,0.0,2.4779955354863803e-05,2.323272582021314e-06,0.08837473678650741,1.1385016604487732e-05,2.2209137919361115e-06,1.3279034831356973e-08,0.002258812926087696,0.0,0.0
8.000000000000001e-06,8.000000000000001e-06,8.000000000000001e-06,8.000000000000001e-06,483.0,10.0,2.1430321276203595e-05,2.218080528306791e-06,0.0880495172881194,8.1327252223821e-06,2.262710630419456e-06,1.1853393455954846e-08,0.0023495087323149883,0.0,0.0,2.4751577993527992e-05,2.3328556708167156e-06,0.08838686447551919,1.1350150775773771e-05,2.216977747605968e-06,1.2907440624971253e-08,0.0022597841666302416,0.0,0.0
8.000000000000001e-06,8.000000000000001e-06,8.000000000000001e-06,8.000000000000001e-06,484.0,10.0,2.1406460682284944e-05,2.2172449246386565e-06,0.08804741159758876,8.110434180672098e-06,2.262230716552696e-06,1.1809858163011285e-08,0.002349706936153374,0.0,0.0,2.4732704543415738e-05,2.3294447222642733e-06,0.08835903758821191,1.1339050435030299e-05,2.2151131978825843e-06,1.3192497336770391e-08,0.0022599703191608757,0.0,0.0
8.000000000000001e-06,8.000000000000001e-06,8.000000000000001e-06,8.000000000000001e-06,485.0,10.0,2.139889170371147e-05,2.230088489691836e-06,0.08805585955978422,8.096467681395288e-06,2.2548161528033508e-06,1.1933727880594184e-08,0.002350226545170606,0.0,0.0,2.4764579928373944e-05,2.3293609043812277e-06,0.08840129800321321,1.1367353902871941e-05,2.2147758359779284e-06,1.2959744142889377e-08,0.002260923418651454,0.0,0.0
8.000000000000001e-06,8.000000000000001e-06,8.000000000000001e-06,8.000000000000001e-06,486.0,10.0,2.1335049661973273e-05,2.2207264906493807e-06,0.08807173690018966,8.052128189650875e-06,2.2430346517166945e-06,1.1986915114201853e-08,0.0023512715722670517,0.0,0.0,2.4838318737634822e-05,2.3418597910988465e-06,0.08840702182797,1.1426510673039497e-05,2.216316311117919e-06,1.2929808974358522e-08,0.002262564205200408,0.0,0.0
8.000000000000001e-06,8.000000000000001e-06,8.000000000000001e-06,8.000000000000001e-06,487.0,10.0,2.132327485011147e-05,2.214686778491771e-06,0.08806323603265324,8.046427212445601e-06,2.2438073690749395e-06,1.2030046570668087e-08,0.0023518245940822367,0.0,0.0,2.484567734282637e-05,2.3295044412913825e-06,0.0883906666692153,1.1448596652178091e-05,2.2153148207271098e-06,1.3195009922834245e-08,0.002261168410869438,0.0,0.0
8.000000000000001e-06,8.000000000000001e-06,8.000000000000001e-06,8.000000000000001e-06,488.0,10.0,2.1313635447790308e-05,2.220450146601208e-06,0.08807216492790428,8.033047060209439e-06,2.240927455644122e-06,1.1994560524865325e-08,0.0023521898125028213,0.0,0.0,2.4881198045490094e-05,2.318527789467071e-06,0.08841113026888725,1.149432878036473e-05,2.2138191428971558e-06,1.3409537136205739e-08,0.0022627915582816185,0.0,0.0
8.000000000000001e-06,8.000000000000001e-06,8.000000000000001e-06,8.000000000000001e-06,489.0,10.0,2.128426147001495e-05,2.216040909653924e-06,0.08807424509635747,8.01257082296461e-06,2.2362141058907937e-06,1.2011397788975458e-08,0.002352166599902099,0.0,0.0,2.4839688140833887e-05,2.3317898634005365e-06,0.08840420700377659,1.1443065259606892e-05,2.2106508354445444e-06,1.3761794484448303e-08,0.0022623814931654962,0.0,0.0
8.000000000000001e-06,8.000000000000001e-06,8.000000000000001e-06,8.000000000000001e-06,490.0,10.0,2.126075382637147e-05,2.2138107231053687e-06,0.08807804312666967,7.995609425980242e-06,2.231527294667007e-06,1.20023548898225e-08,0.0023525462985636075,0.0,0.0,2.489645544852043e-05,2.3419660564283313e-06,0.08840916517180968,1.1485190120364518e-05,2.2138087063766115e-06,1.4574092994334256e-08,0.0022625787043460614,0.0,0.0
8.000000000000001e-06,8.000000000000001e-06,8.000000000000001e-06,8.000000000000001e-06,491.0,10.0,2.1222130370466387e-05,2.2089167638311185e-06,0.0880718817700186,7.972359636724434e-06,2.2215912357247253e-06,1.2074810146159096e-08,0.00235309698071415,0.0,0.0,2.4863635230742782e-05,2.318817373838932e-06,0.08839889770457489,1.147760075095478e-05,2.213288242845822e-06,1.4039221500832961e-08,0.002263819165592272,0.0,0.0
8.000000000000001e-06,8.000000000000001e-06,8.000000000000001e-06,8.000000000000001e-06,492.0,10.0,2.1202641542784992e-05,2.215171322658894e-06,0.0880764005752254,7.948720141604068e-06,2.2190066374373673e-06,1.210368102968738e-08,0.0023534746338420105,0.0,0.0,2.4799349347502475e-05,2.30123131662408e-06,0.08839444586665572,1.1441213639130569e-05,2.2029835549992437e-06,1.4476668543666699e-08,0.0022641292339751567,0.0,0.0
8.000000000000001e-06,8.000000000000001e-06,8.000000000000001e-06,8.000000000000001e-06,493.0,10.0,2.1184105576446666e-05,2.212837083686266e-06,0.08807645020256044,7.932287027642649e-06,2.2191449123480263e-06,1.2191701108414126e-08,0.002353721998310151,0.0,0.0,2.4815706616007943e-05,2.3118375267718266e-06,0.08841091280989993,1.144837430117927e-05,2.2005100850014103e-06,1.3893569453700766e-08,0.0022646563170335954,0.0,0.0
8.000000000000001e-06,8.000000000000001e-06,8.000000000000001e-06,8.000000000000001e-06,494.0,10.0,2.1142639374951975e-05,2.2092168599374078e-06,0.08807924941996405,7.902315116589852e-06,2.2109949109866084e-06,1.2187815564549162e-08,0.002354226068194754,0.0,0.0,2.48238955269214e-05,2.3089153891365407e-06,0.08841075160408515,1.1462542168108133e-05,2.1968396037076495e-06,1.4523526313925779e-08,0.0022660005615321617,0.0,0.0
8.000000000000001e-06,8.000000000000001e-06,8.000000000000001e-06,8.000000000000001e-06,495.0,10.0,2.1108537234209666e-05,2.203685196615403e-06,0.08808184145322602,7.876318671121194e-06,2.208048503824597e-06,1.2301049388812297e-08,0.002354348135073076,0.0,0.0,2.481730807253166e-05,2.3255704093707018e-06,0.08841298118388365,1.1437224284598346e-05,2.199069661310283e-06,1.4145816089429031e-08,0.002267376083484287,0.0,0.0
8.000000000000001e-06,8.000000000000001e-06,8.000000000000001e-06,8.000000000000001e-06,496.0,10.0,2.1126743249696497e-05,2.2024662519242016e-06,0.08807801786219584,7.896035918761758e-06,2.2079918455264846e-06,1.2447654465971584e-08,0.0023549275466672303,0.0,0.0,2.482605360049668e-05,2.3286693107630214e-06,0.08841011340642883,1.1446419270525948e-05,2.1957336205333254e-06,1.4220452776878472e-08,0.002268512861377795,0.0,0.0
8.000000000000001e-06,8.000000000000001e-06,8.000000000000001e-06,8.000000000000001e-06,497.0,10.0,2.1086715116726043e-05,2.199942460606302e-06,0.08806135129517711,7.862080295746359e-06,2.2061929034521885e-06,1.236448901727908e-08,0.002355600909919697,0.0,0.0,2.4926394730110277e-05,2.33468016950802e-06,0.08839008524034263,1.1531372308385232e-05,2.2066629974416285e-06,1.4670960305123558e-08,0.0022680033602555214,0.0,0.0
8.000000000000001e-06,8.000000000000001e-06,8.000000000000001e-06,8.000000000000001e-06,498.0,10.0,2.1084107395121354e-05,2.2110669907087965e-06,0.08807471644011873,7.856284837909392e-06,2.1968810663254544e-06,1.2403046854428741e-08,0.0023563747997600594,0.0,0.0,2.48744149584753e-05,2.3076082426593616e-06,0.08841483826043284,1.150469136355304e-05,2.205625390999493e-06,1.5006182154633584e-08,0.0022695619394603123,0.0,0.0
8.000000000000001e-06,8.000000000000001e-06,8.000000000000001e-06,8.000000000000001e-06,499.0,10.0,2.103733601760294e-05,2.2096285713678795e-06,0.08807088964836372,7.81418729760151e-06,2.1940057665531642e-06,1.2425608480442783e-08,0.0023565265610892582,0.0,0.0,2.4895638970894436e-05,2.33187360496785e-06,0.08841645336068625,1.1502252602092673e-05,2.2054015580150505e-06,1.4466136121365988e-08,0.0022695755121172455,0.0,0.0
8.000000000000001e-06,8.000000000000001e-06,8.000000000000001e-06,8.000000000000001e-06,500.0,10.0,2.0994893574061756e-05,2.206346071958906e-06,0.08808013688371316,7.784833536276126e-06,2.183167627972724e-06,1.253286426900742e-08,0.002357314794318628,0.0,0.0,2.4918108720409524e-05,2.3281220982485814e-06,0.08841939247293869,1.1528587756409844e-05,2.2051982017904573e-06,1.4261550796137683e-08,0.0022704784652044204,0.0,0.0
